onset	duration	nwb_table	choice.npy	contrastLeft.npy	contrastRight.npy	feedbackType.npy	feedback_times.npy	firstMovement_times.npy	goCueTrigger_times.npy	goCue_times.npy	intervals_bpod.npy	probabilityLeft.npy	response_times.npy	rewardVolume.npy	stimOff_times.npy	stimOn_times.npy	peakAmplitude.npy
0.0324973500000265	0.7640000000000007	BehavioralEpochs															-0.4074197453295172
2.122497350000028	1.7370000000000014	BehavioralEpochs															0.3398912250104927
5.506497350000031	1.8320000000000016	BehavioralEpochs															0.8627672516075928
8.500497350000034	0.41800000000000104	BehavioralEpochs															-0.01713996608844559
9.929497350000036	0.08099999999999952	BehavioralEpochs															0.010198135090596777
12.327497350000037	0.14400000000000013	BehavioralEpochs															0.015044281361056705
16.510497350000044	0.14699999999999847	BehavioralEpochs															0.05008573264207622
16.951497350000043	0.7379999999999995	BehavioralEpochs															0.24649341136266134
23.17849735000005	0.4339999999999975	BehavioralEpochs															0.40191642669547945
23.95749735000005	5.239000000000004	BehavioralEpochs															-9.189655700488574
34.139497350000056	1.0390000000000015	BehavioralEpochs															0.2509800964326505
38.10649735000006	1.9280000000000044	BehavioralEpochs															1.0168183237208348
43.218497350000064	0.08600000000000563	BehavioralEpochs															0.027373633055787217
48.951497350000075	1.4609999999999985	BehavioralEpochs															1.1757788490735521
50.823497350000075	1.0619999999999976	BehavioralEpochs															-1.0937233925043781
83.4224973500001	0.24099999999999966	BehavioralEpochs															0.01943866564196739
94.80849735000011	0.20300000000000296	BehavioralEpochs															0.014528126114938367
107.89549735000013	3.418999999999997	BehavioralEpochs															0.7257647099542037
116.21649735000013	0.1560000000000059	BehavioralEpochs															0.01685260313311332
116.73749735000013	0.39100000000000534	BehavioralEpochs															-0.08765033365081809
127.04549735000015	0.05099999999998772	BehavioralEpochs															0.008889263431992589
139.04949735000014	1.981000000000023	BehavioralEpochs															-0.25301427257056286
156.92249735000016	1.9210000000000207	BehavioralEpochs															-0.8840404666147919
160.48249735000016	0.2990000000000066	BehavioralEpochs															0.10775492314654933
169.3514973500002	0.10599999999999454	BehavioralEpochs															0.024871979385524767
172.96949735000018	0.29400000000001114	BehavioralEpochs															0.044833678531146504
176.0674973500002	0.19299999999998363	BehavioralEpochs															0.049643195465552736
182.1044973500002	0.7369999999999948	BehavioralEpochs															-0.1492711608689632
208.76349735000022	3.633999999999986	BehavioralEpochs															-1.0941997392581584
212.7484973500002	2.548000000000002	BehavioralEpochs															-6.537884475036252
218.11149735000023	0.10199999999997544	BehavioralEpochs															0.016160721454365756
225.85049735000024	1.5339999999999918	BehavioralEpochs															0.651456064357335
232.46749735000023	0.2990000000000066	BehavioralEpochs															-0.08254040769317506
256.28049735000025	4.88900000000001	BehavioralEpochs															-4.7091535450658135
262.2194973500002	0.05900000000002592	BehavioralEpochs															0.007089301217231281
263.19449735000023	0.19499999999999318	BehavioralEpochs															0.017937643565780093
264.2194973500002	0.19200000000000728	BehavioralEpochs															0.020794102846135587
266.15101557026617	6.157244022379302	trials	-1.0		1.0	1.0	270.75235539027074	270.44449735000023	270.2264427226282	270.22724124027025	6.157202999999999	0.5	270.7522462257719	1.5	271.8082497902718	270.22630800027025	
267.2554973500002	0.17500000000001137	BehavioralEpochs															-0.06274397544665788
268.33649735000023	0.15500000000002956	BehavioralEpochs															0.07800555250179286
269.39149735000024	0.22199999999998	BehavioralEpochs															-0.09713856624934536
270.44449735000023	0.46800000000001774	BehavioralEpochs															0.4314343164051948
271.22349735000023	3.1620000000000346	BehavioralEpochs															-6.421113904635842
272.7131592902727	4.3451485469366276	trials	1.0	0.25		1.0	275.4974141702755	274.97349735000023	274.9427831748788	274.94353623027496	10.907202	0.5	275.4972891149641	1.5	276.55827474027654	274.9426696502749	
274.97349735000023	2.598000000000013	BehavioralEpochs															-1.902798106041466
277.53001089027754	2.3460266961250795	trials	-1.0		0.25	1.0	278.3249313902783	278.05449735000025	278.05931646216493	278.0601578702781	13.724902	0.5	278.3248192570565	1.5	279.3759262802794	278.0591913002781	
278.05449735000025	0.8340000000000032	BehavioralEpochs															0.4785692617373485
280.24403946028025	3.698927183389685	trials	-1.0		0.125	1.0	282.37785939028237	282.1634973500002	280.7249426043995	280.7257912802807	17.791802999999998	0.5	282.37775341038883	1.5	283.44288621028346	280.72479138028075	
281.45749735000027	0.2249999999999659	BehavioralEpochs															0.027591795283012033
282.1634973500002	1.3970000000000482	BehavioralEpochs															0.34942974246859393
284.3110660502843	2.780216332568614	trials	-1.0		0.25	1.0	285.5286776102855	285.0314973500003	284.874768956285	284.8757429102849	20.940102	0.5	285.5285723267715	1.5	286.5912713402866	284.8746096902849	
285.0314973500003	0.6229999999999905	BehavioralEpochs															0.3920837216669888
285.93949735000024	1.788000000000011	BehavioralEpochs															1.222021247811437
287.4806823902875	2.762020594175226	trials	-1.0		1.0	1.0	288.6817956002887	288.54049735000024	288.3928882010729	288.3936910802884	24.091503	0.5	288.68169004075145	1.5	289.74258951028975	288.3927245102884	
288.54049735000024	2.1380000000000337	BehavioralEpochs															1.6076346000840793
290.61410235029064	3.8452424615143173	trials	-1.0	0.0625		-1.0	291.9033067502919	291.62849735000026	291.15800793208115	291.15864789029115	28.308103	0.5	291.9024155715091	0.0	293.95926780029396	291.15788130029114	
291.62849735000026	0.6940000000000168	BehavioralEpochs															0.6933344671498496
293.09049735000025	0.7700000000000387	BehavioralEpochs															-0.6254227331414306
294.84604578029484	2.5797306540622458	trials	1.0	1.0		1.0	295.84954542029584	295.72949735000026	295.5580534128372	295.55894115029554	31.274503	0.5	295.8494565366052	1.5	296.9257044602969	295.5579412502956	
295.72949735000026	2.112000000000023	BehavioralEpochs															-0.8490238878584826
297.85637805029785	4.152841492895561	trials	1.0	0.125		1.0	300.44228610030046	300.08349735000024	300.00799799377074	300.0088961103	35.857903	0.5	300.44220201842955	1.5	301.50914607030154	300.0078628803	
298.12149735000025	0.646000000000015	BehavioralEpochs															0.33204758280738744
299.0674973500003	0.39699999999999136	BehavioralEpochs															0.475342509944646
300.08349735000024	0.5870000000000459	BehavioralEpochs															-0.6927702673997693
300.97049735000024	0.10000000000002274	BehavioralEpochs															0.06082074910209201
302.19349735000026	1.2580000000000382	BehavioralEpochs															0.248857879335322
302.43182046030245	3.4593156223177175	trials	-1.0		0.125	1.0	304.3254310803043	303.92649735000026	304.007926211182	304.00882941030403	39.739803	0.5	304.32532736931233	1.5	305.3911245003054	304.007762850304	
303.92649735000026	1.836999999999989	BehavioralEpochs															0.3656830111768343
306.2906345403063	5.6838551763805185	trials	-1.0	0.0625		-1.0	309.3944574603094	308.95749735000027	306.80913939127635	306.8098159503068	45.823102000000006	0.5	309.39356357034484	0.0	311.4744161103115	306.80894937030683	
308.95749735000027	1.8050000000000068	BehavioralEpochs															0.5557899221619174
311.07549735000026	0.299000000000035	BehavioralEpochs															0.10980079386897756
312.3863915703124	4.089116876401306	trials	1.0	0.125		1.0	314.8955073003149	314.82049735000027	314.6088996559023	314.60970255031464	50.324102	0.5	314.8954006982067	1.5	315.97549929031595	314.60873598031463	
312.42149735000027	0.3170000000000073	BehavioralEpochs															0.1686577243812657
313.3934973500003	0.5639999999999645	BehavioralEpochs															0.19035163044631176
314.82049735000027	0.7630000000000337	BehavioralEpochs															-2.03970585603118
316.08749735000026	0.6990000000000123	BehavioralEpochs															-0.29245943647327266
316.8888079503169	3.170041094171893	trials	1.0	0.0625		1.0	318.4892478903185	318.3704973500003	318.0244219551477	318.025327620318	53.907402000000005	0.5	318.48912768607835	1.5	319.5588075903196	318.02426106031805	
317.1134973500003	0.4420000000000073	BehavioralEpochs															0.38660575386541396
318.3704973500003	0.9420000000000073	BehavioralEpochs															-1.352338474565606
319.4634973500003	2.3079999999999927	BehavioralEpochs															-0.720086288923099
320.44935186032046	4.458145833630795	trials	-1.0	0.0625		-1.0	322.34662878032236	322.1074973500003	322.1576686569284	322.15864758032217	58.756002	0.5	322.34577050639393	0.0	324.40742268032443	322.15754769032213	
322.1074973500003	0.6879999999999882	BehavioralEpochs															0.7321955131267543
324.0624973500003	0.714999999999975	BehavioralEpochs															0.8616600500007827
325.3047996003253	2.453716483991002	trials	1.0	0.125		1.0	326.1861114603262	325.9924973500003	325.9256032648541	325.9262707803259	61.60700200000001	0.5	326.1860048019728	1.5	327.25840422032724	325.92543753032595	
325.9924973500003	0.9809999999999945	BehavioralEpochs															-2.892372097951771
327.2514973500003	0.2319999999999709	BehavioralEpochs															0.014418914370970981
328.1373163203281	4.804844062772418	trials	1.0	0.0625		1.0	331.37682567033136	331.1894973500003	330.24083473503947	330.24153921033025	66.790602	0.5	331.3767446790711	1.5	332.44205247033244	330.24067263033027	
328.2584973500003	0.8269999999999982	BehavioralEpochs															0.35547525483984543
330.2274973500003	0.23099999999999454	BehavioralEpochs															-0.062356316055549144
330.5924973500003	0.16899999999998272	BehavioralEpochs															0.005800041962775282
331.1894973500003	1.3170000000000073	BehavioralEpochs															-1.1714038507025606
333.34736193033336	2.6102035668313874	trials	1.0	0.0625		1.0	334.3947571803344	333.9734973500003	334.0408620809337	334.04182581033405	69.806003	0.5	334.3946621577649	1.5	335.4575175603355	334.04065926033405	
333.9734973500003	1.1260000000000332	BehavioralEpochs															-0.8070399597521316
335.9334973500003	0.70799999999997	BehavioralEpochs															-0.8937510301263174
336.3405625803363	4.06805147327583	trials	1.0	0.25		1.0	338.84297898033884	338.7234973500003	338.55868901064457	338.5594406703386	74.257003	0.5	338.8428923970986	1.5	339.9085724103399	338.5585407603386	
336.8394973500003	1.0950000000000273	BehavioralEpochs															-1.023314349016065
338.7234973500003	0.9070000000000391	BehavioralEpochs															-0.8928504552647034
340.8078158103408	3.567436711367179	trials	1.0	0.125		1.0	342.8166149103428	342.6774973500003	342.47423155754467	342.4750490703425	78.223603	0.5	342.8165347922229	1.5	343.8751423803439	342.4740158403425	
340.8904973500003	1.092999999999961	BehavioralEpochs															-0.6226990002827009
342.6774973500003	1.0389999999999873	BehavioralEpochs															-0.9059078263465778
344.1244973500003	0.25799999999998136	BehavioralEpochs															0.04173166173326592
344.7666532203448	6.257033038714553	trials	1.0		0.0	-1.0	348.4653499803485	347.7894973500003	345.34065606775033	345.34136241034537	84.87200200000001	0.5	348.4643715632916	0.0	350.5236108003505	345.34052916034534	
347.7894973500003	1.8799999999999955	BehavioralEpochs															-1.7173245975616638
350.0654973500003	0.6339999999999577	BehavioralEpochs															-0.2827347123024566
351.1354973500003	0.40699999999998226	BehavioralEpochs															-0.03346159209637278
351.43518630035146	2.689925180716898	trials	1.0	0.0625		1.0	352.55310783035253	352.1094973500003	352.25849308921494	352.25930388035226	87.973403	0.5	352.5529955176375	1.5	353.6250672903536	352.25837064035227	
352.1094973500003	1.7830000000000155	BehavioralEpochs															-0.8950110514257119
354.51431169035453	3.24283501632209	trials	1.0	0.25		1.0	356.2020429003562	356.1044973500003	355.94072577325807	355.94160228035594	91.60540300000001	0.5	356.201928352096	1.5	357.25707072035726	355.94053572035597	
354.8834973500003	0.6550000000000296	BehavioralEpochs															-0.9565885361782733
356.1044973500003	0.742999999999995	BehavioralEpochs															-1.0691392987283663
357.5224973500003	0.17500000000001137	BehavioralEpochs															-0.043389086071670135
358.14544854035813	5.461644820440597	trials	1.0		0.125	-1.0	361.05922380036105	359.95649735000035	359.77526161684506	359.7762187803598	97.455302	0.5	361.0579719084206	0.0	363.1070190003631	359.7750855603598	
358.47649735000033	0.7060000000000173	BehavioralEpochs															-0.5288799395895794
359.95649735000035	1.2209999999999468	BehavioralEpochs															-0.3280845990793253
363.0704973500003	1.516999999999996	BehavioralEpochs															-0.9904913655183805
364.017094650364	4.489742646021682	trials	-1.0	0.0		-1.0	365.96949939036597	365.68749735000034	365.1249044327177	365.1258837603651	102.355003	0.5	365.9687118838371	0.0	368.006728980368	365.12475054036514	
365.68749735000034	0.6850000000000023	BehavioralEpochs															0.505096745310297
367.45949735000033	0.6669999999999732	BehavioralEpochs															-1.003016436199779
368.9172379203689	3.3244279386104267	trials	1.0		0.0625	-1.0	369.6904605903697	369.4944973500003	369.42514173047266	369.42578706036943	106.089803	0.5	369.68954371391703	0.0	371.74158879037174	369.4250204703694	
369.4944973500003	0.9190000000000396	BehavioralEpochs															-1.0891244370196844
371.3284973500003	0.5450000000000159	BehavioralEpochs															-0.8857305877588217
372.63776583037264	5.2358354729630605	trials	1.0		0.0	-1.0	375.3320630403753	375.14949735000033	373.9903744776687	373.991063820374	111.72170200000001	0.5	375.3310830488869	0.0	377.3735588703774	373.99023057037397	
372.8354973500003	0.5730000000000359	BehavioralEpochs															-1.0741425826863775
375.14949735000033	0.48500000000001364	BehavioralEpochs															-0.5884392413136936
376.2364973500003	0.7130000000000223	BehavioralEpochs															-0.4103553791411443
378.11549735000034	0.5179999999999723	BehavioralEpochs															-0.4077272781516257
378.27670188037825	4.431446213497736	trials	-1.0		0.0625	1.0	381.15711381038113	381.02349735000035	380.9579286315577	380.95866699038095	116.556202	0.5	381.1570306180413	1.5	382.2080420403822	380.95780041038097	
378.87649735000036	1.2899999999999636	BehavioralEpochs															-2.5463259298028476
381.02349735000035	1.3719999999999573	BehavioralEpochs															1.6389033918023586
383.12575026038314	7.064246586075285	trials	1.0	0.25		1.0	388.64279850038866	388.51849735000036	388.37348338151236	388.3742586903884	124.038002	0.5	388.64268508058205	1.5	389.6899271103897	388.3733587803884	
383.5534973500003	3.01400000000001	BehavioralEpochs															4.949773547295642
386.91249735000036	0.9779999999999518	BehavioralEpochs															0.4232191454633707
388.51849735000036	0.9619999999999891	BehavioralEpochs															-2.8425842031562283
390.65009775039067	6.106448997384973	trials	1.0	0.125		1.0	395.2195407603952	394.95149735000035	391.14150145193395	391.14221520039115	130.604503	0.5	395.21943216931965	1.5	396.25650372039627	391.14134862039117	
394.95149735000035	0.4830000000000041	BehavioralEpochs															-0.47174320768080946
397.1591467803972	6.298659551493472	trials	1.0		0.0625	-1.0	400.91343798040094	400.69749735000033	400.5412776832715	400.5421417804005	137.305702	0.5	400.91218107225353	0.0	402.95776686040296	400.54110855040057	
397.19749735000033	2.7350000000000136	BehavioralEpochs															-0.7904625301608519
400.69749735000033	0.6610000000000014	BehavioralEpochs															-0.6884704986905632
401.74749735000034	0.7580000000000382	BehavioralEpochs															-0.6068593415761612
402.78649735000033	0.5550000000000068	BehavioralEpochs															-0.763072348678314
403.8779081704039	3.2797311239427245	trials	1.0		0.0625	-1.0	404.6130679804046	404.50749735000034	404.4232130126993	404.42408688040445	141.005502	0.5	404.6123146919182	0.0	406.65756351040665	404.42308698040443	
404.50749735000034	0.507000000000005	BehavioralEpochs															-1.2778659864080595
406.22849735000034	0.3990000000000009	BehavioralEpochs															0.7850203649551588
407.55134079040755	3.1063187665473606	trials	1.0		1.0	-1.0	408.1173508504081	408.01949735000034	408.00654310084934	408.007361850408	144.505503	0.5	408.1163436581572	0.0	410.1576134704102	408.006395280408	
408.01949735000034	1.0460000000000491	BehavioralEpochs															-0.9744839599867845
411.04055850041107	5.049151850212638	trials	1.0		0.0625	-1.0	413.52297690041354	413.0224973500004	412.3399713294976	412.34066181041237	149.937502	0.5	413.52208300047124	0.0	415.5896702104156	412.3397619004123	
411.20649735000035	0.7100000000000364	BehavioralEpochs															-1.3509039184049527
413.0224973500004	1.5910000000000082	BehavioralEpochs															-1.1477910294045728
415.66049735000036	0.4270000000000209	BehavioralEpochs															-0.5611133178460292
416.5009124104165	3.5898317789409475	trials	-1.0		0.125	1.0	418.5393085504185	418.1234973500004	417.8740238008675	417.8749416604179	153.938502	0.5	418.53922931898563	1.5	419.5907034004196	417.87380844041786	
416.6804973500004	0.6829999999999927	BehavioralEpochs															-0.8927791751462522
418.1234973500004	1.0109999999999673	BehavioralEpochs															0.6245645484720015
419.3444973500004	0.6100000000000136	BehavioralEpochs															-0.1326470942293696
420.5019456004205	2.505511465521181	trials	-1.0		1.0	1.0	421.45645014042145	421.3224973500004	421.139948010717	421.1408817004211	156.855202	0.5	421.45634920604266	1.5	422.5074450304225	421.13978181042114	
421.3224973500004	1.1289999999999623	BehavioralEpochs															0.9786555646786681
423.3924565204234	2.4815137542466346	trials	-1.0		0.25	1.0	424.31566419042434	424.16949735000037	423.95635896423255	423.95720004042397	159.721703	0.5	424.3155605209203	1.5	425.37389169042535	423.95620014042396	
424.16949735000037	0.9010000000000105	BehavioralEpochs															0.8231732313584814
426.2675689804263	2.8553384751465387	trials	1.0	0.125		1.0	427.5652058704276	427.3824973500004	426.75617522206255	426.75682005042677	162.970602	0.5	427.5650855553815	1.5	428.6228667604286	426.75605346042676	
427.3824973500004	0.5330000000000155	BehavioralEpochs															-0.7835361713637496
429.51861051042954	4.138943449134956	trials	1.0		0.0	-1.0	431.0991191104311	431.0034973500004	430.34101874637435	430.34179485043035	167.505202	0.5	431.09812632837077	0.0	433.15744659043315	430.34082828043034	
429.60949735000037	0.16800000000000637	BehavioralEpochs															-0.11252760762047131
431.0034973500004	0.5900000000000318	BehavioralEpochs															-0.6986036215763178
432.8604973500004	0.7799999999999727	BehavioralEpochs															-1.3828546501559131
434.0630560204341	2.5929034589387925	trials	1.0	1.0		1.0	435.0948528304351	434.9594973500004	434.772956146085	434.7737516104348	170.503603	0.5	435.09475620304295	1.5	436.1559133804362	434.77275171043476	
434.9594973500004	0.7889999999999873	BehavioralEpochs															-0.6191237244162124
436.4944973500004	0.21699999999998454	BehavioralEpochs															0.021379791154778616
437.05745655043705	2.5318374010472553	trials	-1.0		1.0	1.0	438.029592660438	437.8534973500004	437.67406492853195	437.6750614504377	173.436903	0.5	438.02946975755384	1.5	439.0892200204391	437.6739282304377	
437.8534973500004	0.7860000000000014	BehavioralEpochs															0.7170629851587123
439.1374973500004	0.25900000000001455	BehavioralEpochs															-0.04628631790907889
439.99179642044	4.047420276137245	trials	1.0	0.0625		1.0	442.47831441044247	442.2014973500004	441.94050521983985	441.94133478044193	177.886802	0.5	442.47820764783665	1.5	443.5391416504435	441.9403348804419	
440.5044973500004	0.8629999999999995	BehavioralEpochs															0.26650662868933495
442.2014973500004	1.7379999999999995	BehavioralEpochs															-0.895713234135961
444.22249735000037	0.1540000000000532	BehavioralEpochs															0.006850481168214628
444.45641658044445	4.450845767159649	trials	1.0	1.0		1.0	447.34686084044733	447.1964973500004	447.0572415711773	447.05795640044704	182.754803	0.5	447.3467443529434	1.5	448.4072214604484	447.05708982044706	
445.2384973500004	1.2719999999999914	BehavioralEpochs															-0.5586900221334758
447.1964973500004	1.343999999999994	BehavioralEpochs															-0.734201366189815
449.2404973500004	1.0849999999999795	BehavioralEpochs															-1.2905793573744617
449.3217633304493	3.184337473553967	trials	1.0	1.0		1.0	450.95446671045096	450.7884973500004	450.7060787517381	450.70692480045074	186.353602	0.5	450.9543815178336	1.5	452.005994880452	450.7059249004507	
450.7884973500004	0.5439999999999827	BehavioralEpochs															-0.8794320136852889
451.6324973500004	0.9730000000000132	BehavioralEpochs															-0.6832407395567159
452.9205034204529	3.218807233982943	trials	1.0		0.0	-1.0	453.5915363104536	453.24149735000043	453.40710406052193	453.4078880104534	189.986803	0.5	453.5908043021592	0.0	455.6392981804556	453.4069214404534	
453.24149735000043	0.5360000000000014	BehavioralEpochs															-0.5389972000383949
454.5984973500004	0.4270000000000209	BehavioralEpochs															-0.6463326398273423
455.2844973500004	0.40800000000001546	BehavioralEpochs															-0.8277862713193045
456.02749735000043	0.311999999999955	BehavioralEpochs															0.0716923192468073
456.53920818045657	2.501039243465584	trials	1.0	0.25		1.0	457.48644678045747	457.3224973500004	457.2072181279236	457.2081746104572	192.887702	0.5	457.48632228411833	1.5	458.54014140045854	457.20707472045723	
457.3224973500004	1.2350000000000136	BehavioralEpochs															-0.6739282677716503
459.4402513804595	2.332225805661608	trials	1.0	0.0		1.0	460.2165404104602	459.7764973500004	460.0393572388139	460.04015805046004	195.619903	0.5	460.21645897060256	1.5	461.2724348104613	460.03915815046	
459.7764973500004	1.4080000000000155	BehavioralEpochs															-0.9309106530133562
462.1294973500004	0.7390000000000327	BehavioralEpochs															-1.2766122710827545
462.17277810046215	7.467561845359057	trials	-1.0		1.0	1.0	468.07702095046807	467.1464973500004	467.14021724452897	467.14108122046713	203.487703	0.5	468.07692462590506	1.5	469.14028128046914	467.1400813204671	
463.0284973500004	0.7620000000000005	BehavioralEpochs															-1.5328692915550874
464.07549735000043	1.2759999999999536	BehavioralEpochs															-1.0915350512064776
465.6874973500004	0.4560000000000173	BehavioralEpochs															-0.82540475890778
467.1464973500004	1.6129999999999995	BehavioralEpochs															0.42720816908258996
470.2056414004702	3.1346133671437997	trials	1.0		0.25	-1.0	470.7860166904708	470.6194973500004	470.68924315416996	470.6900262904707	207.187602	0.5	470.7826434928704	0.0	472.84017792047285	470.6890263904707	
470.6194973500004	0.5819999999999936	BehavioralEpochs															-1.0119609320669127
471.9564973500004	0.2230000000000132	BehavioralEpochs															-0.04305732795897654
473.36849735000044	0.5999999999999659	BehavioralEpochs															-1.3436798894985245
473.74365423047374	2.646526856096955	trials	-1.0		0.0625	1.0	474.83137878047484	474.5984973500004	474.70576290303177	474.7066579204747	210.237503	0.5	474.8312640343134	1.5	475.8901395604759	474.70562469047474	
474.5984973500004	1.9260000000000446	BehavioralEpochs															0.8027544416209906
476.8010817904768	2.7722169789652185	trials	1.0	0.0625		1.0	478.007294490478	477.57749735000044	477.4721851745304	477.47294793047746	213.420603	0.5	478.00718787229334	1.5	479.0732878804791	477.4720813504775	
477.57749735000044	1.825999999999965	BehavioralEpochs															-0.9222530623465133
479.97409779047996	5.349153906400261	trials	1.0	0.25		1.0	483.76795170048376	483.59449735000044	483.57233203386795	483.57323784048356	219.170503	0.5	483.7678338944045	1.5	484.8232128304848	483.5722046104836	
480.09249735000043	1.7699999999999818	BehavioralEpochs															-2.267061677245408
482.20449735000045	0.6049999999999613	BehavioralEpochs															-0.42905378040757114
483.59449735000044	0.8129999999999882	BehavioralEpochs															-1.0566055123263425
485.75655282048575	2.8834361944805096	trials	1.0	0.0625		1.0	487.0761541804871	486.94549735000044	487.0054671981453	487.00619451048703	222.487203	0.5	487.0760680109108	1.5	488.13988113048816	487.005294600487	
485.92549735000046	0.6679999999999495	BehavioralEpochs															-0.7450768113010042
486.94549735000044	2.0299999999999727	BehavioralEpochs															-1.3474863069849476
489.04439067048907	6.045648870476725	trials	-1.0		0.25	1.0	493.5402077104935	493.34249735000043	493.122222284947	493.12318275049313	228.937202	0.5	493.54012552485136	1.5	494.59000272049457	493.12201620049314	
489.34349735000046	1.1849999999999454	BehavioralEpochs															-1.662302237893627
490.8574973500004	0.6940000000000168	BehavioralEpochs															-0.5196493245251332
491.96949735000044	0.5590000000000259	BehavioralEpochs															-1.0937132497179078
493.34249735000043	1.4530000000000314	BehavioralEpochs															0.6075926225909711
495.54014103049553	3.2000063616316083	trials	1.0	1.0		1.0	497.1892427704972	497.0614973500004	496.9554429595622	496.95609942049697	232.587302	0.5	497.18914327809745	1.5	498.24010434049825	496.95529950049695	
495.8954973500004	0.4329999999999927	BehavioralEpochs															-0.7133333385076099
497.0614973500004	1.1539999999999964	BehavioralEpochs															-0.7887836064672342
498.71749735000043	0.18200000000001637	BehavioralEpochs															-0.09929747746755879
499.1571459604992	4.132831652911591	trials	1.0		0.0625	-1.0	500.7337216205007	500.47649735000044	500.57215611314376	500.5730376905006	237.137102	0.5	500.7326572647335	0.0	502.78991598050277	500.5719711305006	
499.41849735000045	0.6259999999999764	BehavioralEpochs															-1.3692501773588504
500.47649735000044	0.7440000000000282	BehavioralEpochs															-1.3822367397225008
502.10449735000043	1.0740000000000123	BehavioralEpochs															0.47476969997272533
503.72549735000047	0.46299999999996544	BehavioralEpochs															-0.9972866999235208
503.8219794305038	2.7001216868883944	trials	1.0	0.125		1.0	504.96049890050494	504.84349735000046	504.68868574975625	504.6896593205047	240.369202	0.5	504.96038773076566	1.5	506.022026070506	504.6885261005047	
504.84349735000046	1.572999999999979	BehavioralEpochs															-1.0598902783109878
506.9285020805069	6.861067481424527	trials	1.0	0.125		1.0	512.2310717705122	512.1454973500005	511.9395491751399	511.94023419051194	247.636603	0.5	512.2309519137901	1.5	513.2895325805133	511.9394009405119	
507.2924973500005	2.0329999999999586	BehavioralEpochs															0.7136737535638105
509.78849735000045	1.4780000000000086	BehavioralEpochs															-1.913088540498535
512.1454973500005	1.5539999999999736	BehavioralEpochs															-1.1428391829497713
514.2404973500005	0.17999999999994998	BehavioralEpochs															-0.08224956901135272
514.2405708005142	4.482340062275284	trials	1.0		0.0625	-1.0	516.1705444505162	515.9094973500005	515.9387852210856	515.939534220516	252.569902	0.5	516.1697871826638	0.0	518.2229058605183	515.938600980516	
514.5914973500005	0.8829999999999245	BehavioralEpochs															-1.3079442589325367
515.9094973500005	0.8260000000000218	BehavioralEpochs															-0.48480369009377
517.2434973500004	0.6009999999999991	BehavioralEpochs															-0.7924314847609395
518.2094973500004	0.7160000000000082	BehavioralEpochs															-0.1201996484251282
519.1560125405192	2.466813417673279	trials	-1.0		0.125	1.0	520.06882125052	519.9024973500004	519.6716149269906	519.6724942205196	255.469802	0.5	520.0687167649809	1.5	521.1228158405212	519.6714943205196	
519.9024973500004	0.6200000000000045	BehavioralEpochs															0.6814978645203666
520.6384973500004	0.8020000000000209	BehavioralEpochs															-0.3610352586707961
521.7164973500005	0.1089999999999236	BehavioralEpochs															0.010869774110943808
522.023025810522	3.0652484126992476	trials	-1.0		1.0	1.0	523.5342413405235	523.3564973500005	523.2052433254771	523.2061408205232	258.935203	0.5	523.5341481983148	1.5	524.5882026005246	523.2050742605232	
522.3544973500004	0.21800000000007458	BehavioralEpochs															-0.08744507441183202
523.3564973500005	1.3519999999999754	BehavioralEpochs															0.7921544522614852
525.1434973500004	0.1590000000001055	BehavioralEpochs															0.009370921447143132
525.5065774205256	5.166040398675591	trials	1.0	0.0		1.0	529.1209826105292	528.9764973500005	528.6896004634824	528.6904256705287	264.519503	0.5	529.1209035858285	1.5	530.1725107805302	528.6894591005287	
526.0044973500005	0.3009999999999309	BehavioralEpochs															-0.09492072115902772
527.0324973500004	0.49700000000007094	BehavioralEpochs															-1.0078214144868127
527.8574973500005	0.47100000000000364	BehavioralEpochs															0.350636306286475
528.9764973500005	2.0670000000000073	BehavioralEpochs															-0.8482634787708747
531.1010179205311	2.337323938577015	trials	1.0	0.25		1.0	531.8896057205319	531.7744973500005	531.6216228070299	531.6223657805316	267.28520199999997	0.5	531.889525321615	1.5	532.938234180533	531.6214992005316	
531.7744973500005	0.6399999999999864	BehavioralEpochs															-1.3168969566954871
532.6964973500005	0.5559999999999263	BehavioralEpochs															-0.10846966034245042
533.8433436605338	3.0127209904468373	trials	1.0	0.125		1.0	535.3038309305354	535.1684973500005	534.9227504644887	534.9236689505349	270.702902	0.5	535.303752866107	1.5	536.3560257005364	534.922602390535	
533.9344973500005	0.5259999999999536	BehavioralEpochs															-1.1349690278001816
535.1684973500005	1.65300000000002	BehavioralEpochs															-0.5810017042236666
537.1054973500005	0.19899999999995543	BehavioralEpochs															0.019653864462767956
537.2922654005373	3.4793342707600914	trials	1.0	1.0		1.0	539.2189727105392	538.3674973500005	538.0049716011943	538.005627390538	274.618404	0.5	539.2188821624087	1.5	540.2715341105403	538.004794140538	
538.3674973500005	1.2290000000000418	BehavioralEpochs															-1.0779880457527042
539.9954973500005	1.2200000000000273	BehavioralEpochs															-0.9778236765753832
541.2784000805412	3.4430145535908423	trials	-1.0		0.25	1.0	543.1695109505432	542.7444973500005	542.5229046181348	542.5235755505425	278.568202	0.5	543.1694069753501	1.5	544.2213390905442	542.5227423005425	
541.4914973500005	0.4339999999999691	BehavioralEpochs															-1.3398736072786193
542.7444973500005	1.3449999999999136	BehavioralEpochs															0.7256647005064565
545.1373141505452	3.5341371799355557	trials	1.0		0.0	-1.0	546.1205491505461	546.0074973500004	545.7059196497373	545.7068571905457	282.51820299999997	0.5	546.1197236517875	0.0	548.1713440505482	545.7057573005457	
546.0074973500004	0.7870000000000346	BehavioralEpochs															-0.9495028811546433
547.2794973500005	0.6200000000000045	BehavioralEpochs															-0.9572361274976515
548.1614973500004	1.0860000000000127	BehavioralEpochs															-1.8121680003755927
549.0881523605491	2.866637947664458	trials	-1.0		0.25	1.0	550.3991545805504	549.7294973500005	549.805861110257	549.8068138205498	285.80150299999997	0.5	550.3990683421459	1.5	551.4547490105515	549.8056806005499	
549.7294973500005	1.5429999999998927	BehavioralEpochs															0.7473401445018482
552.3560922005523	2.4998097321461046	trials	1.0	0.125		1.0	553.3077970205533	553.2124973500005	552.9058939011405	552.9068037905529	288.70260199999996	0.5	553.3076951439496	1.5	554.3558255405544	552.9057705605529	
553.2124973500005	1.7129999999999654	BehavioralEpochs															-1.1459586221093332
555.2658012005553	2.221906530057254	trials	1.0	1.0		1.0	555.9343010105559	555.7154973500005	555.8048020568937	555.8057472005559	291.33440299999995	0.5	555.9342022624785	1.5	556.987662330557	555.8045806505559	
555.7154973500005	1.3039999999999736	BehavioralEpochs															-1.2223468445169345
557.3084973500005	0.18700000000001182	BehavioralEpochs															0.017928907887409196
557.8905053705579	2.3973188413312982	trials	1.0	0.25		1.0	558.7289215205587	558.5834973500005	558.4225091079211	558.4233854105585	294.134502	0.5	558.7288112597149	1.5	559.7877489605598	558.4223855105585	
558.5834973500005	1.0900000000000318	BehavioralEpochs															-1.0397741994430163
560.2684973500005	0.6870000000000118	BehavioralEpochs															-1.1074850856582685
560.6933250605607	5.278858687171805	trials	1.0	0.0		1.0	564.4208856005645	564.2184973500005	564.1888625974884	564.1896753905642	299.81880199999995	0.5	564.4207650877797	1.5	565.4721471305655	564.1886754905642	
561.3364973500005	1.0190000000000055	BehavioralEpochs															-1.4846110442678224
562.7714973500005	0.75	BehavioralEpochs															-0.8090842868638362
563.6934973500005	0.05700000000001637	BehavioralEpochs															-0.0018716453893858898
564.2184973500005	1.6860000000000355	BehavioralEpochs															-1.1345732262480368
566.4119864705664	3.126914073844091	trials	-1.0		1.0	1.0	567.984495870568	567.4524973500005	567.2378893954693	567.2386371305672	303.38550299999997	0.5	567.9843920391794	1.5	569.0388570905691	567.2377372205673	
567.4524973500005	0.8139999999999645	BehavioralEpochs															0.4186282756539299
569.2284973500005	0.5350000000000819	BehavioralEpochs															-0.07146698303779431
569.9528990105699	2.2348325196101086	trials	1.0	0.25		1.0	570.6339309005706	570.5384973500005	570.4378054156351	570.4385837705704	306.03430299999997	0.5	570.6338080046077	1.5	571.6877255105717	570.4376505305704	
570.5384973500005	0.8410000000000082	BehavioralEpochs															-1.448153969947029
571.7794973500005	0.3669999999999618	BehavioralEpochs															-0.07462208215568467
572.6026340105726	3.369740211779799	trials	-1.0		0.125	1.0	574.4269515605745	574.2254973500005	574.0057499214597	574.006560270574	309.818902	0.5	574.4268546966537	1.5	575.4723136805754	574.005593700574	
572.6954973500006	0.6490000000000009	BehavioralEpochs															-1.2132888678267904
574.2254973500005	0.7980000000000018	BehavioralEpochs															0.6879252303581751
575.7614973500005	0.2580000000000382	BehavioralEpochs															-0.05969129494177139
576.4942781405765	7.093443457574608	trials	-1.0		0.125	1.0	582.040123500582	581.8784973500005	581.604308006106	581.6051336705816	317.43420199999997	0.5	582.0400105525661	1.5	583.0876187405831	581.6042004305816	
576.5234973500005	0.5529999999999973	BehavioralEpochs															-0.8820048281812518
577.7374973500005	0.664000000000101	BehavioralEpochs															-0.6165724824720513
578.7284973500006	2.312999999999988	BehavioralEpochs															-3.361105601846006
581.8784973500005	0.8369999999999891	BehavioralEpochs															0.7061151300308666
584.051822310584	2.8038127673494273	trials	-1.0		0.25	1.0	585.2986309505853	584.9764973500005	584.7888248780029	584.7897818405849	320.70210299999997	0.5	585.2985266535976	1.5	586.3555919105863	584.7886819505848	
584.9764973500005	1.1689999999999827	BehavioralEpochs															0.5262885963264381
586.6794973500005	0.4350000000000591	BehavioralEpochs															0.06517020749170399
587.2726335305873	2.2650290066983416	trials	1.0	1.0		1.0	587.995461240588	587.8644973500005	587.7542392729337	587.7550852805878	323.384102	0.5	587.9953421476838	1.5	589.037623680589	587.7540853805878	
587.8644973500005	1.205000000000041	BehavioralEpochs															-1.6123272596484384
589.1954973500006	0.17799999999999727	BehavioralEpochs															0.008621307442922443
589.94386638059	3.026921735943688	trials	1.0	1.0		1.0	591.4251849005914	591.1364973500005	591.3220758220211	591.3230617805913	326.81720199999995	0.5	591.4250765276281	1.5	592.4707136705924	591.3219618905913	
590.2644973500005	0.34400000000005093	BehavioralEpochs															-0.14724416219250713
591.1364973500005	1.5480000000000018	BehavioralEpochs															-1.0240345343848816
593.2284973500006	1.5069999999999482	BehavioralEpochs															-2.216284582258666
593.3844889505934	7.2707578089693925	trials	1.0	0.0		1.0	599.1070499705991	598.9314973500005	598.7220291864378	598.7229550505988	334.501603	0.5	599.1069320879416	1.5	600.1552118106001	598.7219218205987	
595.0154973500005	0.7080000000000837	BehavioralEpochs															-1.3491776305998684
596.0654973500006	1.2019999999999982	BehavioralEpochs															-0.8672912218957833
597.5224973500005	0.45299999999997453	BehavioralEpochs															-0.729186943101638
598.9314973500005	2.0670000000000073	BehavioralEpochs															-0.5982534640537409
601.1329473606012	4.272160240570315	trials	1.0		0.0625	-1.0	602.8619077806029	602.6114973500005	601.5872534476246	601.5879018606016	339.251403	0.5	602.8608705121922	0.0	604.9050034506049	601.5870686106016	
602.6114973500005	1.725999999999999	BehavioralEpochs															-2.1725753047308416
605.0834973500006	0.8429999999999609	BehavioralEpochs															-1.1198758670792017
605.8357103706059	2.568402454602051	trials	-1.0		0.25	1.0	606.8568082506068	606.6604973500006	606.4542104800792	606.4548484506065	342.25040199999995	0.5	606.8567105513208	1.5	607.9040368506079	606.4540152006065	
606.6604973500006	1.155999999999949	BehavioralEpochs															0.5173109160064939
608.8301109006088	3.9250301319412984	trials	1.0		0.0625	-1.0	610.2131392506102	609.9094973500005	609.8887182182779	609.8894716206099	346.60140299999995	0.5	610.2121204538099	0.0	612.2551017006123	609.8885717106099	
608.8754973500005	0.6490000000000009	BehavioralEpochs															-1.8305666396269231
609.9094973500005	0.4759999999999991	BehavioralEpochs															-0.40589425880398267
611.0304973500006	1.6440000000000055	BehavioralEpochs															-1.6831905862282497
613.1946410706132	3.0258406024628357	trials	-1.0		0.125	1.0	614.6725599306146	614.5404973500006	614.2540542360603	614.2547683806142	350.06670299999996	0.5	614.6724594356289	1.5	615.7203884706157	614.2538684706143	
613.2554973500005	0.38400000000001455	BehavioralEpochs															-0.49098840832228063
614.5404973500006	0.6369999999999436	BehavioralEpochs															0.6547696359712205
616.0804973500005	0.14800000000002456	BehavioralEpochs															0.009515994073964862
616.7521852806168	3.3350238559543186	trials	-1.0		1.0	1.0	618.5364068406185	618.1464973500006	618.2382945741717	618.2390699106182	353.933403	0.5	618.5362964377606	1.5	619.5871684206196	618.2381366706182	
616.9474973500005	0.6070000000000846	BehavioralEpochs															0.5555030037842243
618.1464973500006	1.7419999999999618	BehavioralEpochs															0.7104141640651847
620.2294973500005	0.20799999999997	BehavioralEpochs															-0.0468673361168328
620.5164088206205	3.188635621286835	trials	1.0		0.125	-1.0	621.1614109806212	621.0494973500006	621.0383143236434	621.0390232206211	357.551202	0.5	621.1603156100368	0.0	623.2049732706232	621.0381566406211	
621.0494973500006	1.0119999999999436	BehavioralEpochs															-1.768802496178381
622.8634973500006	0.43899999999996453	BehavioralEpochs															-0.856067646593246
624.1345469706241	4.337121461127026	trials	1.0	0.25		1.0	626.920368360627	626.7174973500006	626.8203590221495	626.8213116006268	362.317802	0.5	626.9202594704135	1.5	627.971563230628	626.8202117106268	
624.2134973500006	0.7429999999999382	BehavioralEpochs															0.355518898554422
625.6424973500006	0.35400000000004184	BehavioralEpochs															-0.27524790952999467
626.7174973500006	1.3969999999999345	BehavioralEpochs															-1.0210524771741518
628.4774973500006	0.6849999999999454	BehavioralEpochs															-1.0157060139362954
628.9193684406289	2.7839425068815444	trials	-1.0		1.0	1.0	630.1504786506301	630.0394973500006	629.8871825225038	629.8879382406299	365.549402	0.5	630.1503863521685	1.5	631.2032400306313	629.8870383306299	
630.0394973500006	1.0499999999999545	BehavioralEpochs															0.9879697382286281
632.1200150106321	2.9181016752562527	trials	-1.0		0.25	1.0	633.4858117506335	633.0454973500006	633.1715145332781	633.1722097806331	368.88420299999996	0.5	633.4857143906394	1.5	634.5380398506345	633.1713765306332	
632.3454973500005	0.36099999999999	BehavioralEpochs															-0.44561237264503006
633.0454973500006	1.4539999999999509	BehavioralEpochs															0.675728317117489
635.4682134906354	2.31872497690631	trials	1.0	1.0		1.0	636.2385364506363	636.1434973500005	636.0533190362736	636.0545215206361	371.633003	0.5	636.2384207906705	1.5	637.2868316106373	636.053221650636	
636.1434973500005	1.4329999999999927	BehavioralEpochs															-2.0906838635414005
638.1624973500005	2.62600000000009	BehavioralEpochs															-0.6385803049532797
638.2082394606382	9.695178058478518	trials	-1.0		0.125	1.0	646.3562245806463	646.2024973500006	645.9381001012407	645.9390663006459	381.749402	0.5	646.3561033804682	1.5	647.4033531906474	645.9379664106459	
641.1054973500005	0.6370000000000573	BehavioralEpochs															0.42320498884454594
642.2284973500006	0.6349999999999909	BehavioralEpochs															-1.414254569227154
643.2584973500005	1.2530000000000427	BehavioralEpochs															0.45841470144115704
644.8854973500006	0.46699999999998454	BehavioralEpochs															-0.9875631776970408
646.2024973500006	1.1019999999999754	BehavioralEpochs															0.75936964457226
647.9124973500005	1.594000000000051	BehavioralEpochs															-1.3119643880983176
648.4071194706485	5.846165467774085	trials	-1.0	0.0		-1.0	651.7070227806518	651.1784973500006	650.7380443771776	650.7390195906507	388.099203	0.8	651.7059547195473	0.0	653.7531848106538	650.7379197006508	
649.8304973500005	0.5149999999999864	BehavioralEpochs															-0.06239614672514904
651.1784973500006	0.9990000000000236	BehavioralEpochs															0.4417742523268089
653.0194973500006	0.613999999999919	BehavioralEpochs															-0.2861011693472051
653.9664973500006	0.3809999999999718	BehavioralEpochs															0.08092698956697575
654.7307870406547	2.3226247913439693	trials	1.0	1.0		1.0	655.5119755806555	655.4224973500005	655.3544928923914	655.3552912506553	390.899303	0.8	655.5118943691645	1.5	656.5533381006566	655.3543580106553	
655.4224973500005	1.2860000000000582	BehavioralEpochs															-1.710031091022799
657.0654973500006	0.44400000000007367	BehavioralEpochs															-0.14655518435939996
657.4732127706575	2.397916127715007	trials	-1.0		1.0	1.0	658.3208946606584	658.1834973500006	658.0210159981298	658.021924560658	393.717002	0.8	658.3208177644609	1.5	659.3710896306594	658.020824670658	
658.1834973500006	1.3279999999999745	BehavioralEpochs															1.01246170081248
660.3060294606603	2.214919409573099	trials	1.0	0.25		1.0	660.9552312006609	660.8564973500006	660.8866340242926	660.8875713006609	396.36680199999995	0.8	660.9551345627162	1.5	662.020891290662	660.8864380806609	
660.8564973500006	0.7129999999999654	BehavioralEpochs															-2.0921476561594687
661.8964973500006	2.4220000000000255	BehavioralEpochs															-2.8734883151127093
663.0871513206631	4.049117824107157	trials	1.0	1.0		1.0	665.5701696606656	665.4154973500006	665.3195594936675	665.3205279606653	400.982103	0.8	665.5700604107691	1.5	666.6361963806667	665.3194614006653	
664.6144973500005	0.2420000000000755	BehavioralEpochs															-0.21133891262110183
665.4154973500006	0.9660000000000082	BehavioralEpochs															-1.19556958927609
666.7024973500006	0.6910000000000309	BehavioralEpochs															-0.08664770790770149
667.5884973500006	1.52800000000002	BehavioralEpochs															-1.8867641531163883
667.5885678006676	6.8825615393562884	trials	1.0		0.25	-1.0	671.9074358706719	671.8324973500006	671.571102252599	671.5717694406716	408.31690199999997	0.8	671.9064051532223	0.0	673.971029490674	671.5709028606716	
669.6344973500006	1.3039999999999736	BehavioralEpochs															0.9082564564951383
671.8324973500006	0.6539999999999964	BehavioralEpochs															-1.7697699898916426
674.3444973500006	0.7650000000001	BehavioralEpochs															-1.4403561177438178
674.950931490675	2.6687225962758703	trials	1.0	0.125		1.0	676.0519547106761	675.9064973500006	675.5865361578833	675.5874011706755	411.465403	0.8	676.0518395745795	1.5	677.1195812706771	675.5863346106756	
675.9064973500006	1.2549999999999955	BehavioralEpochs															-1.110160382007905
678.0559542906781	2.2816259345947856	trials	1.0	1.0		1.0	678.7751823606787	678.6764973500007	678.5376593438356	678.5383727106786	414.18330199999997	0.8	678.7750618342229	1.5	679.8375094506798	678.5374728006785	
678.6764973500007	1.8649999999998954	BehavioralEpochs															-0.9433814200110646
680.7708827706808	2.5165359613243936	trials	1.0	0.25		1.0	681.7250873406817	681.5974973500006	681.386390832541	681.3873211206813	417.13310299999995	0.8	681.7249952675463	1.5	682.7873144406828	681.3862212306814	
681.5974973500006	0.7520000000000664	BehavioralEpochs															-1.035120368753212
683.7179213706837	4.219532498234457	trials	1.0	1.0		1.0	686.3776220406863	686.2274973500006	686.1863380420843	686.1876077106862	421.783104	0.8	686.3775393334358	1.5	687.4373493906875	686.1862078506862	
683.7934973500006	0.7169999999999845	BehavioralEpochs															-1.3537335355564437
684.6864973500006	0.15099999999995362	BehavioralEpochs															-0.009443889913484327
685.1564973500006	0.6510000000000673	BehavioralEpochs															-1.6902077732462146
686.2274973500006	1.45900000000006	BehavioralEpochs															-1.645205036210399
687.8384973500006	0.5940000000000509	BehavioralEpochs															-0.13122907395262473
688.4011530006884	3.85153461587538	trials	1.0		0.25	-1.0	689.7059225106897	689.5524973500006	689.6196633193755	689.6205643806896	426.098302	0.8	689.7008640070057	0.0	691.7526511506918	689.6194644906897	
688.7644973500006	0.49299999999993815	BehavioralEpochs															-0.5273560851992443
689.5524973500006	1.6759999999999309	BehavioralEpochs															-1.8471699663905952
692.1584973500006	1.149000000000001	BehavioralEpochs															-1.273665961691819
692.7030894306927	3.117412218271511	trials	1.0	0.25		1.0	694.2612002706943	694.0284973500006	694.0373933762652	694.038189240694	429.66610299999996	0.8	694.2610940377541	1.5	695.3203943406953	694.037256000694	
694.0284973500006	1.3360000000000127	BehavioralEpochs															-1.6845677340147915
696.2640999606963	3.138639404670357	trials	1.0		1.0	-1.0			696.7527057836461	696.7534843506968	433.24830199999997	0.8	696.8495069372718	0.0	698.9027027406989	696.7525511106968	
696.7394973500006	0.7789999999999964	BehavioralEpochs															-0.9324856183673091
697.7274973500006	0.7970000000000255	BehavioralEpochs															-1.953784160434651
699.1034973500006	1.303000000000111	BehavioralEpochs															0.7163366679654928
699.8378425506999	3.5482315299146876	trials	1.0	0.0625		1.0	701.8334429707019	701.6594973500006	701.3207548921366	701.3214608407013	437.23160199999995	0.8	701.8333591582506	1.5	702.8859377107029	701.3206275907013	
701.6594973500006	1.4950000000000045	BehavioralEpochs															-1.1090775642547328
703.6684973500006	0.6789999999999736	BehavioralEpochs															-0.9413150259628082
703.8378758407039	4.19783323115314	trials	1.0		0.25	-1.0	705.4847444707054	705.2814973500007	705.3537871188215	705.3547574707054	441.881202	0.8	705.4836880852623	0.0	707.5356060307075	705.3536575807053	
705.2814973500007	0.8789999999999054	BehavioralEpochs															-1.6518410563182613
706.5514973500007	0.21899999999993724	BehavioralEpochs															-0.06694695422328323
707.5444973500006	0.38999999999998636	BehavioralEpochs															-0.4717638238322195
708.4912104607085	3.0446106864201283	trials	1.0	0.0625		1.0	709.98302793071	709.8424973500006	709.7037139200389	709.7043558007097	445.38130199999995	0.8	709.9829147166122	1.5	711.0357559807111	709.7035558807097	
708.6164973500006	0.41700000000003	BehavioralEpochs															-0.4233355775961911
709.8424973500006	1.3079999999999927	BehavioralEpochs															-1.118473644875479
712.0558206307121	4.1646377366161005	trials	-1.0		0.0625	1.0	714.6688593007146	713.8214973500006	713.7038343765465	713.7046557307137	450.065903	0.8	714.6687424246993	1.5	715.7204208007157	713.7036891607137	
712.5824973500006	0.6280000000000427	BehavioralEpochs															-0.7208375227786235
713.8214973500006	1.7569999999999482	BehavioralEpochs															0.39040340950327845
716.4004973500006	0.6580000000000155	BehavioralEpochs															-0.999468341226418
716.6704591207167	2.86523492920594	trials	1.0	0.25		1.0	717.973162170718	717.7134973500007	717.752471178292	717.7532841607177	453.381103	0.8	717.9730736366109	1.5	719.0356225807191	717.7523509207177	
717.7134973500007	1.4979999999999336	BehavioralEpochs															-0.9786642758023447
719.96919588072	4.249828600783985	trials	1.0		0.0625	-1.0	721.6648929607217	721.5524973500006	721.2370038162601	721.2379023307212	458.064402	0.8	721.6640064889809	0.0	723.7189542007237	721.2368024407212	
720.1354973500006	0.5049999999999955	BehavioralEpochs															-0.2579532262215878
721.5524973500006	0.6399999999999864	BehavioralEpochs															-1.278352412732886
722.3584973500007	0.29899999999997817	BehavioralEpochs															-0.036218367871470036
722.9894973500006	0.06799999999998363	BehavioralEpochs															-0.01093314120339528
723.7114973500006	0.9950000000000045	BehavioralEpochs															0.26235575097129527
724.6742253307247	2.578029474725099	trials	1.0	0.25		1.0	725.6947232707257	725.5314973500007	725.403833106343	725.4045189607255	461.097602	0.8	725.6946362055065	1.5	726.7522508407268	725.4036190507254	
725.5314973500007	1.2899999999999636	BehavioralEpochs															-1.7094433660753339
727.6862574307277	5.983952970652922	trials	1.0		0.125	-1.0	731.1104483107312	730.9524973500006	730.986785544263	730.9877939107309	467.51550199999997	0.8	731.1095865902687	0.0	733.1701089907332	730.986594030731	
728.1504973500006	1.0	BehavioralEpochs															-0.8789331540660328
729.6804973500007	0.7740000000000009	BehavioralEpochs															-0.5669488104723257
730.9524973500006	0.6340000000000146	BehavioralEpochs															-0.758190735556667
732.9974973500007	0.8579999999999472	BehavioralEpochs															0.8002695308030638
734.1362123707341	2.36731890205499	trials	1.0	0.25		1.0	734.950597590735	734.8624973500007	734.6524160562972	734.6530940107347	470.348802	0.8	734.9505181846706	1.5	736.003458960736	734.6521941007346	
734.8624973500007	1.1499999999999773	BehavioralEpochs															-1.3365157587338103
736.9360323607369	2.1007135755099853	trials	1.0	0.0		1.0	737.4826443607375	737.3604973500006	737.4189347917868	737.4197173207374	472.882003	0.8	737.4825351119665	1.5	738.5366389507385	737.4187840807374	
737.3604973500006	1.5149999999999864	BehavioralEpochs															-1.2505916652971223
739.1454973500007	1.4139999999999873	BehavioralEpochs															-1.7721532511682483
739.4746451407394	7.560860878247695	trials	1.0	0.25		1.0	745.4804778307455	745.2464973500007	745.1856888586716	745.1866405507452	480.880703	0.8	745.4803911146117	1.5	746.5354056607465	745.1855739907452	
740.9314973500007	0.8999999999999773	BehavioralEpochs															-0.9343888921481494
742.5504973500007	0.5960000000000036	BehavioralEpochs															-1.196231829597366
743.9414973500006	0.8079999999999927	BehavioralEpochs															-1.2995143031886016
745.2464973500007	1.4459999999999127	BehavioralEpochs															-0.9697718450500474
747.2694973500006	0.44500000000005	BehavioralEpochs															-0.16206538624652467
747.5243067607475	4.928929240089246	trials	1.0		0.25	-1.0	749.8926032407498	749.6274973500007	749.636918007634	749.6375954107497	486.29840299999995	0.8	749.891619363585	0.0	751.953197160752	749.6367288307497	
747.9374973500006	1.1280000000000427	BehavioralEpochs															-1.6951954797442568
749.6274973500007	1.0499999999999545	BehavioralEpochs															-0.4404085210062192
751.9354973500007	0.52800000000002	BehavioralEpochs															-1.469400738772464
752.904035400753	2.43264355899737	trials	1.0	1.0		1.0	753.7841473807538	753.6684973500006	753.5188456513658	753.5195405107535	489.181803	0.8	753.784050073068	1.5	754.8365754607548	753.5186406007535	
753.6684973500006	1.25	BehavioralEpochs															-0.7783491516196932
755.5604973500007	0.5130000000000337	BehavioralEpochs															-0.11333031192526732
755.7607830307558	2.5911005105316463	trials	1.0	0.25		1.0	756.7994791507568	756.5524973500006	756.6520821744166	756.6528604807567	492.197003	0.8	756.7993820328943	1.5	757.8518072407578	756.6518939107567	
756.5524973500006	1.2990000000000919	BehavioralEpochs															-1.2155116755343442
758.5464973500007	1.7240000000000464	BehavioralEpochs															-2.3720182946833575
758.7895801207588	3.779155825566477	trials	1.0	1.0		1.0	761.007225000761	760.5704973500007	760.7366078517854	760.7374519807607	496.413802	0.8	761.0071117045037	1.5	762.0686521807621	760.7364187507608	
760.5704973500007	1.43100000000004	BehavioralEpochs															-1.2582800991051784
762.4534973500007	0.7239999999999327	BehavioralEpochs															-0.20846728674644055
763.1658424507632	4.787240572604674	trials	1.0	0.25		1.0	766.4033520007664	766.3004973500007	766.1031661178889	766.1040819307661	501.798102	0.8	766.4032685359274	1.5	767.4529803607675	766.1030487007661	
763.4294973500007	2.048999999999978	BehavioralEpochs															-1.8867065540451335
766.3004973500007	0.5710000000000264	BehavioralEpochs															-0.7199535113247464
767.6354973500007	0.44499999999993634	BehavioralEpochs															-0.13625903999516709
768.4094847007684	4.459011090937338	trials	1.0	0.125		1.0	771.3067949407713	771.0974973500007	770.9351892836943	770.936032020771	506.713503	0.8	771.3066899577874	1.5	772.3684887607724	770.935032120771	
768.4874973500007	2.072999999999979	BehavioralEpochs															-2.9319487716379626
770.7704973500007	0.14199999999993906	BehavioralEpochs															-0.00868356936578607
771.0974973500007	1.6159999999999854	BehavioralEpochs															-1.1423217502324974
773.2294973500007	0.5270000000000437	BehavioralEpochs															-0.8296899177735213
773.3198936107733	2.5829291012224758	trials	1.0	0.0		1.0	774.3571232107744	774.1564973500007	774.1529020285568	774.1536768907741	509.747803	0.8	774.3570040910654	1.5	775.4027186407754	774.1527769807742	
774.1564973500007	1.219000000000051	BehavioralEpochs															-1.2103729902937914
775.8424973500007	0.7060000000000173	BehavioralEpochs															-0.18132364349241925
776.3470242007763	2.5726307656370864	trials	1.0	0.25		1.0	777.3651557107773	777.2164973500007	777.3018348769051	777.3026286307773	512.764602	0.8	777.3650355835781	1.5	778.4195502607785	777.3016620607773	
777.2164973500007	1.0569999999999027	BehavioralEpochs															-1.1600663571285281
779.3448577207794	4.023347594320626	trials	-1.0		0.25	1.0	781.8180770407819	781.6404973500007	781.4352814103677	781.4362485607815	517.2131019999999	0.2	781.8179857473393	1.5	782.8681053607829	781.4350820107815	
779.3504973500006	1.6280000000000427	BehavioralEpochs															-1.973878275646399
781.6404973500007	1.6649999999999636	BehavioralEpochs															0.6170710462291424
783.8355086107838	4.366118146938561	trials	-1.0		0.25	1.0	786.6509270407867	786.5184973500006	786.3194177968679	786.3201934507863	522.0465019999999	0.2	786.6508190224682	1.5	787.7015219707877	786.3191935507863	
784.1064973500007	0.7269999999999754	BehavioralEpochs															-1.1738022956985787
785.1854973500007	0.6829999999999927	BehavioralEpochs															-0.6490389113428137
786.5184973500006	1.3690000000000282	BehavioralEpochs															0.9136806125175951
788.6567264407887	3.4460405945183084	trials	-1.0		0.125	1.0	790.5433377607906	789.4484973500007	789.2029325581171	789.2038383907892	525.947602	0.2	790.5432475692032	1.5	791.6026651507916	789.2027718307892	
789.4484973500007	0.1570000000000391	BehavioralEpochs															0.13127681109494915
790.4264973500007	1.1340000000000146	BehavioralEpochs															0.38985111748999657
791.7844973500007	0.30700000000001637	BehavioralEpochs															-0.020535262565260837
792.5532700807926	6.248228337309911	trials	1.0		0.0	-1.0	796.2418011907962	795.8124973500007	795.7016833518722	795.7024218007957	532.646302	0.2	796.2408856246984	0.0	798.3014285407983	795.7015218907957	
792.6854973500007	0.9160000000000537	BehavioralEpochs															0.390729714623518
794.1024973500007	1.0710000000000264	BehavioralEpochs															-0.38120588139830147
795.8124973500007	0.6009999999999991	BehavioralEpochs															-0.282131905470834
797.2884973500007	0.5539999999999736	BehavioralEpochs															-0.910838558451843
798.5284973500007	0.2839999999999918	BehavioralEpochs															0.2792256519722116
799.2694983907993	2.2150322580710053	trials	1.0	0.125		1.0	799.9359317407999	799.7464973500007	799.8024054298986	799.8033783307998	535.329303	0.2	799.935807191985	1.5	800.9844935408009	799.8022784407998	
799.7464973500007	1.4470000000000027	BehavioralEpochs															-0.9109331791198372
801.8964973500007	0.48099999999999454	BehavioralEpochs															-0.4691020465012059
801.9192333908019	8.532061619383967	trials	-1.0		0.0625	1.0	808.8938025308089	808.3214973500008	808.3023779942245	808.3032949208083	544.2960019999999	0.2	808.8936821260731	1.5	809.95126344081	808.3022283608083	
802.8344973500007	0.6410000000000764	BehavioralEpochs															-0.5089716606749732
804.0304973500007	1.8619999999999663	BehavioralEpochs															-1.04993026314105
806.4744973500007	1.1030000000000655	BehavioralEpochs															1.0450831286295283
808.3214973500008	1.5960000000000036	BehavioralEpochs															0.40961338816617854
810.2744973500007	1.149000000000001	BehavioralEpochs															0.32811421727177503
810.9536965208109	2.965425423702868	trials	-1.0		0.25	1.0	812.3618223608124	812.0644973500007	812.0025048052795	812.003258220812	547.7638019999999	0.2	812.3617076425994	1.5	813.4190166308134	812.002358310812	
812.0644973500007	1.0339999999999918	BehavioralEpochs															0.4386069912207802
814.3516233608144	3.250829141390682	trials	1.0		0.0625	-1.0	815.054553060815	814.9054973500007	814.9182280914354	814.9188999608149	551.447102	0.2	815.0537292227433	0.0	817.1024482508171	814.9180333808149	
814.9054973500007	0.5610000000000355	BehavioralEpochs															-0.7162330174433578
816.1974973500007	0.7010000000000218	BehavioralEpochs															0.8502913431281343
817.3294973500007	0.5400000000000773	BehavioralEpochs															-0.7247633027894267
818.0430541808181	2.55933136876115	trials	-1.0		0.25	1.0	819.0513533408191	818.7914973500008	818.5513600137136	818.5521699308185	554.447002	0.2	819.0512657502167	1.5	820.1022815708201	818.5512033608186	
818.7914973500008	0.2879999999998972	BehavioralEpochs															0.29235602061575605
819.3264973500007	0.9619999999999891	BehavioralEpochs															0.2397789980244056
821.032988490821	3.0681315412759886	trials	-1.0		0.0	1.0	822.5458038608225	822.2784973500007	821.6511942416765	821.6521599008216	557.945703	0.2	822.545702562835	1.5	823.6010649908236	821.6510600108217	
822.2784973500007	1.3830000000000382	BehavioralEpochs															0.5318870324448426
824.1734973500007	0.1470000000000482	BehavioralEpochs															-0.014393381201102784
824.6922225308247	4.360019214832619	trials	-1.0		1.0	1.0	827.4966420608275	827.2754973500007	827.2691327053388	827.2704313508273	562.896802	0.2	827.4965336031946	1.5	828.5521698308286	827.2689981608273	
825.2194973500008	1.3069999999999027	BehavioralEpochs															1.125786756572353
827.2754973500007	1.4329999999999927	BehavioralEpochs															0.8079335122572218
829.5018415208295	3.615526354198778	trials	-1.0		1.0	1.0	831.5709679208315	831.4014973500007	830.8675503425146	830.8683715208309	566.961903	0.2	831.5708548854533	1.5	832.6173632708326	830.8674382808309	
829.7374973500007	0.5	BehavioralEpochs															0.3514030328192632
831.4014973500007	1.1760000000000446	BehavioralEpochs															0.4742912006011579
833.5718678108336	2.712347355754332	trials	-1.0		0.0	1.0	834.7278855308348	834.3404973500008	834.052275667074	834.053019690834	570.128703	0.2	834.7277867138899	1.5	835.7841132308358	834.052086450834	
834.3404973500008	3.4879999999999427	BehavioralEpochs															2.7886401876042157
836.7229193408367	3.479107297366795	trials	-1.0		1.0	1.0	838.6462269908386	838.5154973500007	838.3686213735953	838.3692880208383	574.046503	0.2	838.6461217163616	1.5	839.7019880708397	838.3684214408383	
838.5154973500007	1.0500000000000682	BehavioralEpochs															0.903580207316935
839.7154973500008	0.17599999999993088	BehavioralEpochs															0.010578609452295495
840.6737242208407	4.393746578409036	trials	-1.0		0.0	1.0	843.5151733808435	841.5104973500007	841.2008294488179	841.2016047608412	578.9119029999999	0.2	843.5150524019293	1.5	844.5674348108446	841.2006715208412	
841.5104973500007	0.8999999999999773	BehavioralEpochs															-0.265060738180523
842.7834973500007	2.05600000000004	BehavioralEpochs															-0.2828934174194728
845.5253723408455	2.9267276096220485	trials	-1.0		0.0	1.0	846.908800650847	846.5844973500008	846.1855781178165	846.1865395508462	582.2965019999999	0.2	846.9086844451834	1.5	847.9519963208479	846.1854396608462	
846.5844973500008	1.1200000000000045	BehavioralEpochs															0.40782325403947084
847.9484973500007	0.1290000000000191	BehavioralEpochs															0.006343061392669824
848.8967018408489	5.421942970900545	trials	1.0	0.25		1.0	852.7632484808528	852.6584973500007	852.450828042088	852.4514796608524	588.163003	0.2	852.7631303444001	1.5	853.8185762708538	852.4507130708524	
849.0874973500007	0.5970000000000937	BehavioralEpochs															0.3816325911112699
849.9254973500008	1.9269999999999072	BehavioralEpochs															1.1677301881412916
852.6584973500007	0.8400000000000318	BehavioralEpochs															-2.017623617685331
854.7946453208548	2.3725181005019067	trials	-1.0		0.25	1.0	855.6255622208556	855.4364973500008	855.2506482232026	855.2514663008552	591.011503	0.2	855.6254506087288	1.5	856.6671247208567	855.2504997308553	
855.4364973500008	1.1269999999999527	BehavioralEpochs															0.6455636792102268
857.6148632708577	2.2705266611742445	trials	-1.0		0.125	1.0	858.3331914308584	858.0724973500007	858.1852692150619	858.1861061408582	593.729703	0.2	858.3330707553029	1.5	859.3853528708594	858.1851062408582	
858.0724973500007	1.11200000000008	BehavioralEpochs															0.6413135296963333
860.1754973500008	1.3279999999999745	BehavioralEpochs															1.5560221344056515
860.3314915808603	3.519233705403508	trials	1.0	1.0		1.0	862.3055941508624	861.9124973500008	862.0339069182235	862.034721240862	597.6950019999999	0.2	862.3055093651383	1.5	863.3506563008633	862.033788000862	
861.9124973500008	1.9640000000000555	BehavioralEpochs															-1.3156575571167366
864.3063273908643	2.4110135294902193	trials	-1.0		0.25	1.0	865.1639416208652	865.0524973500007	864.8187298411777	864.8197093808649	600.561602	0.2	865.1638314914572	1.5	866.2172696108662	864.8185095008648	
865.0524973500007	0.9930000000000518	BehavioralEpochs															0.9602724348480365
866.3294973500008	0.1329999999999245	BehavioralEpochs															0.005463293669919267
867.1691410808672	2.1979322874317404	trials	-1.0		0.25	1.0	867.8183428208679	867.6084973500008	867.6517477311704	867.6526593908677	603.2113019999999	0.2	867.8182500255663	1.5	868.8669379508689	867.6515928308677	
867.6084973500008	1.2309999999999945	BehavioralEpochs															0.42994577462994243
869.7714973500008	0.65199999999993	BehavioralEpochs															-1.3543358791886249
869.8055774108698	2.794908100837347	trials	-1.0		1.0	1.0	871.053185970871	870.7544973500007	870.8518796947803	870.8526393608709	606.444702	0.2	871.0530801339686	1.5	872.1004479008722	870.8517394508708	
870.7544973500007	1.1700000000000728	BehavioralEpochs															1.0951408696209057
873.067384530873	6.117367879496214	trials	1.0	0.125		1.0	877.6381274108777	877.5604973500008	877.4017312085588	877.4025509708774	613.028902	0.2	877.6380337533612	1.5	878.6847227408787	877.4016177308774	
873.6414973500008	0.5729999999999791	BehavioralEpochs															0.7027276845304584
875.0074973500008	1.7479999999999336	BehavioralEpochs															-0.9558020771087854
877.5604973500008	1.375	BehavioralEpochs															-2.006855027225754
879.6871558208798	5.563143388627395	trials	1.0		0.125	-1.0	882.7061872208827	882.5474973500008	882.5170763662079	882.5178393908825	619.0944029999999	0.2	882.7053777332828	0.0	884.7501828008848	882.5169061508825	
880.3044973500008	1.52699999999993	BehavioralEpochs															0.9569882012411597
882.5474973500008	1.086999999999989	BehavioralEpochs															-1.04832422811171
884.1934973500008	1.092999999999961	BehavioralEpochs															-1.3056254191192522
885.902000940886	2.2648984470570213	trials	1.0	0.125		1.0	886.6214956508867	886.5244973500008	886.3680000041255	886.3688209208864	622.011003	0.2	886.6213994947369	1.5	887.6668244408877	886.3678543508864	
886.5244973500008	0.9949999999998909	BehavioralEpochs															-1.5247021762753548
888.6230954708886	2.5115326961380333	trials	-1.0		0.25	1.0	889.5796331408895	889.4484973500008	889.2850035607781	889.2857625308893	624.978702	0.2	889.579507160223	1.5	890.6345609708907	889.2848626208893	
889.4484973500008	0.9759999999999991	BehavioralEpochs															0.3487322728840354
891.5931317708915	5.923656390484325	trials	-1.0		0.125	1.0	895.958661840896	895.8184973500008	895.5669675874557	895.5677342708956	631.3608029999999	0.2	895.9585711170159	1.5	897.016756020897	895.5668010308956	
891.6894973500008	1.8869999999999436	BehavioralEpochs															0.8439661698468512
893.7784973500007	1.29200000000003	BehavioralEpochs															0.8831071034441038
895.8184973500008	0.8759999999999764	BehavioralEpochs															0.9168941620882833
897.4834973500008	0.75	BehavioralEpochs															0.3003704676759753
898.013789640898	2.7195147799704955	trials	-1.0		1.0	1.0	899.1674076008992	898.8734973500008	898.8347934990883	898.8356741108988	634.5773019999999	0.2	899.1672950616318	1.5	900.2332010109002	898.8346742108988	
898.8734973500008	1.6970000000000027	BehavioralEpochs															0.6703293367180834
901.1972046009012	2.736314337141266	trials	-1.0		1.0	1.0	902.3649211509023	902.1724973500008	901.7346068274747	901.7353174509018	637.777503	0.2	902.3648094385402	1.5	903.4334809509035	901.7344842009018	
901.6894973500008	0.1330000000000382	BehavioralEpochs															-0.020636394836600402
902.1724973500008	0.88900000000001	BehavioralEpochs															0.39933277778450815
904.3976178609045	4.220059133417067	trials	1.0		0.125	-1.0	906.0566186109061	905.9434973500008	905.8510375380772	905.8519390809058	642.461602	0.2	906.0558403108066	0.0	908.1176124909081	905.8508391909058	
904.6664973500008	0.4880000000000564	BehavioralEpochs															-0.4666620451968697
905.9434973500008	0.7540000000000191	BehavioralEpochs															-0.8992907943418516
907.9104973500008	1.1269999999999527	BehavioralEpochs															0.6090554735649505
909.0945814509091	4.305422281285246	trials	1.0	0.125		1.0	911.8391069709119	911.7644973500009	911.4999922232349	911.5008741309115	647.2439029999999	0.2	911.83899374141	1.5	912.8999342109129	911.4998075709115	
909.3444973500008	0.8319999999999936	BehavioralEpochs															-0.736732140534059
910.6694973500008	0.06100000000003547	BehavioralEpochs															0.006187305413533295
911.7644973500009	1.1959999999999127	BehavioralEpochs															-1.3253287859387228
913.8798028809139	2.286522363019344	trials	-1.0		0.125	1.0	914.6030305509146	914.4324973500009	914.3846073765375	914.3855189709144	650.0102019999999	0.2	914.6029093206631	1.5	915.6662575509157	914.3844857409144	
914.4324973500009	1.4489999999999554	BehavioralEpochs															0.664270385883782
916.6342274109167	2.5334318356214	trials	-1.0		0.25	1.0	917.6024305809176	917.4424973500008	917.2680346249354	917.2688306109172	653.011503	0.2	917.6023384299947	1.5	918.6676240509187	917.2678307109172	
917.4424973500008	1.677000000000021	BehavioralEpochs															0.8220912505338447
919.3694973500009	2.1359999999999673	BehavioralEpochs															-0.7763374465038453
919.6266614709197	8.990476655373755	trials	1.0		0.25	-1.0	926.055385200926	925.9014973500008	925.9496139756311	925.9503957009259	662.4609019999999	0.2	926.0546148475404	0.0	928.1171123409281	925.949495790926	
921.9124973500008	0.7270000000000891	BehavioralEpochs															0.8454611594153789
923.0204973500008	1.41700000000003	BehavioralEpochs															1.2406463018265015
924.8264973500009	0.5039999999999054	BehavioralEpochs															0.18999089690109372
925.9014973500008	0.5819999999999936	BehavioralEpochs															-1.2101189058751345
927.2524973500008	0.6900000000000546	BehavioralEpochs															-0.9577619146397467
928.7094973500008	0.7549999999999955	BehavioralEpochs															0.5050253167214294
929.1668406909291	4.60022550291535	trials	-1.0		0.0	1.0	932.2110362409322	931.8444973500008	930.7331483528336	930.7340172909308	667.6108029999999	0.2	932.2109555818207	1.5	933.2670306309333	930.7329507309307	
929.8184973500008	0.6230000000000473	BehavioralEpochs															0.6752756462227865
931.8444973500008	1.1860000000000355	BehavioralEpochs															0.5570335341785722
933.7384973500008	0.2820000000000391	BehavioralEpochs															0.09310212271984142
934.2509655609342	3.716344335151007	trials	-1.0		0.0625	1.0	936.4117827909364	936.2604973500008	935.9330847229822	935.933963910936	671.811002	0.2	936.4116901750697	1.5	937.4672772309375	935.9329306809359	
934.4334973500008	1.0199999999999818	BehavioralEpochs															-0.7861364538525777
936.2604973500008	1.1580000000000155	BehavioralEpochs															0.6026227209377168
938.4400132809385	3.592826319719393	trials	-1.0		1.0	1.0	940.4693103309405	940.3264973500009	940.1827250772955	940.1835722409402	675.876502	0.2	940.4692270166173	1.5	941.5327706409415	940.1826056709402	
938.7694973500008	0.8220000000000027	BehavioralEpochs															0.6821981204188887
940.3264973500009	0.8999999999999773	BehavioralEpochs															0.9225325119591901
941.6494973500008	0.3210000000000264	BehavioralEpochs															0.06975259194530281
942.4982407509425	2.4523065888035944	trials	-1.0		0.25	1.0	943.3844521209434	943.2574973500008	943.0673418158555	943.0682170809431	678.7942019999999	0.2	943.3843424090331	1.5	944.4505121709444	943.067183850943	
943.2574973500008	0.7770000000000437	BehavioralEpochs															0.8675271334180934
945.3944973500008	0.6480000000000246	BehavioralEpochs															1.0966995730097722
945.4428462609454	3.0732401526584	trials	-1.0		0.125	1.0	946.957561440947	946.6684973500008	946.6493612391937	946.6501588509467	682.359702	0.2	946.9574650641404	1.5	948.016022250948	946.6492589409467	
946.6684973500008	1.0009999999999764	BehavioralEpochs															1.2634696777676595
948.0654973500009	0.8479999999999563	BehavioralEpochs															0.0976320790147156
949.000790430949	7.831644304729593	trials	-1.0		0.0	1.0	955.2740297109552	955.0714973500009	955.1340235612546	955.1347436409551	690.6760019999999	0.2	955.2739243169661	1.5	956.3323572009564	955.1338437309552	
949.2684973500009	0.6739999999999782	BehavioralEpochs															0.39163310340822477
950.5654973500009	0.7189999999999372	BehavioralEpochs															0.1647059271085709
951.7144973500009	0.6809999999999263	BehavioralEpochs															-1.4221525761202258
952.6944973500008	0.10900000000003729	BehavioralEpochs															0.08091879839577132
953.2624973500009	1.1319999999999482	BehavioralEpochs															1.2475484970620414
955.0714973500009	1.2169999999999845	BehavioralEpochs															0.7553421440511556
956.7684973500009	4.872999999999934	BehavioralEpochs															3.4098347221908227
957.5387365509575	7.210456223983101	trials	1.0	0.25		1.0	963.1950042009632	962.8154973500009	962.3172718237159	962.3179919109623	698.592703	0.8	963.1948783017683	1.5	964.2491321109643	962.3171586609624	
962.8154973500009	0.7599999999999909	BehavioralEpochs															-0.7588671733990964
963.8044973500008	0.29500000000007276	BehavioralEpochs															-0.03413795849078838
964.3484973500009	2.6389999999998963	BehavioralEpochs															2.7123330766545166
965.2891947609653	4.06123841664521	trials	1.0	0.125		1.0	967.7979438609678	967.7134973500008	967.5503155929254	967.5512685309676	703.193902	0.8	967.7978178731915	1.5	968.8503719409689	967.5502019709676	
967.7134973500008	1.1060000000001082	BehavioralEpochs															-1.384121908263893
969.4164973500009	0.0989999999999327	BehavioralEpochs															-0.017902338427489894
969.8761360209699	3.50763379338548	trials	1.0		0.0	-1.0	970.8269076009708	970.6744973500008	970.5160418211112	970.5169052709705	707.2272019999999	0.8	970.8259446300873	0.0	972.8836685709729	970.5159053709705	
970.6744973500008	0.6380000000000337	BehavioralEpochs															-0.476787442878873
971.9904973500009	1.0349999999999682	BehavioralEpochs															-0.9309459987865978
973.8489720309739	3.2844244877330766	trials	1.0	0.0		1.0	975.5745994509756	975.3974973500009	974.6324771569097	974.6335269009746	710.976803	0.8	975.5744833198089	1.5	976.6333269009766	974.6322936909746	
973.9644973500009	0.16099999999994452	BehavioralEpochs															-0.2618864946295787
975.3974973500009	0.6689999999999827	BehavioralEpochs															-0.28989940243627643
976.3114973500009	0.3490000000000464	BehavioralEpochs															0.03896422104887165
977.6029965909776	2.4795327720366913	trials	1.0	0.125		1.0	978.5251043709785	978.2674973500009	978.215903950227	978.2168352009783	713.925903	0.8	978.5250076616711	1.5	979.5824319609796	978.2157019809782	
978.2674973500009	1.1129999999999427	BehavioralEpochs															-1.2450900660484194
979.6644973500008	0.21199999999998909	BehavioralEpochs															0.04356909830480049
980.3184973500008	0.3420000000000982	BehavioralEpochs															-0.1667639682297306
980.5787323209806	2.404910465337025	trials	1.0	0.25		1.0	981.4277474109814	981.2734973500009	981.3003348610372	981.3011267409813	716.827002	0.8	981.4276353091376	1.5	982.4835751509825	981.3001268409813	
981.2734973500009	1.1340000000000146	BehavioralEpochs															-1.1561951401607473
983.4764425209835	4.273852886713712	trials	1.0	0.0625		1.0	986.1912710109862	985.9904973500009	985.9157715649029	985.9167318009859	721.5936019999999	0.8	986.1911748439975	1.5	987.2501984409872	985.9155652509859	
983.6274973500009	0.5720000000000027	BehavioralEpochs															-0.7771732690901274
984.8124973500009	0.39800000000002456	BehavioralEpochs															-0.8026327390299457
985.9904973500009	1.3419999999999845	BehavioralEpochs															-0.6799601208460615
987.6594973500008	0.08100000000001728	BehavioralEpochs															-0.016100099578494564
988.0994973500009	0.9230000000000018	BehavioralEpochs															-0.9027125407355641
988.2418992609882	3.9747196967833816	trials	1.0	1.0		1.0	990.6523915209907	990.5034973500009	990.4821092351533	990.4830417909905	726.059902	0.8	990.6523099929441	1.5	991.7165517609917	990.4819752309905	
989.3824973500009	0.39199999999993906	BehavioralEpochs															-0.2764725320539583
990.5034973500009	1.3619999999999663	BehavioralEpochs															-0.8862152896662963
992.4774973500009	0.5169999999999391	BehavioralEpochs															-0.41111987419117213
992.7092191509927	2.656217574100424	trials	1.0	0.25		1.0	993.8043429609938	993.6394973500009	993.4822236833211	993.4830084309934	729.208702	0.8	993.8042255713026	1.5	994.8653701809949	993.4820418609935	
993.6394973500009	1.5489999999999782	BehavioralEpochs															-1.0864003988382933
995.8576376109959	3.3920411646851107	trials	1.0	1.0		1.0	997.6940539509977	997.5804973500009	997.450055997142	997.4509449309975	733.092902	0.8	997.6939588132568	1.5	998.7496150509987	997.4499117009974	
996.2184973500009	0.625	BehavioralEpochs															-1.0657493584042186
997.5804973500009	2.3920000000000528	BehavioralEpochs															-1.3282574024742928
999.7420824609998	5.6398493467746675	trials	1.0		0.125	-1.0	1002.8295736810028	1002.6994973500009	1002.7489071702817	1002.7495483510028	739.225103	0.8	1002.8249077948345	0.0	1004.8818351010049	1002.7486817710028	
1000.5944973500009	1.6019999999999754	BehavioralEpochs															-2.12573674311011
1002.6994973500009	1.5760000000000218	BehavioralEpochs															-0.8296268962911313
1005.3624973500009	0.5079999999999245	BehavioralEpochs															-0.8806928691010967
1005.901933081006	2.497703019984556	trials	1.0	0.125		1.0	1006.8382394410069	1006.7344973500009	1006.4166332911935	1006.4175148510064	742.242802	0.8	1006.8381334633212	1.5	1007.899633291008	1006.4164816210065	
1006.7344973500009	0.9039999999999964	BehavioralEpochs															-0.9037010153049323
1008.8894343010089	4.943552574030377	trials	1.0	0.25		1.0	1012.2708627910123	1012.0114973500009	1012.0487666219292	1012.049451601012	747.676102	0.8	1012.2707688930792	1.5	1013.3328899110134	1012.0486516810121	
1009.0924973500009	0.45099999999990814	BehavioralEpochs															-0.1569286940967629
1010.2394973500009	0.48300000000006094	BehavioralEpochs															-1.0629366603208439
1011.0604973500009	0.3229999999999791	BehavioralEpochs															-0.4640583337911437
1012.0114973500009	1.7579999999999245	BehavioralEpochs															-0.8342079921315531
1014.0404973500009	1.1680000000000064	BehavioralEpochs															-1.2261077848772288
1014.3320899810143	6.666246419710774	trials	1.0		0.125	-1.0	1018.4497115110184	1018.2234973500009	1017.9652141898894	1017.9660598810179	754.841402	0.8	1018.4488174123198	0.0	1020.4982399710206	1017.965093311018	
1015.7004973500009	0.5190000000000055	BehavioralEpochs															-0.49071036087715925
1016.5704973500009	0.7770000000000437	BehavioralEpochs															-1.092036367533126
1018.2234973500009	1.2200000000000273	BehavioralEpochs															-0.806456239239111
1020.279497350001	0.4660000000000082	BehavioralEpochs															-0.8544221163764405
1021.4114973500009	0.47100000000000364	BehavioralEpochs															0.5154900986080975
1021.5191378710215	2.8794286887944054	trials	1.0	0.0		1.0	1022.8435387510228	1022.750497350001	1022.2662445363262	1022.2670297410223	758.2416029999999	0.8	1022.8434496858562	1.5	1023.8984665810239	1022.2660298410223	
1022.750497350001	0.9429999999999836	BehavioralEpochs															-1.439440351525917
1024.368497350001	0.4639999999999418	BehavioralEpochs															-0.148705288674563
1024.885167901025	3.1811398751556226	trials	1.0	0.0		1.0	1026.5071723510266	1026.379497350001	1025.4663748209666	1025.4673096810254	761.909302	0.8	1026.5070872118533	1.5	1027.5662664310275	1025.4662431210254	
1026.379497350001	0.93100000000004	BehavioralEpochs															-0.8185294720619822
1028.7571140010289	2.9246251293043315	trials	1.0	0.0625		1.0	1030.1265103810301	1029.966497350001	1029.8817225104285	1029.88260144103	765.5247029999999	0.8	1030.1264243619758	1.5	1031.181704851031	1029.88153488103	
1028.7614973500008	0.7330000000001746	BehavioralEpochs															-0.8362695304280976
1029.966497350001	1.1399999999998727	BehavioralEpochs															-1.0084477856578644
1031.3574973500008	0.7770000000000437	BehavioralEpochs															-0.36342824524831485
1032.1655397910322	3.499503183842535	trials	1.0		0.0625	-1.0	1033.1162447110332	1032.850497350001	1032.7997398243492	1032.8005762810328	769.508003	0.8	1033.1153398409288	0.0	1035.165006481035	1032.7995430510327	
1032.850497350001	1.941000000000031	BehavioralEpochs															-1.4444563175923975
1035.329497350001	0.8049999999998363	BehavioralEpochs															-2.018680003019938
1036.1630400010363	2.3685427632910887	trials	1.0	0.25		1.0	1036.982758021037	1036.824497350001	1036.799450953849	1036.8002096110367	772.374502	0.8	1036.9826541068269	1.5	1038.031519801038	1036.799309701037	
1036.824497350001	1.9090000000001055	BehavioralEpochs															-1.1059780323739972
1038.906497350001	0.4559999999999036	BehavioralEpochs															-0.2713188897914449
1039.006688941039	2.6927143090629215	trials	1.0	0.25		1.0	1040.1536742310402	1040.072497350001	1039.8828929463843	1039.8838345510399	775.542302	0.8	1040.1535941838265	1.5	1041.1993029910411	1039.8827679910398	
1040.072497350001	1.2819999999999254	BehavioralEpochs															-1.4508343796713348
1042.111497350001	0.7210000000000036	BehavioralEpochs															-1.6098657359975732
1042.1940035110422	2.837332227493107	trials	1.0	0.0		1.0	1043.4864075910434	1043.247497350001	1043.3649155726625	1043.3657863210433	778.874203	0.8	1043.4863168232225	1.5	1044.5313030910445	1043.3647864210434	
1043.247497350001	2.518000000000029	BehavioralEpochs															-1.3474085436888572
1045.5179377510456	4.030014125862863	trials	1.0	0.25		1.0	1047.999656221048	1047.7404973500009	1047.6994443149554	1047.7004194810477	783.390802	0.8	1047.9995452179255	1.5	1049.047884721049	1047.6992529310478	
1046.6334973500009	0.38599999999996726	BehavioralEpochs															-0.5645289682635166
1047.7404973500009	1.5620000000001255	BehavioralEpochs															-0.7455478981868566
1050.0478513810501	2.8169325417031814	trials	1.0	0.25		1.0	1051.3047923410513	1051.017497350001	1051.0826622333068	1051.083381151051	786.707603	0.8	1051.304664561487	1.5	1052.3646863410524	1051.082481241051	
1050.236497350001	0.36599999999998545	BehavioralEpochs															-0.9205254236980807
1051.017497350001	1.2590000000000146	BehavioralEpochs															-0.8473488926739208
1052.8274973500008	0.37400000000002365	BehavioralEpochs															-0.14253027430387988
1053.3661861810533	3.1486337421797543	trials	1.0		0.125	-1.0	1053.971992261054	1053.814497350001	1053.8992912167948	1053.899999461054	790.3576039999999	0.8	1053.9678918648008	0.0	1056.014787961056	1053.899099551054	
1053.814497350001	0.42699999999990723	BehavioralEpochs															-1.0429079890005255
1055.138497350001	0.6359999999999673	BehavioralEpochs															-1.0161738569449312
1056.4814973500008	0.5190000000000055	BehavioralEpochs															-0.9305241005286291
1057.020620701057	2.5439269135995346	trials	1.0	0.125		1.0	1058.012721481058	1057.747497350001	1057.6327266956332	1057.6339593610576	793.407302	0.8	1058.0126304161681	1.5	1059.0645162910591	1057.6325928310575	
1057.747497350001	1.1590000000001055	BehavioralEpochs															-1.0686447001267254
1060.05635043106	5.60935179842636	trials	1.0	0.25		1.0	1064.1111782410642	1063.873497350001	1063.8660835737455	1063.8669026710638	799.5084029999999	0.8	1064.111085705136	1.5	1065.1656727810653	1063.865869441064	
1060.157497350001	2.4039999999999964	BehavioralEpochs															-2.5728301551956747
1062.872497350001	0.6690000000000964	BehavioralEpochs															-0.8770739566035957
1063.873497350001	1.6190000000001419	BehavioralEpochs															-1.2460516041391827
1065.8744973500009	0.1470000000001619	BehavioralEpochs															-0.06843915900603292
1066.1889037810663	7.343444135348818	trials	1.0		0.0625	-1.0	1070.978491441071	1070.795497350001	1070.8146296927293	1070.8155077410709	807.375003	0.8	1070.9777306063622	0.0	1073.032252711073	1070.8144411810708	
1066.3554973500009	1.859000000000151	BehavioralEpochs															-1.7884218561943896
1068.377497350001	0.7469999999998436	BehavioralEpochs															-0.2841086277873899
1069.430497350001	0.6359999999999673	BehavioralEpochs															-1.0363196713200864
1070.795497350001	0.70900000000006	BehavioralEpochs															-0.6518724329317251
1072.0674973500008	0.6940000000001874	BehavioralEpochs															-0.8200939030536176
1073.512497350001	0.6820000000000164	BehavioralEpochs															-0.7230055570364016
1074.079447981074	2.7527380646788515	trials	1.0	1.0		1.0	1075.2879604510754	1075.1534973500009	1075.0143602297185	1075.015121071075	810.674802	0.8	1075.2878638129941	1.5	1076.3321560210763	1075.014221161075	
1075.1534973500009	1.3790000000001328	BehavioralEpochs															-0.8830042051903035
1077.3210904510772	2.743210404470119	trials	-1.0		0.25	1.0	1078.5168708610786	1078.126497350001	1077.8977920077093	1077.898432711078	813.9069029999999	0.8	1078.5167936785178	1.5	1079.5642327810797	1077.897599461078	
1077.420497350001	0.05600000000004002	BehavioralEpochs															-0.006314737606970766
1078.126497350001	1.5809999999999036	BehavioralEpochs															0.3250687164425301
1080.5664992110806	4.381140803820699	trials	1.0	1.0		1.0	1083.3923166010834	1083.250497350001	1083.2822232642836	1083.2830275310832	818.790202	0.8	1083.3922242385636	1.5	1084.4475444010845	1083.2820276310833	
1081.401497350001	1.1000000000001364	BehavioralEpochs															-2.237822797878863
1083.250497350001	1.0019999999999527	BehavioralEpochs															-1.4032109602107994
1084.464497350001	0.6469999999999345	BehavioralEpochs															-1.2985855945772755
1085.4654426010854	3.0667107671711165	trials	1.0	1.0		1.0	1086.985757221087	1086.818497350001	1086.7488462701042	1086.7496475010867	822.374702	0.8	1086.9856469470747	1.5	1088.032052581088	1086.7487142610867	
1085.838497350001	0.41099999999983083	BehavioralEpochs															-0.572090567443496
1086.818497350001	1.2259999999998854	BehavioralEpochs															-0.9347056042826125
1088.812497350001	0.4580000000000837	BehavioralEpochs															-0.13219770172574385
1089.029852791089	2.735438494832124	trials	1.0	1.0		1.0	1090.2092681710901	1090.004497350001	1089.9810651339446	1089.98195757109	825.607803	0.8	1090.2091680937906	1.5	1091.2652292310913	1089.98089101109	
1090.004497350001	1.11200000000008	BehavioralEpochs															-1.4797800953194553
1091.4224973500009	0.5460000000000491	BehavioralEpochs															-0.4105089237694983
1092.2750949010922	2.29012041880992	trials	-1.0		1.0	1.0	1093.022186851093	1092.796497350001	1092.7644988372338	1092.7652458810928	828.407702	0.8	1093.0221009090565	1.5	1094.0651825410941	1092.7642793110929	
1092.796497350001	0.8730000000000473	BehavioralEpochs															1.1590046787561903
1095.025497350001	0.5830000000000837	BehavioralEpochs															-1.16588630956295
1095.051517231095	2.846928239434419	trials	1.0	1.0		1.0	1096.3383218710962	1096.232497350001	1096.0974268709858	1096.0982125510961	831.740902	0.8	1096.3382290904003	1.5	1097.3984158510973	1096.0972793110961	
1096.232497350001	1.7699999999999818	BehavioralEpochs															-1.6453502718286188
1098.4084481710984	3.588821435746013	trials	1.0	0.25		1.0	1100.4344455511005	1100.2974973500009	1100.1308574990383	1100.1315091811002	835.839702	0.8	1100.4343591426923	1.5	1101.4972059311015	1100.1306759311	
1098.903497350001	0.5589999999999691	BehavioralEpochs															-1.1093832413486666
1100.2974973500009	1.1010000000001128	BehavioralEpochs															-0.9332833802325808
1101.898497350001	0.6700000000000728	BehavioralEpochs															-1.435239774545579
1102.5187704311024	2.329517423327161	trials	1.0	1.0		1.0	1103.2805609111033	1103.1814973500009	1103.031773607388	1103.032452391103	838.690703	0.8	1103.2804751472365	1.5	1104.3482541311043	1103.0316524711031	
1103.1814973500009	0.6800000000000637	BehavioralEpochs															-1.0894080403299995
1104.715497350001	0.4249999999999545	BehavioralEpochs															-0.34390549053725294
1105.3435879211054	2.3547135881999566	trials	1.0	0.25		1.0	1106.1265096211062	1105.943497350001	1105.863990482151	1105.864769131106	841.540702	0.8	1106.1263917735007	1.5	1107.1982024411072	1105.863869221106	
1105.943497350001	0.9269999999999072	BehavioralEpochs															-1.0663041596606604
1107.305497350001	0.7170000000000982	BehavioralEpochs															-1.9584014183172087
1108.2026019911082	2.3791401209564356	trials	1.0	1.0		1.0	1109.013320911109	1108.856497350001	1108.9139133884491	1108.914730771109	844.424102	0.8	1109.0132149795581	1.5	1110.08164740111	1108.913764201109	
1108.856497350001	1.2509999999999764	BehavioralEpochs															-0.9801590060701812
1110.362497350001	0.5710000000001401	BehavioralEpochs															0.17740375074134818
1111.075348021111	2.4717054717054907	trials	1.0	0.25		1.0	1111.978457701112	1111.697497350001	1111.6472485930117	1111.6480240811118	847.389403	0.8	1111.978348924112	1.5	1113.047017501113	1111.6470575111116	
1111.697497350001	1.2960000000000491	BehavioralEpochs															-1.4710949641800823
1113.381497350001	0.37800000000015643	BehavioralEpochs															-0.21927546051082913
1114.045350991114	4.219755444986504	trials	1.0	0.0625		1.0	1116.7015853411167	1116.367497350001	1115.9818755180158	1115.982657241116	852.107402	0.8	1116.7014846321695	1.5	1117.7650456511178	1115.981757331116	
1114.1044973500009	0.3240000000000691	BehavioralEpochs															-0.17308472144182474
1114.862497350001	0.41399999999998727	BehavioralEpochs															-0.5455539138911831
1116.367497350001	1.33199999999988	BehavioralEpochs															-0.5627681799707034
1117.929497350001	0.10300000000006548	BehavioralEpochs															-0.002568687688267346
1118.314497350001	0.5610000000001492	BehavioralEpochs															-1.7128812058442406
1118.7787109411188	11.401466521706425	trials	-1.0		0.125	1.0	1128.6241596311286	1128.503497350001	1128.2805638793889	1128.2815272311284	864.0224029999999	0.8	1128.6240657931626	1.5	1129.6801206911298	1128.2804606711284	
1119.540497350001	1.6479999999999109	BehavioralEpochs															-1.6867946512366814
1121.628497350001	1.125	BehavioralEpochs															-0.7932135211142111
1123.260497350001	0.3160000000000309	BehavioralEpochs															-0.16394512041713938
1124.329497350001	0.5209999999999582	BehavioralEpochs															-1.0139109198480298
1125.619497350001	0.8019999999999072	BehavioralEpochs															-1.2688491152202062
1126.873497350001	0.7070000000001073	BehavioralEpochs															-1.1172386710779278
1128.503497350001	0.8730000000000473	BehavioralEpochs															0.331741550324125
1129.838497350001	0.2459999999998672	BehavioralEpochs															-0.03108321080770793
1130.7757777811307	3.8213305226995544	trials	1.0	0.0625		1.0	1133.0383181711331	1132.896497350001	1132.8648933744473	1132.8658020911328	868.439302	0.8	1133.038194667981	1.5	1134.0970456211342	1132.864735531133	
1131.058497350001	1.2139999999999418	BehavioralEpochs															-1.4825957078797956
1132.896497350001	0.8569999999999709	BehavioralEpochs															-0.4349267184615542
1134.024497350001	0.3450000000000273	BehavioralEpochs															0.09334721546352398
1135.117910191135	2.2956192894339438	trials	1.0	0.0625		1.0	1135.855636411136	1135.564497350001	1135.714614685209	1135.7154504311357	871.2557019999999	0.8	1135.855515746404	1.5	1136.9135306111368	1135.7144838611357	
1135.564497350001	0.9519999999999982	BehavioralEpochs															-1.0253941663121395
1137.907531201138	2.8740280280132993	trials	-1.0		1.0	1.0	1139.2193666711391	1139.040497350001	1138.881539683135	1138.8824003711388	874.623703	0.8	1139.2192426239671	1.5	1140.2815271111403	1138.881400471139	
1137.983497350001	0.5709999999999127	BehavioralEpochs															-0.5047100826802762
1139.040497350001	1.5709999999999127	BehavioralEpochs															0.7872014493947574
1141.143497350001	1.237999999999829	BehavioralEpochs															1.057067199121775
1141.2801605711413	3.417939097733779	trials	1.0	0.125		1.0	1143.1305755111432	1143.033497350001	1142.8133767638317	1142.814040501143	878.540203	0.8	1143.1304801128417	1.5	1144.1980020911442	1142.8132405811427	
1143.033497350001	1.5009999999999764	BehavioralEpochs															-1.7025502403105577
1145.151497350001	1.3880000000001473	BehavioralEpochs															0.6199592152261175
1145.1992019611453	3.6973427531190737	trials	1.0	1.0		1.0	1147.3340217911473	1147.184497350001	1147.2467239757086	1147.2476637611474	882.738603	0.8	1147.3339249132764	1.5	1148.3964488711483	1147.2465305411472	
1147.184497350001	1.3579999999999472	BehavioralEpochs															-1.174019648714335
1148.818497350001	0.66599999999994	BehavioralEpochs															-0.240414529012412
1149.4124472611495	2.467504618637122	trials	1.0	0.0625		1.0	1150.3230228611503	1150.156497350001	1150.064747953403	1150.0656152711501	885.722002	0.8	1150.3229482274178	1.5	1151.3798505011514	1150.06454871115	
1150.156497350001	1.3510000000001128	BehavioralEpochs															-0.6500835267592606
1151.7964973500011	0.8419999999998709	BehavioralEpochs															-1.6133995518467827
1152.3806504111524	5.4994597093425455	trials	1.0		1.0	-1.0	1155.3288888911554	1155.037497350001	1155.2479799784887	1155.2488968911553	891.722103	0.2	1155.3234807570377	0.0	1157.3800170911575	1155.2478303311552	
1153.019497350001	0.70699999999988	BehavioralEpochs															-0.9399069592103046
1154.175497350001	0.3630000000000564	BehavioralEpochs															-1.0716965098248465
1155.037497350001	1.352999999999838	BehavioralEpochs															-0.8982777857166866
1157.456497350001	1.268000000000029	BehavioralEpochs															1.5504061349922154
1158.4145136311583	3.049711850069116	trials	-1.0		0.125	1.0	1159.9067977211598	1159.380497350001	1159.114616121938	1159.1155435211592	895.306202	0.2	1159.9067189400307	1.5	1160.964191971161	1159.1144769611592	
1159.380497350001	1.3880000000001473	BehavioralEpochs															0.7499652121937288
1161.2574973500011	0.0749999999998181	BehavioralEpochs															-0.01505836192689003
1161.964525261162	3.9486493690171756	trials	-1.0		0.0625	1.0	1164.3584525111644	1164.210497350001	1163.7631463823823	1163.7638119811638	899.755103	0.2	1164.3583533719022	1.5	1165.4130803711655	1163.7629787311637	
1162.395497350001	0.7329999999999472	BehavioralEpochs															-1.3662062964837105
1164.210497350001	1.5199999999999818	BehavioralEpochs															0.5016365372582641
1166.4386778011665	2.4411077791578464	trials	-1.0		0.125	1.0	1167.3144568811674	1166.822497350001	1166.8977786999862	1166.8984651511669	902.7217029999999	0.2	1167.3143795156	1.5	1168.3797503411683	1166.897631901167	
1166.822497350001	0.5890000000001692	BehavioralEpochs															0.3706365080152807
1167.694497350001	0.39599999999995816	BehavioralEpochs															0.16503177842545824
1168.701497350001	0.07099999999991269	BehavioralEpochs															0.008659276989931186
1169.292497350001	0.6690000000000964	BehavioralEpochs															-0.34380727026749014
1169.3807835611694	3.2156259464470622	trials	-1.0		0.0625	1.0	1171.045183771171	1170.868497350001	1170.4975915306209	1170.4984051211704	906.438303	0.2	1171.0450954375647	1.5	1172.0963453111722	1170.4974385511705	
1170.868497350001	1.0830000000000837	BehavioralEpochs															0.912573864392499
1173.1140102011732	3.4498337056329547	trials	-1.0		0.125	1.0	1174.998421741175	1174.854497350001	1174.6309241423426	1174.6316917511747	910.405702	0.2	1174.9983275189566	1.5	1176.063781861176	1174.6307585111747	
1173.464497350001	0.5080000000000382	BehavioralEpochs															0.5922895553555918
1174.854497350001	1.3279999999999745	BehavioralEpochs															0.9646105592575509
1177.082246671177	2.6307252998367403	trials	-1.0		0.125	1.0	1178.1521396711782	1177.7854973500012	1177.6962521093071	1177.6970185211776	913.554802	0.2	1178.1520561462773	1.5	1179.2128669211793	1177.6960519511777	
1177.7854973500012	1.0559999999998126	BehavioralEpochs															0.3441891000190651
1180.240497350001	0.79099999999994	BehavioralEpochs															0.4018887179518913
1180.4502765011805	6.697241545857651	trials	-1.0		0.25	1.0	1185.5929955111856	1185.457497350001	1184.4138993137428	1184.4146133611844	920.989303	0.2	1185.592906099496	1.5	1186.6474233911867	1184.4137801111845	
1181.529497350001	1.6199999999998909	BehavioralEpochs															3.1814278887666774
1183.676497350001	0.5480000000000018	BehavioralEpochs															-0.02898507308509579
1185.457497350001	2.219000000000051	BehavioralEpochs															3.4878554360251997
1187.6990182211878	4.6972432887478135	trials	-1.0		0.0625	1.0	1190.8350379211909	1190.7004973500011	1188.2796232010976	1188.2805600611882	926.2380029999999	0.2	1190.8349451183615	1.5	1191.896231791192	1188.2794268411883	
1190.7004973500011	0.5509999999999309	BehavioralEpochs															0.6896542109336394
1192.2754973500012	3.8969999999999345	BehavioralEpochs															2.818459996861236
1192.917562981193	5.478461423681665	trials	-1.0		1.0	1.0	1196.8362044111968	1196.686497350001	1196.7306043404249	1196.7314815511968	932.237702	0.2	1196.8361054847728	1.5	1197.895931761198	1196.7304816511967	
1196.686497350001	0.7799999999999727	BehavioralEpochs															1.4679282536529286
1198.931328211199	2.9481198941675757	trials	-1.0		0.125	1.0	1200.3254221212003	1200.0054973500012	1199.6641326590932	1199.6647548611998	935.721102	0.2	1200.3253366723952	1.5	1201.3793167212013	1199.6639216111996	
1200.0054973500012	0.556999999999789	BehavioralEpochs															0.3416786500409046
1201.0934973500011	0.2839999999998781	BehavioralEpochs															0.04664915146855719
1201.966497350001	0.9660000000001219	BehavioralEpochs															0.565041869119824
1202.3878491912023	7.5912503013680634	trials	-1.0		0.25	1.0	1208.4216790812084	1208.032497350001	1207.8140830022708	1207.8150064212077	943.820703	0.2	1208.4215867876499	1.5	1209.4790400012096	1207.813939861208	
1203.273497350001	1.2910000000001673	BehavioralEpochs															1.298151267237614
1204.856497350001	1.8510000000001128	BehavioralEpochs															-0.8313013861095442
1208.032497350001	2.173000000000002	BehavioralEpochs															1.635432589286836
1210.5454000212105	2.5005300351638198	trials	-1.0		1.0	1.0	1211.4903055212114	1211.393497350001	1211.0140050876623	1211.014986391211	946.8875029999999	0.2	1211.4902102362844	1.5	1212.5457999612127	1211.013853171211	
1211.393497350001	0.6489999999998872	BehavioralEpochs															2.0750737707084568
1212.549497350001	1.678000000000111	BehavioralEpochs															1.1829673706115784
1213.5532325412137	5.075739055029999	trials	-1.0		0.125	1.0	1217.077546741217	1216.879497350001	1216.630554400677	1216.6312580412166	952.470503	0.2	1217.0774575752112	1.5	1218.128841601218	1216.6304247912167	
1214.480497350001	1.5740000000000691	BehavioralEpochs															2.3260345223420984
1216.879497350001	0.24100000000021282	BehavioralEpochs															0.29694228111941356
1217.414497350001	0.66599999999994	BehavioralEpochs															0.13499505525419409
1219.1547723312192	2.3742121486243377	trials	-1.0		0.0	1.0	1219.97179062122	1219.801497350001	1219.7800747407161	1219.7808763812197	955.370503	0.2	1219.971675479017	1.5	1221.028918231221	1219.7799431412197	
1219.801497350001	1.2799999999999727	BehavioralEpochs															0.6951882558589091
1221.732497350001	0.900000000000091	BehavioralEpochs															0.21258504793121347
1222.043183461222	4.203727713529588	trials	-1.0	0.0625		-1.0	1223.6965181112237	1223.549497350001	1223.063489459556	1223.0641813512232	960.088403	0.2	1223.6956931762536	0.0	1225.7468463912257	1223.063348101223	
1223.549497350001	1.7129999999999654	BehavioralEpochs															1.9081215388880253
1226.482497350001	0.9200000000000728	BehavioralEpochs															1.24728843351798
1226.7651112212268	4.014943333734891	trials	1.0		0.0625	-1.0	1228.2234653712283	1228.1014973500012	1227.812321741403	1227.8131397412278	964.621503	0.2	1228.2224258612696	0.0	1230.2800263612303	1227.812139841228	
1228.1014973500012	0.5869999999999891	BehavioralEpochs															-1.3283927308712578
1230.040497350001	0.81899999999996	BehavioralEpochs															1.0107386627424262
1231.3082568612313	6.371742722182944	trials	-1.0		0.0	1.0	1236.1280081712362	1233.4194973500012	1232.4455639513355	1232.4464097012324	971.521403	0.2	1236.127886907364	1.5	1237.1799029712372	1232.4454431312324	
1231.348497350001	0.5070000000000618	BehavioralEpochs															-0.16457011717659498
1233.4194973500012	0.4859999999998763	BehavioralEpochs															0.27522992597309326
1236.117497350001	0.44000000000005457	BehavioralEpochs															0.16242554507186924
1236.9274973500012	0.8059999999998126	BehavioralEpochs															0.14596469748460095
1238.2105998912382	2.418036266005629	trials	-1.0		0.125	1.0	1239.0704139012391	1238.933497350001	1238.7288072347574	1238.7296813112387	974.470002	0.2	1239.0703120742244	1.5	1240.1286080712403	1238.7286814112388	
1238.933497350001	1.956000000000131	BehavioralEpochs															0.9754264140309488
1241.1299412612411	2.5489263767742614	trials	-1.0		1.0	1.0	1242.124241821242	1241.904497350001	1241.6969464613728	1241.6976511512416	977.5202029999999	0.2	1242.1241503793553	1.5	1243.178803021243	1241.6967845712418	
1241.904497350001	0.3710000000000946	BehavioralEpochs															0.4673932292243137
1242.6774973500012	0.5190000000000055	BehavioralEpochs															0.10338265419696313
1244.1829692612441	2.3624117845656656	trials	-1.0		1.0	1.0	1244.996554561245	1244.905497350001	1244.7802717351335	1244.7809427912448	980.386702	0.2	1244.9964726305877	1.5	1246.045316341246	1244.7801095412449	
1244.905497350001	0.900000000000091	BehavioralEpochs															1.4580564655963428
1246.1584973500012	2.2569999999998345	BehavioralEpochs															2.0101445505429467
1247.0633811912471	4.182226831080698	trials	-1.0		0.0625	1.0	1249.6830192012496	1249.5464973500011	1249.3632948464945	1249.3642510812494	985.086902	0.2	1249.6828967440626	1.5	1250.7455129412508	1249.3631178612493	
1248.7154973500012	0.13099999999985812	BehavioralEpochs															0.08586739178622338
1249.5464973500011	0.6449999999999818	BehavioralEpochs															1.0845190610882298
1250.451497350001	1.606999999999971	BehavioralEpochs															0.9388605487497443
1251.7827092112518	2.830329622625186	trials	1.0	0.0625		1.0	1253.049815821253	1252.931497350001	1252.5300165046035	1252.5308677212524	988.454302	0.2	1253.0497215766695	1.5	1254.112942831254	1252.5299011512525	
1252.931497350001	1.134999999999991	BehavioralEpochs															-1.3240309584143972
1255.1230418112552	2.2053266017983333	trials	-1.0		0.125	1.0	1255.7663441412558	1255.6484973500012	1255.6453474010627	1255.6461894912557	991.1696029999999	0.2	1255.7662486949698	1.5	1256.8283046012568	1255.6452229212557	
1255.6484973500012	0.9729999999999563	BehavioralEpochs															0.7977410711380628
1257.832770811258	2.395509302663413	trials	-1.0		0.0	1.0	1258.6708869912586	1258.460497350001	1258.4133723388395	1258.4141460012584	994.0695029999999	0.2	1258.670773016069	1.5	1259.7282145812596	1258.4131794312584	
1258.460497350001	1.0389999999999873	BehavioralEpochs															0.5717683093234882
1260.7555785012607	2.5407244501709556	trials	-1.0		1.0	1.0	1261.7496124212619	1261.635497350001	1261.4465846070805	1261.4474426412614	997.1375019999999	0.2	1261.7494872835678	1.5	1262.796241081263	1261.4463760812614	
1261.635497350001	1.1340000000000146	BehavioralEpochs															1.0128266184252084
1263.8180055612638	2.294718395434302	trials	1.0	1.0		1.0	1264.5594314112645	1264.3604973500012	1264.3286089869396	1264.3294210812644	999.953903	0.2	1264.5593105347334	1.5	1265.6126594112657	1264.3284211812643	
1264.3604973500012	3.8969999999999345	BehavioralEpochs															-2.2964130073320916
1266.6291244212666	5.765839900163428	trials	-1.0		0.125	1.0	1270.8413698212707	1270.604497350001	1270.1619470305886	1270.1627043612702	1006.236103	0.2	1270.8412513779938	1.5	1271.894897791272	1270.1617711212702	
1268.779497350001	0.9350000000001728	BehavioralEpochs															0.6411859889622065
1270.604497350001	1.8920000000000528	BehavioralEpochs															1.2560388302840408
1273.2074665212733	3.7552362867070315	trials	-1.0	0.0625		-1.0	1274.4096462912744	1274.2354973500012	1273.8795726578528	1273.880299231274	1010.803802	0.2	1274.4086774887771	0.0	1276.4626409712764	1273.8794326512739	
1274.2354973500012	0.7469999999998436	BehavioralEpochs															1.2446242265538956
1277.4833055612776	3.845127414978151	trials	-1.0		1.0	1.0	1279.7776427712797	1279.607497350001	1279.3948181957228	1279.3955809812794	1015.169502	0.2	1279.7775207252557	1.5	1280.8284043512808	1279.3946810712794	
1277.827497350001	0.8520000000000891	BehavioralEpochs															0.7471175978874385
1279.607497350001	0.9250000000001819	BehavioralEpochs															0.6575621495879886
1281.433497350001	1.0330000000001291	BehavioralEpochs															1.6266042894832253
1281.860234491282	3.1345311402330935	trials	-1.0		0.125	1.0	1283.4464758512834	1283.2944973500012	1283.0295453618046	1283.030217481283	1018.835802	0.2	1283.4463492366303	1.5	1284.4947043512846	1283.029417561283	
1283.2944973500012	1.375	BehavioralEpochs															0.7963505123108519
1285.3874973500012	0.6849999999999454	BehavioralEpochs															0.6272129059706799
1285.5196685112855	2.924919636710001	trials	-1.0		0.0625	1.0	1286.894397691287	1286.470497350001	1286.5794749017168	1286.5801957812866	1022.2856019999999	0.2	1286.8942767999126	1.5	1287.944559331288	1286.5793625312865	
1286.470497350001	1.1510000000000673	BehavioralEpochs															0.39078744996473347
1287.9294973500012	0.18000000000006366	BehavioralEpochs															0.1314794704891824
1288.977489361289	4.918351639710181	trials	-1.0		0.0	1.0	1292.3360201412922	1291.8334973500012	1289.4627942593515	1289.4634740912895	1027.736802	0.2	1292.3359232571343	1.5	1293.3958141512935	1289.4626741712896	
1291.8334973500012	1.9100000000000819	BehavioralEpochs															0.9063249977373573
1294.4269443612945	3.5512227042170252	trials	-1.0		0.0	1.0	1296.4297773912965	1295.6204973500012	1294.9283472845568	1294.9290941412949	1031.819102	0.2	1296.4296560374357	1.5	1297.4780725512976	1294.9281609012949	
1295.6204973500012	0.37200000000007094	BehavioralEpochs															0.10356573080522935
1296.184497350001	2.7480000000000473	BehavioralEpochs															2.9497112982464557
1298.5211682312986	5.074434962836676	trials	-1.0		0.0	1.0	1302.040716241302	1301.893497350001	1300.6290815086168	1300.6300239913007	1037.436503	0.2	1302.0405903994251	1.5	1303.0955107513032	1300.6289574313007	
1299.327497350001	0.7400000000000091	BehavioralEpochs															-0.46498977991242896
1301.893497350001	2.4890000000000327	BehavioralEpochs															2.231099536739322
1304.1651037813042	2.512626779833454	trials	-1.0		1.0	1.0	1305.1246411513052	1304.951497350001	1304.927711302233	1304.928660751305	1040.5186019999999	0.2	1305.124513243118	1.5	1306.1777025013062	1304.927560861305	
1304.951497350001	1.08400000000006	BehavioralEpochs															0.8018722246031018
1307.1989337013072	4.528655288091386	trials	-1.0		0.125	1.0	1310.1804688513103	1310.0244973500012	1309.7626633022635	1309.7636105413098	1045.568403	0.2	1310.1803681251051	1.5	1311.2275641313113	1309.7625106513099	
1307.4584973500012	0.7619999999999436	BehavioralEpochs															0.3122769937401131
1308.6264973500013	0.543999999999869	BehavioralEpochs															0.33602987670639095
1310.0244973500012	1.1610000000000582	BehavioralEpochs															0.9206580261927115
1312.2785923513122	2.7825035277433017	trials	1.0	0.125		1.0	1313.5036031713134	1313.3764973500013	1313.078792790665	1313.079578911313	1048.901902	0.2	1313.5034930238483	1.5	1314.5609974213146	1313.0786123413131	
1312.3574973500013	0.18399999999996908	BehavioralEpochs															0.09817716516135988
1313.3764973500013	1.1289999999999054	BehavioralEpochs															-1.1524132969057916
1314.7924973500012	1.0850000000000364	BehavioralEpochs															1.44839039760177
1315.5933941713156	3.702339590242218	trials	-1.0		0.0	1.0	1317.7367131513176	1317.5744973500011	1316.5123035010984	1316.5132021813165	1053.136502	0.2	1317.736615931671	1.5	1318.7957072413187	1316.5121022913165	
1317.5744973500011	1.2250000000001364	BehavioralEpochs															0.8586399823609838
1319.82953718132	3.2479196187030084	trials	1.0	0.125		1.0	1321.5283672813216	1321.441497350001	1321.1444443141806	1321.1451389413212	1056.918202	0.2	1321.5282463961578	1.5	1322.5774290313225	1321.144272361321	
1320.0504973500013	0.6469999999999345	BehavioralEpochs															0.7474571876462903
1321.441497350001	1.3430000000000746	BehavioralEpochs															-2.3349098743423156
1323.6233577613236	2.5374251417511005	trials	-1.0		0.0	1.0	1324.5942606613246	1324.3994973500012	1324.295663627912	1324.2964571113243	1060.001503	0.2	1324.594166232667	1.5	1325.6607540013256	1324.2955238713243	
1324.3994973500012	1.0190000000000055	BehavioralEpochs															0.5920238232528447
1326.6888845113267	2.271918917019775	trials	1.0	0.25		1.0	1327.4104123513275	1327.3304973500012	1327.1619878258794	1327.1628037813273	1062.801503	0.2	1327.4102895654764	1.5	1328.4607073113284	1327.1617705513272	
1327.3304973500012	1.6420000000000528	BehavioralEpochs															-2.0115220677924697
1329.4922041513296	2.6521426148501632	trials	-1.0		0.125	1.0	1330.5857281213307	1330.364497350001	1330.2288154317775	1330.2297637213303	1065.985002	0.2	1330.585620895888	1.5	1331.6442555913316	1330.2286971613303	
1330.364497350001	1.1560000000001764	BehavioralEpochs															0.8059585949645793
1332.6716528413326	4.240420675625273	trials	-1.0		0.25	1.0	1335.3435522913353	1335.1514973500011	1334.995463075838	1334.996320351335	1070.752702	0.2	1335.3434646085036	1.5	1336.4119787713364	1334.995253791335	
1332.9434973500013	0.6329999999998108	BehavioralEpochs															0.10557289436454198
1334.0614973500012	0.3160000000000309	BehavioralEpochs															0.2094462853131347
1335.1514973500011	2.3880000000001473	BehavioralEpochs															3.1517772142429124
1337.4602739313375	2.483627387131037	trials	1.0	0.25		1.0	1338.3723827113383	1338.2614973500013	1338.0606800685662	1338.0616471213382	1073.784502	0.8	1338.3722832537103	1.5	1339.4438755513395	1338.060547231338	
1338.2614973500013	0.8930000000000291	BehavioralEpochs															-1.770198840635146
1339.7644973500012	0.20499999999992724	BehavioralEpochs															0.03036532171697104
1340.4842048413404	3.5598207681234726	trials	1.0		0.0625	-1.0	1341.4846047913416	1341.3084973500013	1341.0120076240278	1341.012951961341	1077.884602	0.8	1341.4838101114697	0.0	1343.5439321713436	1341.0118187413411	
1341.3084973500013	0.6159999999999854	BehavioralEpochs															-0.44134509035882274
1342.4254973500013	0.8250000000000455	BehavioralEpochs															-1.1442808870937995
1344.027497350001	0.7840000000001055	BehavioralEpochs															1.5989015793489614
1344.6001265413447	2.8438258338858304	trials	1.0	0.125		1.0	1345.874732401346	1345.7624973500012	1345.494933726006	1345.4959036213454	1081.284503	0.8	1345.8746367747494	1.5	1346.943925471347	1345.4948037313454	
1345.7624973500012	1.0679999999999836	BehavioralEpochs															-1.8592909427741802
1347.1164973500013	0.7429999999999382	BehavioralEpochs															0.13558503693724333
1347.993953791348	3.117830954477313	trials	1.0	0.125		1.0	1349.5500648313496	1349.4504973500011	1349.2120647129325	1349.2128652213491	1084.952303	0.8	1349.5499677425717	1.5	1350.6117586513506	1349.2118653213493	
1348.1804973500011	0.2880000000000109	BehavioralEpochs															-0.044727996312360574
1349.4504973500011	1.3960000000001855	BehavioralEpochs															-1.3437443769377921
1351.6644867013517	3.4795288555783372	trials	1.0	0.0		1.0	1353.5730958213535	1353.2254973500012	1352.3940921228816	1352.3948136613524	1088.984503	0.8	1353.5730008830815	1.5	1354.6439553913547	1352.3939470813525	
1352.4784973500011	0.3430000000000746	BehavioralEpochs															0.03791602133463812
1353.2254973500012	1.2840000000001055	BehavioralEpochs															-0.8100957745967037
1355.6977166713557	2.9972128102897386	trials	1.0	0.125		1.0	1357.126240471357	1356.9834973500012	1356.894920589969	1356.895763521357	1092.535403	0.8	1357.1261213467205	1.5	1358.1948669313583	1356.894796951357	
1355.7854973500012	0.4130000000000109	BehavioralEpochs															0.3189199729740153
1356.9834973500012	0.8350000000000364	BehavioralEpochs															-1.1086230933235868
1358.3584973500012	0.7439999999999145	BehavioralEpochs															0.7485656211990204
1359.2478282913592	2.213925594376178	trials	1.0	1.0		1.0	1359.89233050136	1359.7334973500012	1359.7272334005029	1359.7280802613598	1095.302202	0.8	1359.8922351589692	1.5	1360.9616902213609	1359.7270803613596	
1359.7334973500012	1.7649999999998727	BehavioralEpochs															-2.2368837574454403
1362.2598603913623	2.600519001568955	trials	1.0	0.125		1.0	1363.2889574713633	1362.8664973500013	1362.877164189769	1362.8780652313628	1098.700803	0.8	1363.288866723066	1.5	1364.3603503213644	1362.877032001363	
1362.8664973500013	1.1569999999999254	BehavioralEpochs															-1.3140397506917907
1365.0034973500012	0.5299999999999727	BehavioralEpochs															-1.0721603263353359
1365.3996797113655	2.79542986923434	trials	1.0	0.0625		1.0	1366.6298900113666	1366.4524973500013	1366.5115903988772	1366.5123351013665	1102.035503	0.8	1366.6297915350078	1.5	1367.6950168213677	1366.5114685213666	
1366.4524973500013	0.9479999999998654	BehavioralEpochs															-0.5234153169866431
1367.5394973500013	0.20299999999997453	BehavioralEpochs															0.020419949356835332
1368.7445118613687	2.367209969528176	trials	1.0	0.0625		1.0	1369.5460317013697	1369.4614973500013	1369.4440142163367	1369.4449751413695	1104.952102	0.8	1369.545914559398	1.5	1370.6116251313706	1369.4438419213695	
1369.4614973500013	1.4689999999998236	BehavioralEpochs															-1.8513869453337861
1371.6465216313716	3.7982571213028677	trials	1.0	1.0		1.0	1373.874565471374	1373.7034973500013	1373.7271518260222	1373.7279134713738	1109.285102	0.8	1373.8744539637096	1.5	1374.944725111375	1373.7269802313738	
1371.681497350001	1.578000000000202	BehavioralEpochs															-0.5697711161352004
1373.7034973500013	0.9049999999999727	BehavioralEpochs															-1.5448462825959268
1376.0014973500013	0.5919999999998709	BehavioralEpochs															-1.060289683182532
1376.012484991376	2.9644128281036046	trials	1.0	1.0		1.0	1377.4163779213775	1377.2434973500012	1377.2270894279586	1377.2278967713773	1112.817202	0.8	1377.4162901190514	1.5	1378.4768052013785	1377.2269302013772	
1377.2434973500012	0.7210000000000036	BehavioralEpochs															-1.355843743214706
1378.7024973500013	0.3229999999998654	BehavioralEpochs															-0.5340816511083801
1379.5495979113796	4.578648059947454	trials	1.0	0.0625		1.0	1382.5707291013825	1382.4264973500012	1382.2949255286246	1382.2958232613823	1117.968502	0.8	1382.570628302119	1.5	1383.6281900113836	1382.2947233713824	
1379.6504973500012	0.2960000000000491	BehavioralEpochs															-0.3463725054738802
1380.7104973500013	1.0329999999999018	BehavioralEpochs															-1.203339082670169
1382.4264973500012	1.4929999999999382	BehavioralEpochs															-1.87239054713379
1384.3104973500012	0.5099999999999909	BehavioralEpochs															-0.3956621402168139
1384.6978497013847	4.7288355595319445	trials	1.0	0.0625		1.0	1387.8646663213879	1387.7124973500013	1387.5102690657836	1387.5111016813876	1123.266903	0.8	1387.8645715052683	1.5	1388.926560121389	1387.5100684513875	
1385.4834973500012	0.41399999999998727	BehavioralEpochs															-0.6015500128567055
1386.1674973500012	0.8399999999999181	BehavioralEpochs															-1.6478869598156223
1387.7124973500013	1.1019999999998618	BehavioralEpochs															-0.6917521699421627
1389.7954973500011	0.7320000000001983	BehavioralEpochs															-1.3768347766978195
1389.99898620139	2.794201997598293	trials	1.0	1.0		1.0	1391.2323961813913	1391.0984973500013	1391.061385820261	1391.0620798813911	1126.633403	0.8	1391.2322857589518	1.5	1392.2931567613923	1391.061179971391	
1391.0984973500013	1.1600000000000819	BehavioralEpochs															-1.0714456927040885
1393.3439850013933	3.049333631557147	trials	1.0	0.0625		1.0	1394.830902961395	1394.6724973500013	1394.5279972834708	1394.5286998513945	1130.233502	0.8	1394.8308004245291	1.5	1395.8932633813959	1394.5278332713945	
1393.4284973500012	0.5679999999999836	BehavioralEpochs															-1.3228521934981927
1394.6724973500013	1.6199999999998909	BehavioralEpochs															-1.2804567127150221
1396.5694973500013	0.05600000000004002	BehavioralEpochs															0.01634481877042049
1396.967722591397	3.2435200998281744	trials	1.0	0.0625		1.0	1398.6533540113987	1398.5384973500013	1398.3113296748895	1398.3119881513983	1134.051403	0.8	1398.653231477395	1.5	1399.7112148813997	1398.3111549013984	
1397.0254973500012	0.5800000000001546	BehavioralEpochs															-0.12100929315562325
1398.5384973500013	1.1499999999998636	BehavioralEpochs															-1.0616531629808605
1400.7670426214008	4.17615271602449	trials	1.0	0.125		1.0	1403.3835809414034	1403.1204973500012	1403.259972896039	1403.2609265414033	1138.783302	0.8	1403.3834743958657	1.5	1404.4431083114046	1403.2597933214033	
1400.9974973500011	1.66800000000012	BehavioralEpochs															-2.0797770828648936
1403.1204973500012	1.3079999999999927	BehavioralEpochs															-0.5622259229895121
1404.7084973500012	0.12800000000015643	BehavioralEpochs															0.00914685833566864
1405.3564973500013	0.8079999999999927	BehavioralEpochs															-0.7068480423953076
1405.5224003714056	2.9052202064460744	trials	1.0	0.25		1.0	1406.8612998014069	1406.7524973500012	1406.6113068205589	1406.6122247114067	1142.267703	0.8	1406.8612083006244	1.5	1407.927559831408	1406.6111581514067	
1406.7524973500012	1.0170000000000528	BehavioralEpochs															-1.07248180650123
1408.983720871409	3.2926155810218916	trials	1.0	0.25		1.0	1410.7106481614107	1410.4544973500012	1410.5099267030128	1410.5108681414106	1146.116403	0.8	1410.7105274695043	1.5	1411.7763082514118	1410.5097682514106	
1409.1764973500012	0.8130000000001019	BehavioralEpochs															-1.7595002088953322
1410.4544973500012	1.9269999999999072	BehavioralEpochs															-1.3436757805033892
1412.8361355914128	3.1914527547294256	trials	1.0	0.125		1.0	1414.4708721014144	1414.2284973500014	1414.1774565025978	1414.1781347114143	1149.867603	0.8	1414.4707610752143	1.5	1415.5275664214155	1414.1772681314142	
1412.9854973500012	0.5399999999999636	BehavioralEpochs															-0.8774393148939907
1414.2284973500014	1.237999999999829	BehavioralEpochs															-0.9309992931483748
1416.1314973500012	0.10300000000006548	BehavioralEpochs															-0.00444821016918695
1416.5846940314166	5.2083209986933525	trials	1.0	0.125		1.0	1420.2388952414203	1420.1274973500012	1420.042905982158	1420.04374809142	1155.633003	0.8	1420.238806659143	1.5	1421.2929898214213	1420.04278152142	
1416.9014973500014	0.9119999999998072	BehavioralEpochs															-0.6797074872251585
1418.2914973500012	0.7560000000000855	BehavioralEpochs															-1.412726360492087
1420.1274973500012	1.441000000000031	BehavioralEpochs															-1.1148944112856896
1421.8074973500013	0.2179999999998472	BehavioralEpochs															0.02952876095085344
1422.3837140714224	2.475828343512603	trials	1.0	0.0625		1.0	1423.2931231214234	1423.0504973500013	1422.9775201498455	1422.978387931423	1158.699503	0.8	1423.2930233794555	1.5	1424.3594831414243	1422.977321371423	
1423.0504973500013	0.95900000000006	BehavioralEpochs															-1.1956580076048908
1424.3414973500012	0.1770000000001346	BehavioralEpochs															0.01675766142184898
1424.6444973500013	0.18399999999996908	BehavioralEpochs															0.011724597594138686
1425.1614973500014	0.4130000000000109	BehavioralEpochs															-0.18841702045259012
1425.4072450214255	2.8702232841230853	trials	1.0	0.0		1.0	1426.7238466814267	1426.4854973500012	1426.2606510525218	1426.2613596014262	1162.117403	0.8	1426.7237543253136	1.5	1427.7773746514279	1426.2605263514263	
1426.4854973500012	1.2740000000001146	BehavioralEpochs															-0.5075642887973402
1428.2904973500013	1.3550000000000182	BehavioralEpochs															-1.3442093738061374
1428.831569221429	3.027936348285266	trials	1.0	1.0		1.0	1430.2985891714304	1429.9934973500012	1430.109683297984	1430.11070796143	1165.699403	0.8	1430.2984853773623	1.5	1431.3593830814314	1430.1095747414302	
1429.9934973500012	1.3800000000001091	BehavioralEpochs															-1.1342984280590542
1432.3554973500013	2.1009999999998854	BehavioralEpochs															-1.8315676078597392
1432.4344089014326	5.376135379174457	trials	1.0		0.125	-1.0	1435.2555934214354	1435.0174973500013	1435.127425621747	1435.128272821435	1171.650402	0.8	1435.2548264127493	0.0	1437.3104879114373	1435.1272729214352	
1435.0174973500013	0.6639999999999873	BehavioralEpochs															-0.9078565447385358
1436.1514973500014	0.9299999999998363	BehavioralEpochs															-1.5899006564297622
1438.3314973500012	0.6020000000000891	BehavioralEpochs															-0.8080283868306992
1438.3969459214384	3.995641030442357	trials	1.0	1.0		1.0	1440.8398682714408	1440.6264973500013	1440.5762666641756	1440.5771945414406	1176.232403	0.8	1440.8397691721877	1.5	1441.892463001442	1440.5761279814405	
1439.4434973500013	0.5419999999999163	BehavioralEpochs															-0.5921131704053835
1440.6264973500013	1.6579999999999018	BehavioralEpochs															-0.7296932664971507
1442.961989371443	2.3318115145891625	trials	1.0	0.25		1.0	1443.7373784914437	1443.6604973500014	1443.477491474868	1443.4781710814434	1179.1336019999999	0.8	1443.7372925349453	1.5	1444.7937395114448	1443.4772711714436	
1443.6604973500014	0.81899999999996	BehavioralEpochs															-2.1353087942453044
1445.1254973500013	0.2999999999999545	BehavioralEpochs															0.1792311495935337
1445.8441011314458	2.348509322420341	trials	1.0	0.25		1.0	1446.6409214414466	1446.5604973500012	1446.375802789239	1446.3764812214463	1182.032402	0.8	1446.6408036154855	1.5	1447.6925496014478	1446.3756479714464	
1446.5604973500012	1.0750000000000455	BehavioralEpochs															-1.6748189141675311
1448.2024973500013	0.21700000000009823	BehavioralEpochs															-0.02436754255452911
1448.7531102014489	2.3394396653175136	trials	1.0	1.0		1.0	1449.5441310914496	1449.4414973500013	1449.2936186726718	1449.2944560614494	1184.932303	0.8	1449.5440225971752	1.5	1450.5924929114506	1449.2934894914492	
1449.4414973500013	0.79099999999994	BehavioralEpochs															-1.1725051739117305
1450.4944973500012	0.20500000000015461	BehavioralEpochs															-0.09561443637079492
1451.6345553614517	3.2747178860943222	trials	1.0	0.125		1.0	1453.3559498714533	1453.2144973500012	1453.1438622224043	1453.144737661453	1188.749003	0.8	1453.3558631861106	1.5	1454.4091778714544	1453.1436711014533	
1451.7404973500013	0.9210000000000491	BehavioralEpochs															-0.921136058688802
1453.2144973500012	1.0540000000000873	BehavioralEpochs															-0.8638474755250627
1455.5084973500013	0.6489999999998872	BehavioralEpochs															-0.8248127176290154
1455.7790742014558	2.7646314264611647	trials	-1.0		0.25	1.0	1456.989986431457	1456.7544973500012	1456.6936839364707	1456.6943493314568	1192.383402	0.8	1456.9898870892275	1.5	1458.043614391458	1456.6935494114566	
1456.7544973500012	1.2960000000000491	BehavioralEpochs															1.564701165018846
1459.092709471459	2.716406254727872	trials	1.0	0.0625		1.0	1460.2446276014603	1459.9474973500012	1459.759210515405	1459.7599760714597	1195.648802	0.8	1460.2445112755352	1.5	1461.3090878114613	1459.7590428314597	
1459.9474973500012	1.538000000000011	BehavioralEpochs															-0.8391872322690972
1462.3134973500014	0.25299999999992906	BehavioralEpochs															-0.13922624569033815
1462.3743146114623	3.802655209380646	trials	1.0	1.0		1.0	1464.6122574614647	1464.3354973500013	1464.526944732551	1464.5279658914646	1200.016602	0.8	1464.6121459247452	1.5	1465.6768509914657	1464.5268326714645	
1463.2344973500012	0.6030000000000655	BehavioralEpochs															-0.7662265563125175
1464.3354973500013	1.01299999999992	BehavioralEpochs															-0.7677916996845511
1466.3214973500012	0.8260000000000218	BehavioralEpochs															-1.4470053079675722
1466.7601759814668	2.715306884743086	trials	-1.0		1.0	1.0	1467.910660921468	1467.7914973500012	1467.609277508971	1467.6102243014677	1203.315102	0.8	1467.9105780510004	1.5	1468.9753544414689	1467.6090910814676	
1467.7914973500012	0.70900000000006	BehavioralEpochs															1.0921373864108261
1468.7914973500012	0.7609999999999673	BehavioralEpochs															0.06330924813491379
1469.9864973500014	0.4179999999998927	BehavioralEpochs															-0.21125703691632225
1470.03428187147	2.842424345947393	trials	1.0	0.0625		1.0	1471.3214864714714	1471.1244973500013	1470.8268878237568	1470.827535871471	1206.716303	0.8	1471.3213915373651	1.5	1472.3766476114724	1470.826735951471	
1471.1244973500013	1.4949999999998909	BehavioralEpochs															-0.7864494416494949
1473.4445074814735	3.8311246709445186	trials	-1.0	0.0625		-1.0	1474.7238462014748	1474.5744973500014	1474.5589140760515	1474.5598292714747	1211.115202	0.8	1474.72301504713	0.0	1476.7755743414768	1474.5587627114746	
1473.7154973500012	0.34600000000000364	BehavioralEpochs															0.2378588367069483
1474.5744973500014	0.5069999999998345	BehavioralEpochs															0.4926052198798345
1475.5664973500013	0.650000000000091	BehavioralEpochs															-0.6245794071973023
1476.8994973500014	0.7769999999998163	BehavioralEpochs															-0.828650169991306
1477.850033551478	2.2767425028273465	trials	1.0	0.125		1.0	1478.5632622214787	1478.3994973500014	1478.3601424021679	1478.3611157714784	1213.966303	0.8	1478.563145924399	1.5	1479.6266892014796	1478.3599825514784	
1478.3994973500014	0.918999999999869	BehavioralEpochs															-0.9417094260129772
1480.3594973500012	0.5170000000000528	BehavioralEpochs															-0.4044108728101321
1480.6902828314808	2.868620951076309	trials	1.0	0.0		1.0	1482.003184861482	1481.7624973500012	1481.475688020132	1481.4764375414816	1217.398402	0.8	1482.0030915043371	1.5	1483.0588126214832	1481.4755043014816	
1481.7624973500012	1.3140000000000782	BehavioralEpochs															-0.6335372497510434
1483.2484973500013	0.16000000000008185	BehavioralEpochs															0.011521297228966887
1484.0464973500013	0.6209999999998672	BehavioralEpochs															-0.7625835128866072
1484.129405551484	2.9959105993514186	trials	1.0	0.25		1.0	1485.5732944814856	1485.3244973500014	1485.3267089881797	1485.3273857414854	1220.964802	0.8	1485.5732096957263	1.5	1486.6252226114866	1485.3265191614853	
1485.3244973500014	0.8719999999998436	BehavioralEpochs															-1.2014717172384621
1486.4974973500014	0.265999999999849	BehavioralEpochs															-0.08062745920830139
1487.6934157814876	7.165253486157553	trials	1.0	0.0		1.0	1493.3002550414933	1492.1314973500014	1492.2099482351755	1492.2106306814921	1228.698102	0.8	1493.3001560688988	1.5	1494.3586491914944	1492.2098307614922	
1487.8024973500014	0.6359999999999673	BehavioralEpochs															-1.1243801281188155
1488.9924973500013	0.6040000000000418	BehavioralEpochs															-0.5801103439905546
1489.8894973500014	0.6419999999998254	BehavioralEpochs															-1.2545085116690586
1490.9634973500013	0.5289999999999964	BehavioralEpochs															-0.33356431530521036
1492.1314973500014	0.5650000000000546	BehavioralEpochs															-0.20896368303914414
1493.1744973500013	0.900000000000091	BehavioralEpochs															-1.144234768743928
1494.8324973500014	0.32999999999992724	BehavioralEpochs															-0.09517224779017397
1495.4673716414954	2.6259392855827173	trials	1.0	0.0		1.0	1496.5361980814967	1496.1654973500013	1495.9264779854889	1495.927258981496	1231.932703	0.8	1496.5360864091401	1.5	1497.5931923714977	1495.9263590714959	
1496.1654973500013	1.137000000000171	BehavioralEpochs															-0.7494931463392902
1498.1914973500013	0.6910000000000309	BehavioralEpochs															-0.3460155291875253
1498.6798170314987	2.7132054626122226	trials	1.0	0.125		1.0	1499.8318018214998	1499.6324973500014	1499.3250178549085	1499.3258857514993	1235.232403	0.8	1499.8317185015637	1.5	1500.892929031501	1499.3248858514994	
1499.6324973500014	1.7719999999999345	BehavioralEpochs															-0.8215624629571607
1501.970821231502	2.337736849871362	trials	1.0	0.0625		1.0	1502.7611421915028	1502.3534973500014	1502.441828454534	1502.4425407215024	1238.147902	0.8	1502.7610333496336	1.5	1503.8084374515038	1502.4416741415025	
1502.3534973500014	1.0860000000000127	BehavioralEpochs															-0.4875835791635268
1504.869364681505	3.255717203988752	trials	1.0	0.0625		1.0	1506.5708611815066	1506.2534973500012	1505.993069583986	1505.993818891506	1241.964403	0.8	1506.5707721043768	1.5	1507.6250557515077	1505.992885651506	
1505.2034973500013	0.31500000000005457	BehavioralEpochs															-1.2440348201199072
1506.2534973500012	1.5060000000000855	BehavioralEpochs															-0.6056374224765477
1508.2874973500013	0.05899999999996908	BehavioralEpochs															-0.005490655579137638
1508.7017814015087	6.023536475014453	trials	1.0	1.0		1.0	1513.1767005315132	1513.0134973500014	1512.9264048793	1512.927092161513	1248.564603	0.8	1513.1766062697614	1.5	1514.2252290015142	1512.9262255815129	
1509.0764973500013	0.69399999999996	BehavioralEpochs															-2.009033181011773
1510.1174973500013	2.088000000000193	BehavioralEpochs															-1.5686206277531483
1513.0134973500014	1.4209999999998217	BehavioralEpochs															-0.9970108423900115
1515.2354973500014	0.46100000000001273	BehavioralEpochs															-0.4263511818782604
1515.3326182515154	2.726831626248668	trials	1.0	0.25		1.0	1516.5021346215165	1516.3804973500014	1516.242928141773	1516.2437271315162	1251.898702	0.8	1516.5020309568513	1.5	1517.5594288815175	1516.2428272215163	
1516.3804973500014	1.2390000000000327	BehavioralEpochs															-1.0862740328158793
1518.4824973500013	0.6470000000001619	BehavioralEpochs															0.30019172820180984
1518.6396541815186	3.8199245220296234	trials	1.0	0.125		1.0	1520.905960861521	1520.7354973500014	1520.5918656916324	1520.5926921915207	1256.298802	0.8	1520.9058675429671	1.5	1521.959555491522	1520.5917589515207	
1519.4384973500014	0.7339999999999236	BehavioralEpochs															-0.7520778787010727
1520.7354973500014	0.7479999999998199	BehavioralEpochs															-1.3620100658429806
1521.8984973500014	0.3089999999999691	BehavioralEpochs															-0.027083554602597815
1523.0460801615232	3.812126385063948	trials	1.0		0.0625	-1.0	1524.3133200915242	1524.0154973500014	1524.1417868830138	1524.1426371615241	1260.697403	0.8	1524.3124879301604	0.0	1526.3581489215264	1524.141603931524	
1523.1174973500013	0.39600000000018554	BehavioralEpochs															-0.8318663733027165
1524.0154973500014	0.4839999999999236	BehavioralEpochs															-0.49077988862137545
1525.2454973500014	0.44399999999996	BehavioralEpochs															-0.7470098052061758
1526.8024973500014	0.5609999999999218	BehavioralEpochs															-0.43752861258730036
1527.4426071315274	2.5486458590964958	trials	1.0	0.125		1.0	1528.4356411515284	1528.3464973500013	1528.1262188956548	1528.126938691528	1263.830402	0.8	1528.4355242184233	1.5	1529.4912355815295	1528.1261054415281	
1528.3464973500013	0.97199999999998	BehavioralEpochs															-1.2990089822231425
1530.5706609615306	3.487426441192383	trials	1.0		0.0	-1.0	1531.5039009615316	1531.3264973500013	1531.0593642464137	1531.0602453315312	1267.897203	0.8	1531.5028672274768	0.0	1533.5579955315336	1531.059145441531	
1531.3264973500013	0.48700000000008004	BehavioralEpochs															-0.5718611362327692
1532.4744973500015	0.41899999999986903	BehavioralEpochs															-0.32437513675631635
1533.4704973500013	0.5399999999999636	BehavioralEpochs															-0.8797811294645612
1534.6024973500014	0.6069999999999709	BehavioralEpochs															-0.7907307853538441
1534.6306882515346	3.9952100488758333	trials	1.0		0.0	-1.0	1536.0708442215362	1535.9554973500015	1535.9593905958063	1535.960188621536	1272.465003	0.8	1536.069790790589	0.0	1538.125805371538	1535.959188721536	
1535.9554973500015	0.31899999999996	BehavioralEpochs															-0.5125984861283541
1537.3394973500015	0.487999999999829	BehavioralEpochs															-0.7581980346604951
1538.6694973500014	0.29099999999994	BehavioralEpochs															-0.5351374073645161
1539.2159963415393	2.475325940964467	trials	1.0	1.0		1.0	1540.1349044415401	1540.0454973500014	1539.874902448186	1539.87579702154	1275.530403	0.8	1540.1348048569241	1.5	1541.1912654615412	1539.8747971215398	
1540.0454973500014	1.1790000000000873	BehavioralEpochs															-1.3042913073381897
1541.4244973500013	0.7470000000000709	BehavioralEpochs															-0.38357741813467783
1542.2663246115424	3.209649014814886	trials	1.0		0.0625	-1.0	1542.9284250615428	1542.7904973500013	1542.7261312035141	1542.7271118615427	1279.315003	0.8	1542.9275340909064	0.0	1544.975920291545	1542.7259786415427	
1542.7904973500013	0.625	BehavioralEpochs															-1.2731023973269089
1544.6814973500013	0.5820000000001073	BehavioralEpochs															-0.5423000454841826
1545.6234973500013	0.8109999999999218	BehavioralEpochs															-0.8849480061431905
1546.055978941546	2.7698001345381726	trials	1.0	0.25		1.0	1547.2809897615473	1547.1904973500014	1546.9914783114868	1546.992385291547	1282.664802	0.8	1547.2808781165759	1.5	1548.3256852815484	1546.991352061547	
1547.1904973500014	1.1520000000000437	BehavioralEpochs															-1.1916609865276655
1548.7054973500015	0.3160000000000309	BehavioralEpochs															-0.1313745489004532
1549.4115766815494	2.4638265511796362	trials	1.0	0.25		1.0	1550.3211857115502	1550.2104973500013	1550.0578828594491	1550.05871196155	1285.714403	0.8	1550.3210853753444	1.5	1551.3753469515514	1550.05771206155	
1550.2104973500013	0.5699999999999363	BehavioralEpochs															-1.0413005617076578
1550.9424973500013	0.9360000000001492	BehavioralEpochs															-0.21528543896829433
1552.4538057615525	4.1706530108049265	trials	-1.0		1.0	1.0	1555.0775433615552	1554.7924973500014	1554.8080339913881	1554.8089702215548	1290.463403	0.8	1555.0774372218348	1.5	1556.1243386715562	1554.8079036615547	
1552.6934973500013	0.3550000000000182	BehavioralEpochs															-0.12073648914929436
1553.3354973500013	0.9650000000001455	BehavioralEpochs															0.3243243429992617
1554.7924973500014	1.3689999999999145	BehavioralEpochs															1.3727332126278498
1557.2156628615571	3.2420164106376888	trials	-1.0		1.0	1.0	1558.9144596315589	1558.7784973500013	1558.5924689814071	1558.5932584215586	1294.296602	0.8	1558.9143704122464	1.5	1559.95758864156	1558.5922918515587	
1557.2584973500013	0.7029999999999745	BehavioralEpochs															-0.1993225543448034
1558.7784973500013	1.2640000000001237	BehavioralEpochs															1.0466175482482072
1560.4534973500015	0.6009999999998854	BehavioralEpochs															-0.34470308275410844
1561.3641813015613	3.5612163026034978	trials	-1.0		0.0	1.0	1563.3816795315633	1563.2664973500014	1563.1588885094877	1563.1599017115632	1298.764302	0.8	1563.381589403902	1.5	1564.4253751515644	1563.1587018315631	
1561.8734973500013	0.6900000000000546	BehavioralEpochs															-0.9919335816678085
1563.2664973500014	1.2560000000000855	BehavioralEpochs															0.43053485183423845
1564.8064973500013	0.34600000000000364	BehavioralEpochs															-0.11025073858581891
1565.5297980315656	2.4791250294674683	trials	-1.0		1.0	1.0	1566.4389071115666	1566.3194973500015	1566.1911041746719	1566.191898481566	1301.847802	0.2	1566.438806475666	1.5	1567.5088667715675	1566.1909319115662	
1566.3194973500015	0.5670000000000073	BehavioralEpochs															0.9754840251583801
1567.6444973500013	0.12100000000009459	BehavioralEpochs															-0.022529412012374905
1568.5795263615687	3.394731794089239	trials	-1.0		0.25	1.0	1570.4102432715704	1570.0314973500015	1570.0075388946157	1570.00848345157	1305.813102	0.2	1570.4101424280923	1.5	1571.4742368615714	1570.00735023157	
1568.7994973500015	0.7059999999999036	BehavioralEpochs															-1.3458616119885392
1570.0314973500015	0.95699999999988	BehavioralEpochs															0.8690198445271449
1572.5628613215727	3.6446391721453892	trials	-1.0		0.0625	1.0	1574.6403868815746	1574.4884973500014	1574.042176003406	1574.043079951574	1310.046303	0.2	1574.64028193946	1.5	1575.7074468315757	1574.042046721574	
1572.6634973500013	0.6230000000000473	BehavioralEpochs															0.5491775943671087
1574.4884973500014	1.3600000000001273	BehavioralEpochs															1.0913377928185355
1576.8078034515768	2.650710566428643	trials	-1.0		0.125	1.0	1577.895194701578	1577.7534973500015	1577.525605500536	1577.5263982515776	1313.297303	0.2	1577.8951065552733	1.5	1578.958488361579	1577.5253983515775	
1577.7534973500015	1.3129999999998745	BehavioralEpochs															0.8773022236554198
1580.04831270158	2.509320956006377	trials	1.0	0.125		1.0	1580.999717551581	1580.8254973500013	1580.540616420559	1580.5413633915805	1316.396402	0.2	1580.9996198879803	1.5	1582.0575450915821	1580.5404968115806	
1580.8254973500013	1.0890000000001692	BehavioralEpochs															-1.1668161593269701
1582.8624973500014	0.3410000000001219	BehavioralEpochs															0.040434822164058914
1583.1472361115832	3.6599374822449136	trials	1.0		0.0	-1.0	1584.2446596915843	1584.0484973500013	1583.7086415542788	1583.7093132315838	1320.645902	0.2	1584.243846742969	0.0	1586.3071534215862	1583.7085133115838	
1584.0484973500013	0.8780000000001564	BehavioralEpochs															-1.3447374014243678
1585.0914973500014	1.1320000000000618	BehavioralEpochs															-0.14472614305742582
1587.4010773515874	2.9395131252765623	trials	-1.0		0.125	1.0	1588.7766731115887	1588.6654973500015	1588.0919799664705	1588.0929414915881	1324.179302	0.2	1588.7765825575095	1.5	1589.8405667115899	1588.0918082715882	
1588.6654973500015	1.0559999999998126	BehavioralEpochs															0.4650278723769361
1590.933690721591	4.341535460926252	trials	-1.0		0.0625	1.0	1593.7076133015937	1593.5274973500013	1592.8753056859362	1592.8762297815929	1329.113902	0.2	1593.7075120998875	1.5	1594.775206531595	1592.8751965515928	
1591.3494973500015	1.0009999999999764	BehavioralEpochs															1.2117156984701296
1593.5274973500013	1.4400000000000546	BehavioralEpochs															0.7132991016140977
1595.1864973500014	0.48900000000003274	BehavioralEpochs															0.03794798239539432
1595.884928881596	2.456625785255028	trials	-1.0		0.125	1.0	1596.7824391215968	1596.6524973500013	1596.4074337278391	1596.4081765515964	1332.180203	0.2	1596.7823372050768	1.5	1597.8414665415978	1596.4072433115964	
1596.1224973500014	0.08600000000001273	BehavioralEpochs															-0.006533228112971301
1596.6524973500013	1.0370000000000346	BehavioralEpochs															0.7832712937279211
1598.0934973500014	0.3550000000000182	BehavioralEpochs															-0.01800960957496045
1598.935057171599	2.2553150964110955	trials	-1.0		1.0	1.0	1599.6324874215995	1599.4644973500015	1599.4071597037268	1599.4082098515994	1335.0290029999999	0.2	1599.6323609115966	1.5	1600.6903482916007	1599.4069766415994	
1599.4644973500015	0.5249999999998636	BehavioralEpochs															0.6072901559059005
1600.5364973500014	0.05300000000011096	BehavioralEpochs															0.020298815205194387
1601.7820724416017	3.4083300779263936	trials	-1.0		1.0	1.0	1603.6247881516038	1603.4924973500015	1603.3747850951167	1603.3757797216033	1339.0290029999999	0.2	1603.624687080496	1.5	1604.6903482516047	1603.3746131716034	
1602.1244973500013	0.6910000000000309	BehavioralEpochs															0.8298958160972347
1603.4924973500015	1.3769999999999527	BehavioralEpochs															0.9924675036367603
1605.7961043316059	2.478623154764364	trials	-1.0		0.0625	1.0	1606.7030136316066	1606.5504973500015	1606.3249088448918	1606.3257513616063	1342.113302	0.2	1606.7029120711059	1.5	1607.7746397916078	1606.3248181216063	
1606.5504973500015	0.9700000000000273	BehavioralEpochs															0.696335495467622
1608.867030541609	4.4233581069292995	trials	1.0	0.25		1.0	1611.7273778116116	1611.5954973500013	1611.3905619801824	1611.3913447516113	1347.128903	0.2	1611.7272661748991	1.5	1612.7903048416129	1611.3904115116113	
1609.3494973500015	1.5740000000000691	BehavioralEpochs															0.9111985936233395
1611.5954973500013	1.747000000000071	BehavioralEpochs															-1.2066614047777762
1613.905493311614	2.4859955265014833	trials	1.0	0.125		1.0	1614.8193019216149	1614.7274973500014	1614.4749918286477	1614.4756362916146	1350.230002	0.2	1614.8191909323577	1.5	1615.8913947016158	1614.4748030416145	
1614.7274973500014	1.280999999999949	BehavioralEpochs															-2.0143747632223494
1616.3244973500014	0.07799999999997453	BehavioralEpochs															0.022553296825890357
1616.7664973500014	0.12800000000015643	BehavioralEpochs															0.010935821972339
1616.985385291617	2.438126868643849	trials	1.0	0.25		1.0	1617.864197401618	1617.7554973500014	1617.52359056051	1617.5242980616176	1353.262003	0.2	1617.8640938939513	1.5	1618.923424801619	1617.5234648116175	
1617.7554973500014	0.900000000000091	BehavioralEpochs															-1.916008105409901
1618.8534973500014	0.33900000000016917	BehavioralEpochs															-0.02360745410965137
1619.5504973500015	0.17799999999988358	BehavioralEpochs															0.015146217274605078
1620.0212150116201	3.8856463701583834	trials	1.0	0.0625		1.0	1622.3357502016224	1622.2254973500014	1621.991637004747	1621.9925845216221	1357.745303	0.2	1622.3356408443917	1.5	1623.4067430916234	1621.991451301622	
1620.5654973500014	0.8360000000000127	BehavioralEpochs															0.4714716191323305
1622.2254973500014	1.4710000000000036	BehavioralEpochs															-1.282652614859785
1624.5187652116244	3.204615973871796	trials	1.0		0.0625	-1.0	1625.1558681616252	1624.9904973500015	1624.991567273299	1624.992551161625	1361.561802	0.2	1625.1550679862512	0.0	1627.2233280616272	1624.991384611625	
1624.9904973500015	0.46299999999996544	BehavioralEpochs															-0.38512028111938434
1626.1884973500014	0.6150000000000091	BehavioralEpochs															-0.6457918188243639
1627.6644973500015	0.5779999999999745	BehavioralEpochs															-0.6989913294592043
1628.3416828816285	2.9484407917113913	trials	1.0	0.125		1.0	1629.7228114216298	1629.6214973500014	1629.4080969121035	1629.4088094916294	1365.128503	0.2	1629.7227010512518	1.5	1630.7900713516308	1629.4079762416295	
1628.5384973500015	0.34999999999990905	BehavioralEpochs															0.14432254626939311
1629.6214973500014	1.2290000000000418	BehavioralEpochs															-1.1852077939925607
1631.885128501632	3.5228189046815714	trials	1.0	0.0625		1.0	1633.8485321416338	1633.7474973500014	1633.2079348492814	1633.2087627916333	1369.246302	0.2	1633.8484379228146	1.5	1634.9078262016349	1633.2077962216333	
1631.9534973500015	0.6509999999998399	BehavioralEpochs															-1.055869832381859
1633.7474973500014	0.8700000000001182	BehavioralEpochs															-1.5187608920361981
1634.8824973500014	0.19900000000006912	BehavioralEpochs															0.04134494570814695
1635.4084973500014	0.5080000000000382	BehavioralEpochs															-0.9239572913948564
1636.019648341636	2.4537246792542646	trials	-1.0		0.0625	1.0	1636.905959701637	1636.3854973500015	1636.490052689483	1636.4907345616366	1372.311702	0.2	1636.9058565326693	1.5	1637.973352951638	1636.4898346516366	
1636.3854973500015	1.0449999999998454	BehavioralEpochs															0.46080003610705944
1639.0706765416392	4.853817478073097	trials	1.0	0.125		1.0	1642.3630806016424	1642.1504973500014	1642.0579860677071	1642.058677711642	1377.762802	0.2	1642.362987040308	1.5	1643.4244744516434	1642.057777801642	
1639.4474973500014	0.581000000000131	BehavioralEpochs															1.0613393577381203
1640.7244973500015	0.86200000000008	BehavioralEpochs															-1.035740214624866
1642.1504973500014	0.8140000000000782	BehavioralEpochs															-1.5291702046120008
1644.5616940516445	3.7128312440595437	trials	-1.0		0.0	1.0	1646.7051130216466	1646.5414973500015	1645.1397986050763	1645.1406361516451	1382.1128019999999	0.2	1646.7050109334477	1.5	1647.7744727416477	1645.1397029116451	
1646.5414973500015	1.36200000000008	BehavioralEpochs															0.6129958307535048
1648.8872281216488	2.352632444877372	trials	-1.0		0.0	1.0	1649.6809487416497	1649.5614973500014	1649.4567354915132	1649.4576044116495	1385.078102	0.2	1649.6808383915775	1.5	1650.7397761816508	1649.4565711816495	
1649.5614973500014	0.7439999999999145	BehavioralEpochs															0.7482170567247977
1651.838366311652	6.602441877905903	trials	-1.0		0.0	1.0	1656.8841950116569	1656.5734973500014	1653.5077761418268	1653.5085659416536	1392.2790029999999	0.2	1656.8840960229934	1.5	1657.9407560116579	1653.5076327016536	
1652.0024973500015	0.7850000000000819	BehavioralEpochs															1.22107305280133
1656.5734973500014	1.7440000000001419	BehavioralEpochs															0.6844960117666687
1659.0780089416592	3.26144112367615	trials	1.0	0.25		1.0	1660.7729394316607	1660.6614973500016	1660.439925278969	1660.4408059816606	1396.177602	0.2	1660.7728292724269	1.5	1661.839399441662	1660.4397394216605	
1659.3234973500014	0.44299999999998363	BehavioralEpochs															0.2601615748257018
1660.6614973500016	1.3139999999998508	BehavioralEpochs															-1.2551104176297372
1662.9468553516629	2.5942118649024906	trials	-1.0		0.125	1.0	1663.978252201664	1663.8284973500015	1663.5409576108311	1663.5417958516637	1399.379202	0.2	1663.9781592733598	1.5	1665.041012581665	1663.5407626216636	
1663.8284973500015	1.9990000000000236	BehavioralEpochs															1.145157509672913
1666.157767561666	2.3817290912063527	trials	-1.0		0.25	1.0	1666.978085521667	1666.6814973500016	1666.6231728554633	1666.6240875916667	1402.377602	0.2	1666.977976891216	1.5	1668.039479371668	1666.6230210316667	
1666.6814973500016	0.8329999999998563	BehavioralEpochs															1.0007625554261494
1667.8524973500014	0.10500000000001819	BehavioralEpochs															0.018861671603133345
1668.4834973500015	0.20900000000006003	BehavioralEpochs															0.06444849410769393
1669.1504016016693	2.6225106563008467	trials	-1.0		0.0625	1.0	1670.2189947316701	1670.0564973500016	1669.6739031300083	1669.6747491616698	1405.611003	0.2	1670.2189047211157	1.5	1671.2728893316712	1669.6737159316697	
1670.0564973500016	1.4420000000000073	BehavioralEpochs															0.8511345826782986
1672.7127120016728	4.0113341715418755	trials	-1.0		0.0	1.0	1675.1677331416752	1674.9274973500014	1673.6909198470562	1673.6916807616738	1410.5621019999999	0.2	1675.1676316905216	1.5	1676.2240275016763	1673.6907475216738	
1672.7134973500015	0.4420000000000073	BehavioralEpochs															0.5502674271763794
1674.9274973500014	0.7960000000000491	BehavioralEpochs															0.612591146390173
1676.0134973500014	0.09000000000014552	BehavioralEpochs															0.028402151691125255
1677.3410491216773	3.066228529718046	trials	-1.0		0.0	1.0	1678.854464431679	1678.6764973500015	1677.956254444576	1677.956954191678	1414.245302	0.2	1678.8543622152122	1.5	1679.9072258116798	1677.956087611678	
1678.6764973500015	1.09699999999998	BehavioralEpochs															0.5890595925096704
1680.4954973500014	13.615000000000009	BehavioralEpochs															-13.43556240952438
1681.022180971681	15.568023440386241	trials	-1.0		1.0	1.0	1695.032779771695	1694.8724973500016	1694.6390863174463	1694.6397857416946	1430.428103	0.2	1695.032689362515	1.5	1696.0901740216962	1694.6389524916947	
1694.8724973500016	2.8329999999998563	BehavioralEpochs															1.3348877525579042
1697.4187078216974	10.12028432826014	trials	-1.0		0.0625	1.0	1705.982784661706	1705.7134973500015	1698.3393153108161	1698.3400490116983	1441.376802	0.2	1705.9826774893766	1.5	1707.038945701707	1698.3391491016985	
1705.7134973500015	1.1269999999999527	BehavioralEpochs															0.6380843823696409
1707.7174973500016	0.6799999999998363	BehavioralEpochs															0.1801030604516427
1708.2066955817081	3.9823357590169053	trials	-1.0		0.25	1.0	1710.6253203617107	1710.4534973500015	1709.0569027890763	1709.0576104817092	1446.0268019999999	0.2	1710.625216083966	1.5	1711.6889473217118	1709.056743901709	
1710.4534973500015	1.4809999999999945	BehavioralEpochs															0.7710803994929165
1712.8155346517128	3.840021493571612	trials	-1.0		0.0625	1.0	1715.1035391617152	1714.8864973500015	1714.5236428779745	1714.5245637317146	1450.493303	0.2	1715.103445670309	1.5	1716.155500621716	1714.5234638417146	
1713.3844973500015	0.3430000000000746	BehavioralEpochs															-0.30132230687553374
1714.8864973500015	1.9639999999999418	BehavioralEpochs															0.8296448468772724
1717.2673560917174	5.822652420428312	trials	-1.0		0.125	1.0	1721.5292965217216	1721.0054973500016	1718.1235633588744	1718.1245037017181	1456.927703	0.2	1721.5291922645392	1.5	1722.5899571117227	1718.1234038117182	
1717.3184973500015	0.3109999999999218	BehavioralEpochs															0.15210265098937725
1721.0054973500016	1.8279999999999745	BehavioralEpochs															0.48435439858582185
1723.7191108517238	2.5709129785138884	trials	1.0	1.0		1.0	1724.7394088117248	1724.6134973500016	1724.4057137837094	1724.4064421117243	1460.127702	0.2	1724.7393152082802	1.5	1725.7900037417257	1724.4055422017245	
1724.6134973500016	0.5570000000000164	BehavioralEpochs															-0.7237417480309318
1725.4234973500015	0.20800000000008367	BehavioralEpochs															0.04608591858414002
1726.5414973500015	0.5160000000000764	BehavioralEpochs															-0.33252161760896115
1726.9156245017268	2.856418978616148	trials	-1.0		0.125	1.0	1728.2084285417282	1728.0114973500015	1727.7057291981262	1727.7064120817276	1463.609702	0.2	1728.2083321856094	1.5	1729.2720221717293	1727.7055455017278	
1728.0114973500015	1.3920000000000528	BehavioralEpochs															0.9593293087949064
1730.3762450717304	3.145950068207185	trials	1.0	0.0625		1.0	1731.968085871732	1731.7654973500016	1731.6735648939896	1731.6744152417316	1467.359802	0.2	1731.9679693923117	1.5	1733.0220804617331	1731.6734153417317	
1730.8084973500015	0.19499999999993634	BehavioralEpochs															-0.17045369316667802
1731.7654973500016	0.7639999999998963	BehavioralEpochs															-0.6430593417409796
1734.1349025017341	4.454624619281731	trials	1.0		0.0625	-1.0	1736.029979641736	1735.5374973500016	1734.6233049816992	1734.6239869217347	1472.4271019999999	0.2	1736.0291121199768	0.0	1738.089440341738	1734.6231536717346	
1735.5374973500016	0.68100000000004	BehavioralEpochs															-0.3986164243329995
1739.2100282717392	3.795021001915302	trials	-1.0		0.125	1.0	1741.4456380217414	1741.2594973500015	1740.9554370111136	1740.956253631741	1476.842602	0.2	1741.4455394650881	1.5	1742.5049987417426	1740.955287061741	
1739.4064973500015	0.8540000000000418	BehavioralEpochs															0.605014092323529
1741.2594973500015	0.4880000000000564	BehavioralEpochs															0.7267476483883684
1742.2034973500015	0.3160000000000309	BehavioralEpochs															-0.19107591771472698
1743.0914973500016	0.44899999999984175	BehavioralEpochs															0.5453651566426743
1743.6537505217436	7.3179656075992625	trials	1.0		0.0625	-1.0	1748.4131745317484	1748.2614973500015	1744.3396564836235	1744.3405485017443	1484.809202	0.2	1748.4123918837515	0.0	1750.4716686617505	1744.3394819417445	
1748.2614973500015	0.4090000000001055	BehavioralEpochs															-0.6376860187912712
1751.5344973500016	0.6159999999999854	BehavioralEpochs															-0.36156513784203526
1751.6266198217515	3.4963200080846946	trials	1.0	0.25		1.0	1753.5663258317536	1753.1154973500015	1753.206527507319	1753.2074617217531	1488.960403	0.2	1753.5662292571124	1.5	1754.6228868317546	1753.2063951617533	
1752.4614973500015	0.20800000000008367	BehavioralEpochs															-0.08942479545186188
1753.1154973500015	0.8810000000000855	BehavioralEpochs															-0.5810225396632518
1755.7585399217558	2.829719854571522	trials	-1.0		0.25	1.0	1757.0364454517571	1756.8024973500017	1756.2718429791266	1756.2727551617563	1492.4257029999999	0.2	1757.0363475327213	1.5	1758.0881736017582	1756.2717219317562	
1756.8024973500017	1.12299999999982	BehavioralEpochs															-0.6514547048539612
1758.7864973500016	0.24700000000007094	BehavioralEpochs															-0.10129361820054328
1759.2187605317592	7.235975540940672	trials	-1.0		0.0625	1.0	1764.909124771765	1764.6484973500017	1760.2396707664248	1760.2406916617604	1500.292103	0.2	1764.909017576811	1.5	1765.954653541766	1760.2394917817603	
1764.6484973500017	0.8669999999999618	BehavioralEpochs															0.4380541345985307
1766.5154973500016	0.1150000000000091	BehavioralEpochs															-0.008832590267900287
1767.095039491767	5.326334189000363	trials	-1.0		0.125	1.0	1770.848164141771	1770.6624973500016	1769.289752755228	1769.2906532417694	1506.258702	0.2	1770.848062172666	1.5	1771.921290151772	1769.2895533517692	
1767.3144973500016	0.696999999999889	BehavioralEpochs															0.2850101317158078
1768.3474973500015	0.30300000000011096	BehavioralEpochs															0.0778444179944131
1770.6624973500016	0.7270000000000891	BehavioralEpochs															0.4947635652395661
1773.066875581773	2.4889203620696208	trials	-1.0		1.0	1.0	1774.003181941774	1773.8294973500015	1773.6226796822311	1773.6238865417736	1509.393102	0.2	1774.003082488662	1.5	1775.055776671775	1773.6224866817736	
1773.8294973500015	0.44000000000005457	BehavioralEpochs															0.5992508611668654
1776.1708984817762	3.0505301407965817	trials	-1.0		0.125	1.0	1777.6624159817777	1777.1604973500016	1776.8382046376003	1776.8391649817768	1513.058702	0.2	1777.6623122399	1.5	1778.7214100717788	1776.8380317617768	
1777.1604973500016	1.3959999999999582	BehavioralEpochs															0.5287762596828429
1779.83273226178	2.471921111740812	trials	-1.0		0.25	1.0	1780.7462409017808	1780.5564973500016	1780.3227360502606	1780.3234498517804	1516.141902	0.2	1780.746139323817	1.5	1781.8046017217819	1780.3225166117804	
1780.5564973500016	0.52800000000002	BehavioralEpochs															0.6700568835401555
1782.9265561817829	3.3958286683844108	trials	-1.0		0.0625	1.0	1784.7742713917849	1784.5824973500016	1783.4890605992862	1783.4897665217834	1520.159602	0.2	1784.7741706916122	1.5	1785.8222999117859	1783.4889332717835	
1784.5824973500016	0.8679999999999382	BehavioralEpochs															0.5561828598533793
1786.943987731787	2.7940227360329573	trials	-1.0		0.25	1.0	1788.1613993117883	1787.8054973500016	1787.6047926359963	1787.6057215517876	1523.575202	0.2	1788.1612967661301	1.5	1789.2379249817893	1787.6046216617876	
1787.8054973500016	0.8730000000000473	BehavioralEpochs															0.5624272247770818
1790.3570130617904	2.515416697810224	trials	-1.0		0.125	1.0	1791.3049182617913	1791.1584973500017	1790.8725160739218	1790.8733280917909	1526.709602	0.2	1791.304818599905	1.5	1792.3724115017924	1790.872328191791	
1791.1584973500017	0.6620000000000346	BehavioralEpochs															1.0361346767265331
1793.5060314617936	2.598212285066438	trials	1.0	0.25		1.0	1794.5573596517945	1794.3954973500015	1794.1710338382702	1794.171964861794	1529.941403	0.2	1794.5572352184138	1.5	1795.6042216217957	1794.1708649717941	
1794.3954973500015	0.9139999999999873	BehavioralEpochs															-0.813388877134571
1796.7240429617968	2.5136445989417098	trials	-1.0		0.0	1.0	1797.6767810117976	1797.3434973500016	1797.4390550791659	1797.4402713317975	1533.0748019999999	0.2	1797.676659105861	1.5	1798.7376082517987	1797.4388714717975	
1797.3434973500016	0.6469999999999345	BehavioralEpochs															0.6678900867445918
1798.3624973500016	0.3630000000000564	BehavioralEpochs															0.023076707283109954
1799.0854973500016	0.49099999999998545	BehavioralEpochs															-0.22567055451759188
1799.8590960918	2.6619053316253485	trials	-1.0		1.0	1.0	1800.9530866818009	1800.7384973500016	1800.5557969637866	1800.5565596718006	1536.358102	0.2	1800.9529974609206	1.5	1802.020913221802	1800.5555931018005	
1800.7384973500016	0.6469999999999345	BehavioralEpochs															0.43454470852003624
1801.7404973500015	0.20800000000008367	BehavioralEpochs															0.03382384898810642
1802.2064973500017	0.9790000000000418	BehavioralEpochs															-0.16298306202440926
1803.1509002118032	3.9700349643851496	trials	-1.0		0.0625	1.0	1805.5573262118055	1805.3144973500016	1803.7224049571778	1803.7232096418038	1540.958002	0.2	1805.5572201921964	1.5	1806.6208531818068	1803.7222764018038	
1805.3144973500016	0.4659999999998945	BehavioralEpochs															0.48738440938080885
1807.7671385418078	2.8051201668122303	trials	-1.0		0.25	1.0	1808.999848591809	1808.8264973500015	1808.522243432097	1808.5231629318084	1544.409302	0.2	1808.9997465245524	1.5	1810.07217468181	1808.5220297118085	
1808.8264973500015	0.4450000000001637	BehavioralEpochs															0.6605708265546468
1809.5554973500016	0.16599999999993997	BehavioralEpochs															0.008303037243422295
1810.2464973500016	0.09400000000005093	BehavioralEpochs															-0.016564704855852597
1810.7144973500017	0.38199999999983447	BehavioralEpochs															0.17477390331470133
1811.2104608418113	2.4106205904904527	trials	1.0	1.0		1.0	1812.0476771118122	1811.9564973500017	1811.8041654204078	1811.8051013718118	1547.458102	0.2	1812.0475672975012	1.5	1813.1209697718132	1811.8040014818118	
1811.9564973500017	1.2100000000000364	BehavioralEpochs															-1.6518942861712844
1813.5584973500015	0.55600000000004	BehavioralEpochs															-0.13715958935136996
1814.6142870918147	3.3064357688037944	trials	-1.0		0.125	1.0	1816.3494135618164	1816.1074973500017	1815.1722926219913	1815.1730978718151	1551.757703	0.2	1816.3493042868977	1.5	1817.4206730918174	1815.1720979718152	
1816.1074973500017	0.6479999999999109	BehavioralEpochs															0.8210392239322459
1817.4114973500016	0.18900000000007822	BehavioralEpochs															-0.021710499138634987
1818.5565261618185	3.8822431698843047	trials	-1.0		0.0	1.0	1820.8797271518208	1820.6834973500015	1819.2052328740394	1819.2060278718193	1556.275703	0.2	1820.879650199371	1.5	1821.938654581822	1819.2050946318193	
1820.6834973500015	0.34700000000020736	BehavioralEpochs															0.403312991838618
1822.4594973500016	0.057999999999992724	BehavioralEpochs															-0.0014787877589128584
1823.0872730418232	3.4168257332739813	trials	-1.0		0.0625	1.0	1824.9314886018249	1824.7364973500016	1823.5709762600611	1823.5716579318237	1560.341003	0.2	1824.9313853113133	1.5	1826.003981341826	1823.5707580218236	
1824.7364973500016	0.38799999999991996	BehavioralEpochs															0.48801980248481414
1825.8454973500016	0.2720000000001619	BehavioralEpochs															-0.027893267446415848
1827.1499000718272	2.537416342102688	trials	-1.0		1.0	1.0	1828.1216028918282	1827.9674973500016	1827.7552032545989	1827.7559394618277	1563.524203	0.2	1828.1215051806678	1.5	1829.1872963118292	1827.7550395518278	
1827.9674973500016	0.3990000000001146	BehavioralEpochs															0.5879095121972
1829.0744973500016	0.9700000000000273	BehavioralEpochs															0.07313843720442037
1830.3164167218304	3.4388226900307473	trials	-1.0		0.125	1.0	1832.1927290718322	1831.9814973500015	1830.905320265029	1830.906257731831	1567.592102	0.2	1832.1926280102487	1.5	1833.2551894818332	1830.905157841831	
1831.9814973500015	0.4410000000000309	BehavioralEpochs															0.49749616452504597
1834.4034413118345	2.550514397440338	trials	-1.0		0.25	1.0	1835.3887427718355	1835.2224973500017	1834.9540439881823	1834.954852831835	1570.790802	0.2	1835.3886461006794	1.5	1836.4539362418366	1834.953852931835	
1835.2224973500017	0.4579999999998563	BehavioralEpochs															0.7232825770316822
1837.5819567618375	2.5884388667589064	trials	-1.0		1.0	1.0	1838.6079874818386	1838.4754973500017	1838.2552660915628	1838.2561560018382	1574.007203	0.2	1838.6078709774401	1.5	1839.6702812418396	1838.2551561018383	
1838.4754973500017	0.7239999999999327	BehavioralEpochs															1.0063249693715193
1840.8021013818409	2.6683057254840605	trials	-1.0		0.0625	1.0	1841.905291051842	1841.7574973500016	1841.355301946896	1841.3561126418413	1577.307203	0.2	1841.90520250858	1.5	1842.970384531843	1841.3551794018413	
1841.7574973500016	0.47299999999995634	BehavioralEpochs															0.8159099961331435
1844.101404751844	4.503647978336403	trials	-1.0		0.125	1.0	1847.042743921847	1846.8394973500017	1844.788411613043	1844.7890693118447	1582.441803	0.2	1847.0426341261657	1.5	1848.104971021848	1844.7883027218447	
1846.8394973500017	0.43100000000004	BehavioralEpochs															0.4627092656215268
1847.4664973500016	0.30500000000006366	BehavioralEpochs															0.0201294082618233
1849.2530562018492	2.584110240328073	trials	1.0	0.125		1.0	1850.2802534718503	1850.0354973500016	1849.770457851763	1849.7713710318499	1585.673902	0.2	1850.2801594771227	1.5	1851.3370477818514	1849.7703044718498	
1850.0354973500016	1.109000000000151	BehavioralEpochs															-1.5195353163204572
1852.4830665018526	3.0382281613938176	trials	-1.0		0.0625	1.0	1853.956085851854	1853.7864973500016	1852.9882706857522	1852.988982571853	1589.358003	0.2	1853.955978699924	1.5	1855.021245991855	1852.988149321853	
1853.7864973500016	0.5720000000001164	BehavioralEpochs															0.7460003232587837
1856.176797091856	3.061125948129529	trials	-1.0		0.0625	1.0	1857.6677146518578	1857.4664973500016	1856.6705009542532	1856.6712809718567	1593.074602	0.2	1857.6676087549342	1.5	1858.7378742918588	1856.6703144018568	
1857.4664973500016	1.058999999999969	BehavioralEpochs															0.9380882028867745
1859.7974973500015	0.055000000000063665	BehavioralEpochs															0.009350603721600237
1859.88622611186	3.1673442820679156	trials	-1.0		0.0625	1.0	1861.4830330818615	1861.2284973500016	1860.403533017584	1860.4042409718604	1596.890202	0.2	1861.4829474270923	1.5	1862.5534926918626	1860.4033743918603	
1861.2284973500016	0.4760000000001128	BehavioralEpochs															0.5012500645434557
1861.8784973500017	0.6539999999999964	BehavioralEpochs															0.11005555075536222
1863.7088771418637	2.5456152141587154	trials	-1.0		1.0	1.0	1864.6834796718647	1864.5684973500017	1864.371380320631	1864.3722108018644	1600.091103	0.2	1864.6833818176508	1.5	1865.7544059018658	1864.3712442318645	
1864.5684973500017	0.4659999999998945	BehavioralEpochs															0.7516081445766076
1866.889292401867	2.497418773074287	trials	-1.0		0.125	1.0	1867.8234989718678	1867.6644973500017	1867.4200957542885	1867.4208392418675	1603.223303	0.2	1867.8233983014468	1.5	1868.8866926418689	1867.4199060018675	
1867.6644973500017	0.2980000000000018	BehavioralEpochs															0.41195040110562786
1868.3444973500016	0.1750000000001819	BehavioralEpochs															0.0107701934018678
1868.7544973500017	0.06300000000010186	BehavioralEpochs															0.00619569656674912
1869.6244973500015	0.24300000000016553	BehavioralEpochs															-0.06152776694767681
1870.02431220187	3.547014450399274	trials	-1.0		1.0	1.0	1872.004614151872	1871.8704973500016	1871.688217573255	1871.6891123718717	1607.407903	0.2	1872.0045185943316	1.5	1873.0712741418731	1871.6880458118717	
1870.4384973500016	0.5710000000001401	BehavioralEpochs															0.24211776361750026
1871.8704973500016	0.8279999999999745	BehavioralEpochs															0.6684627222477388
1874.2217257518741	3.5147438158551267	trials	-1.0	0.0625		-1.0	1875.1800965718753	1875.0344973500016	1874.820132701027	1874.8210991418748	1611.573003	0.2	1875.1790368688926	0.0	1877.2364242518772	1874.8199992518748	
1875.0344973500016	1.1670000000001437	BehavioralEpochs															1.3049826176696797
1878.4024743018783	3.2854350008792608	trials	-1.0	0.0		-1.0	1879.1257019718792	1878.9484973500016	1878.9045793453224	1878.905357341879	1615.524402	0.2	1879.1247815571655	0.0	1881.1877957418812	1878.904424101879	
1878.9484973500016	0.9410000000000309	BehavioralEpochs															1.5105188886764154
1882.3399138518823	3.6313328793701203	trials	-1.0		0.0625	1.0	1884.4105067718845	1884.2614973500017	1882.9200187848573	1882.920655771883	1619.807702	0.2	1884.4104314587175	1.5	1885.4711340318854	1882.919822521883	
1884.2614973500017	1.6109999999998763	BehavioralEpochs															0.9280762910609042
1886.6404504218867	2.5629116713307667	trials	-1.0		0.25	1.0	1887.6439500618876	1887.4944973500017	1887.236752672076	1887.2376240318872	1623.039802	0.2	1887.6438542083029	1.5	1888.7032774518887	1887.2365574718872	
1887.4944973500017	1.125	BehavioralEpochs															0.8956851320843384
1889.7774973500016	0.3970000000001619	BehavioralEpochs															0.014235730366124244
1889.8522625418898	2.7021285669084136	trials	-1.0		1.0	1.0	1890.990682021891	1890.8694973500017	1890.6878707574601	1890.6885789018907	1626.390802	0.2	1890.9905737335887	1.5	1892.054342311892	1890.6876789918906	
1890.8694973500017	0.59699999999998	BehavioralEpochs															0.910904715699246
1893.1903953618933	2.5307158210114267	trials	-1.0		1.0	1.0	1894.163398051894	1893.9974973500016	1893.8364988904616	1893.837197341894	1629.5575019999999	0.2	1894.163300675226	1.5	1895.2209922818952	1893.8363640918938	
1893.9974973500016	0.8230000000000928	BehavioralEpochs															0.5833195772945032
1895.2454973500016	0.26099999999996726	BehavioralEpochs															-0.020666411385548145
1896.3508126218965	2.6023097773338577	trials	-1.0		0.25	1.0	1897.3885088418974	1897.2234973500017	1896.9865142774881	1896.987182311897	1632.789503	0.2	1897.3884153241806	1.5	1898.4530690418985	1896.986349061897	
1897.2234973500017	1.81899999999996	BehavioralEpochs															0.7145570190592139
1899.5992210818997	2.38852700648431	trials	-1.0		1.0	1.0	1900.4298380119005	1900.0294973500017	1900.120826324423	1900.1218021519	1635.824103	0.2	1900.4297294291302	1.5	1901.4876988819015	1900.1206356019002	
1900.0294973500017	1.2980000000000018	BehavioralEpochs															0.6803985563944934
1902.6278515219026	2.525113874716453	trials	-1.0		0.125	1.0	1903.5984544519035	1903.4174973500017	1903.1363539132092	1903.1371005919032	1638.989302	0.2	1903.5983560858417	1.5	1904.6528823319047	1903.1361673519032	
1903.4174973500017	0.7129999999999654	BehavioralEpochs															0.5977228072331968
1905.7354973500017	0.4550000000001546	BehavioralEpochs															-0.7185919222005168
1905.8111664919059	2.8426427429787964	trials	-1.0		0.125	1.0	1907.096804581907	1906.9914973500017	1906.7039789743144	1906.7047771219068	1642.4901029999999	0.2	1907.0966844647285	1.5	1908.1537655419081	1906.7038438819068	
1906.9914973500017	0.7580000000000382	BehavioralEpochs															0.610822184873939
1908.0514973500017	0.10799999999994725	BehavioralEpochs															0.005524898187502458
1909.3174973500018	0.10199999999986176	BehavioralEpochs															0.03566461970979162
1909.3202155519093	3.533813199323731	trials	-1.0		0.0625	1.0	1911.2999175619113	1911.0604973500017	1910.1028180321248	1910.1037038619102	1646.690302	0.2	1911.2998218256566	1.5	1912.3539454819124	1910.1026373019101	
1911.0604973500017	1.2670000000000528	BehavioralEpochs															0.6047452613299242
1913.5200288619135	2.4658198676254415	trials	-1.0		0.25	1.0	1914.4207387819145	1914.2554973500016	1914.0362323930424	1914.0369771619141	1649.822103	0.2	1914.4206350225772	1.5	1915.4857989319155	1914.0360439219141	
1914.2554973500016	0.6610000000000582	BehavioralEpochs															0.9298564640902214
1916.6396502019168	3.6478321601396146	trials	-1.0		0.125	1.0	1918.7363738419187	1918.3894973500016	1918.2872633726515	1918.2879520219183	1654.123703	0.2	1918.7362669619088	1.5	1919.78740206192	1918.2871521019183	
1917.0194973500018	0.6059999999999945	BehavioralEpochs															-0.18284760563506097
1918.3894973500016	1.3269999999999982	BehavioralEpochs															0.5606346419917827
1920.0884973500017	0.26500000000010004	BehavioralEpochs															-0.022508409682700403
1920.960484741921	2.625533594278977	trials	-1.0		0.0625	1.0	1922.019212191922	1921.7484973500018	1921.4696908694373	1921.4705670619214	1657.422202	0.2	1922.0190974807053	1.5	1923.0860055019232	1921.4695005019214	
1921.7484973500018	1.0949999999998	BehavioralEpochs															0.4797076015752282
1923.2744973500016	0.07900000000017826	BehavioralEpochs															-0.007216480346869503
1924.2330241219242	2.5376151005393695	trials	-1.0		0.125	1.0	1925.2138260319252	1925.0384973500018	1924.7704266845117	1924.771203631925	1660.606803	0.2	1925.2137287983844	1.5	1926.2705536819262	1924.770270391925	
1925.0384973500018	0.8640000000000327	BehavioralEpochs															0.5198344917558302
1927.4143392919275	2.4217234724233094	trials	-1.0		0.125	1.0	1928.2835523619283	1928.0904973500017	1927.9860441249248	1927.986848701928	1663.672203	0.2	1928.283446639064	1.5	1929.3359804419295	1927.985882131928	
1928.0904973500017	1.5910000000001219	BehavioralEpochs															0.666564210951833
1930.4875652719304	2.6661292164105816	trials	-1.0		0.25	1.0	1931.5942879219317	1931.4464973500017	1931.1869724116264	1931.187795241931	1666.989802	0.2	1931.5941765684524	1.5	1932.6535819819326	1931.186862001931	
1931.4464973500017	0.734000000000151	BehavioralEpochs															0.6310715403357108
1932.9894973500018	0.05399999999985994	BehavioralEpochs															-0.009233357507127948
1933.8142992319338	4.63822459631092	trials	1.0		0.0625	-1.0	1935.898157491936	1935.7954973500018	1935.2194060772752	1935.2200919719353	1672.288602	0.2	1935.8972093793695	0.0	1937.9524853719379	1935.2192587219351	
1934.3294973500017	0.2039999999999509	BehavioralEpochs															0.18711352171504814
1935.7954973500018	0.7109999999997854	BehavioralEpochs															-1.5429598901916393
1939.2254973500017	0.49700000000007094	BehavioralEpochs															-0.15909711491747203
1939.5350271019395	3.8341447195182354	trials	1.0		0.0	-1.0	1940.813032621941	1940.6844973500017	1940.2870354807144	1940.2877184919403	1677.2052019999999	0.2	1940.8122413324866	0.0	1942.8690603319428	1940.2868519119404	
1940.6844973500017	0.49700000000007094	BehavioralEpochs															-0.8955676294552859
1943.2344973500017	0.875	BehavioralEpochs															0.7135726861742455
1944.033377221944	10.169075396797552	trials	-1.0		0.0	1.0	1952.6500154719527	1948.4584973500018	1944.7371823017606	1944.7380067519448	1688.038402	0.2	1952.6499394132493	1.5	1953.7023768919537	1944.7369735219447	
1948.4584973500018	0.4959999999998672	BehavioralEpochs															0.2709057067881986
1952.6414973500018	0.6759999999999309	BehavioralEpochs															0.1424623222515038
1954.9136557519548	4.5552407392845	trials	-1.0	0.0		-1.0	1956.915855511957	1956.7624973500017	1955.38695977709	1955.3878749919554	1693.3048019999999	0.8	1956.9148727709708	0.0	1958.968783531959	1955.3868417619553	
1956.7624973500017	0.8759999999999764	BehavioralEpochs															1.0281410357147251
1960.1357001619601	2.7175974463477814	trials	1.0	0.0625		1.0	1961.3010836119613	1961.2064973500017	1960.6869992381942	1960.6878449419607	1696.689202	0.8	1961.300998209367	1.5	1962.3532450519624	1960.6868117119607	
1961.2064973500017	0.5930000000000746	BehavioralEpochs															-1.3466165911195276
1963.5254944819635	2.644431562655882	trials	-1.0		0.25	1.0	1964.6147188819646	1964.4894973500018	1964.2522023311762	1964.2531217119642	1700.005803	0.8	1964.6146062455216	1.5	1965.6698466919656	1964.2520551519642	
1964.4894973500018	0.6179999999999382	BehavioralEpochs															0.7352564213798587
1965.3774973500017	0.24400000000014188	BehavioralEpochs															0.023611612174590846
1966.8344302219668	4.968832046620037	trials	-1.0		0.125	1.0	1970.2537549219703	1967.8764973500017	1967.9688370817462	1967.969750011968	1705.6391019999999	0.8	1970.2536508980581	1.5	1971.3032499619712	1967.968683451968	
1966.9704973500018	0.5769999999999982	BehavioralEpochs															0.1028624910265421
1967.8764973500017	0.4570000000001073	BehavioralEpochs															-0.2163944419884274
1970.0884973500017	0.5219999999999345	BehavioralEpochs															1.1898105459435442
1971.1724973500018	0.08999999999991815	BehavioralEpochs															0.011102775110202856
1972.4917644319726	2.42822116339903	trials	1.0	1.0		1.0	1973.3593776619734	1973.2754973500018	1973.0687689856634	1973.069706631973	1708.755802	0.8	1973.359271278293	1.5	1974.4199049319745	1973.068640071973	
1973.2754973500018	0.8550000000000182	BehavioralEpochs															-1.52640161096258
1974.4864973500019	0.17300000000000182	BehavioralEpochs															0.015271943979541902
1975.5809888119757	3.4544475276541107	trials	-1.0		0.125	1.0	1977.4838985019776	1977.3334973500018	1977.0520077733358	1977.0526749619771	1712.871203	0.8	1977.4838133392877	1.5	1978.5353600119786	1977.051841711977	
1975.8064973500018	0.45699999999987995	BehavioralEpochs															-0.34816415129364486
1977.3334973500018	0.6289999999999054	BehavioralEpochs															0.7190813097515729
1979.7144420919797	4.637432364309689	trials	1.0	0.0		1.0	1982.7901678219828	1982.4434973500017	1981.0532508580384	1981.0539414619811	1718.187602	0.8	1982.7900622300808	1.5	1983.851761651984	1981.053041551981	
1979.8474973500017	0.6150000000000091	BehavioralEpochs															-0.6913245949172051
1982.4434973500017	2.1700000000000728	BehavioralEpochs															-0.9087324203166531
1985.032376911985	2.4039225851897754	trials	1.0	1.0		1.0	1985.883091831986	1985.7714973500017	1985.6195819403194	1985.6202181219855	1721.272002	0.8	1985.8829841958768	1.5	1986.936219841987	1985.6194515319855	
1985.7714973500017	1.1079999999999472	BehavioralEpochs															-1.01968242954365
1987.1894973500018	0.5029999999999291	BehavioralEpochs															-0.08643468471467486
1988.1025032019882	2.5003155747917845	trials	1.0	0.0625		1.0	1989.046708771989	1988.8964973500017	1988.601905713624	1988.6028531619886	1724.438503	0.8	1989.046607950157	1.5	1990.10273649199	1988.6016866119887	
1988.8964973500017	0.7850000000000819	BehavioralEpochs															-0.815714024691033
1990.1774973500017	0.22100000000000364	BehavioralEpochs															0.02411969003469494
1990.7044973500017	0.3769999999999527	BehavioralEpochs															-0.14661169525476225
1991.2759191619914	3.327131638358196	trials	1.0		0.125	-1.0	1992.053508061992	1991.8124973500019	1991.8853244074603	1991.8861581319918	1728.438703	0.8	1992.0525258466503	0.0	1994.102936431994	1991.885158231992	
1991.8124973500019	0.5469999999997981	BehavioralEpochs															-0.7587336401557536
1993.7724973500017	0.665000000000191	BehavioralEpochs															-0.6614928172209602
1995.0154973500019	0.8399999999999181	BehavioralEpochs															-1.2583522485168714
1995.2654535019954	3.0874214819348254	trials	-1.0		0.25	1.0	1996.7885678419968	1996.5734973500018	1996.3684604620785	1996.3691097919964	1732.188502	0.8	1996.7884631123366	1.5	1997.8528614019979	1996.3682765419965	
1996.5734973500018	0.6899999999998272	BehavioralEpochs															0.7552047387725338
1997.6524973500018	0.40399999999999636	BehavioralEpochs															-0.12430306521213197
1998.9564973500019	0.7189999999998236	BehavioralEpochs															-1.1127019569630647
1999.027677241999	5.025126534076435	trials	1.0	1.0		1.0	2002.4980968320026	2002.3564973500017	2002.1849920285895	2002.1857280720021	1737.888403	0.8	2002.4979934944631	1.5	2003.5527580220037	2002.1848281620023	
2000.4644973500017	0.5760000000000218	BehavioralEpochs															-0.9957076563758847
2002.3564973500017	1.038000000000011	BehavioralEpochs															-0.9347706775862434
2004.7587040820047	2.3426281382339766	trials	1.0	0.25		1.0	2005.5479251520055	2005.3624973500018	2005.301509906736	2005.3023497120053	1740.936903	0.8	2005.5478125497564	1.5	2006.6013198020066	2005.3013831420053	
2005.3624973500018	0.9880000000000564	BehavioralEpochs															-1.3652392332014642
2006.4904973500018	0.8379999999999654	BehavioralEpochs															0.11345254218144873
2007.7687363820078	2.1493138863795593	trials	1.0	0.25		1.0	2008.3570442120083	2008.1094973500017	2008.2526390581413	2008.2533212520082	1743.753602	0.8	2008.356939634956	1.5	2009.4180381020094	2008.2524213420083	
2008.1094973500017	1.025000000000091	BehavioralEpochs															-0.8508607824843466
2009.8144973500018	0.5740000000000691	BehavioralEpochs															-1.1436849976961412
2010.6112521020107	4.856741080335723	trials	1.0	0.125		1.0	2013.912488612014	2013.6874973500019	2013.5860760392798	2013.5869211720137	1749.303502	0.8	2013.912378664912	1.5	2014.967983052015	2013.5859212720136	
2010.6374973500017	1.1639999999999873	BehavioralEpochs															-1.1498387503443155
2012.0604973500017	0.4420000000000073	BehavioralEpochs															-0.8059345505691908
2012.8014973500017	0.27800000000002	BehavioralEpochs															0.10735385059922464
2013.6874973500019	1.5960000000000036	BehavioralEpochs															-1.1517236724423014
2016.163896782016	2.537436604871573	trials	1.0	0.125		1.0	2017.1524979120172	2016.6024973500018	2016.6691036718905	2016.6699128420166	1752.536802	0.8	2017.1524102630945	1.5	2018.2012596920183	2016.6689462720167	
2016.6024973500018	1.321999999999889	BehavioralEpochs															-0.42329547341330453
2018.9324973500018	0.3009999999999309	BehavioralEpochs															-0.09193043687588442
2019.3902407820194	2.411321722433513	trials	1.0	1.0		1.0	2020.2323232320202	2019.8394973500017	2020.0361460649412	2020.03687611202	1755.637002	0.8	2020.2322476688753	1.5	2021.3014829720214	2020.03600953202	
2019.8394973500017	1.1330000000000382	BehavioralEpochs															-1.4216495870994663
2021.3174973500018	0.3669999999999618	BehavioralEpochs															-0.14966817822818257
2022.4712659820225	3.2299091819659225	trials	1.0	0.125		1.0	2024.1305667020242	2023.7984973500018	2023.869269090596	2023.870159412024	1759.536602	0.8	2024.130469671397	1.5	2025.201159632025	2023.8691261820238	
2022.5624973500019	0.6369999999999436	BehavioralEpochs															-1.1839741273471418
2023.7984973500018	1.0879999999999654	BehavioralEpochs															-1.1273338198374176
2025.2214973500018	0.3250000000000455	BehavioralEpochs															-0.09839101893192037
2026.3838746820263	4.201839730759048	trials	1.0	0.125		1.0	2029.010511992029	2028.5914973500019	2028.7690955326484	2028.7697694020287	1764.421103	0.8	2029.0103976420125	1.5	2030.08567113203	2028.7689694820288	
2026.5474973500018	1.6369999999999436	BehavioralEpochs															-2.640888929008611
2028.5914973500019	1.071999999999889	BehavioralEpochs															-1.0466276091718214
2030.5554973500018	0.1349999999999909	BehavioralEpochs															0.0038681827083451026
2031.2880175520313	5.129545685638277	trials	1.0	0.0625		1.0	2034.845628422035	2034.6564973500017	2034.517745057919	2034.5187277820346	1770.252902	0.8	2034.8455478496426	1.5	2035.917521222036	2034.5175279020345	
2031.4344973500017	0.31300000000010186	BehavioralEpochs															-0.25268229648412444
2031.965497350002	0.10500000000001819	BehavioralEpochs															-0.00952400455003044
2032.5574973500018	0.7419999999999618	BehavioralEpochs															-0.6841527131682028
2033.571497350002	0.4800000000000182	BehavioralEpochs															-0.6811109898739574
2034.6564973500017	0.9380000000001019	BehavioralEpochs															-1.0300685552219306
2035.9904973500018	0.5199999999999818	BehavioralEpochs															-0.06692523758380275
2037.1237672520372	3.7951157107420386	trials	1.0	0.25		1.0	2039.3472782120393	2039.0814973500019	2039.1687746401042	2039.1696626420392	1774.754202	0.8	2039.347175284618	1.5	2040.4188377120404	2039.1685960820391	
2037.4484973500018	1.1520000000000437	BehavioralEpochs															-1.4035357731398221
2039.0814973500019	0.9239999999999782	BehavioralEpochs															-0.9881529194914265
2040.2224973500017	0.7110000000000127	BehavioralEpochs															0.10698642493684929
2041.3134973500019	0.16300000000001091	BehavioralEpochs															-0.08515424930607196
2041.6272835220416	2.2071366183561167	trials	1.0	1.0		1.0	2042.2650864020422	2042.1704973500018	2042.1011909551548	2042.1019693820422	1777.669702	0.8	2042.2649935243548	1.5	2043.3343461320433	2042.101102802042	
2042.1704973500018	1.52800000000002	BehavioralEpochs															-1.2034210376632473
2043.9674973500018	0.3009999999999309	BehavioralEpochs															-0.1239228640367287
2044.5084287120446	4.34372661557768	trials	1.0		1.0	-1.0	2046.2842511120464	2046.0664973500018	2046.1687381208953	2046.1695959120461	1782.687402	0.8	2046.283238769762	0.0	2048.352110972048	2046.1685960120462	
2044.8374973500017	0.6380000000001473	BehavioralEpochs															-1.4049257751698292
2046.0664973500018	0.6559999999999491	BehavioralEpochs															-0.47722157561196354
2048.287497350002	0.3829999999998108	BehavioralEpochs															-0.8833568951911843
2049.333497350002	0.35700000000042564	BehavioralEpochs															-0.5133467171742723
2049.5552573120494	3.4622169193362424	trials	1.0	0.0625		1.0	2051.4533674820514	2051.342497350002	2050.3343606693506	2050.3352126420505	1786.852702	0.8	2051.4532654909194	1.5	2052.5174277320525	2050.33417941205	
2050.1814973500022	0.06799999999975626	BehavioralEpochs															-0.005625107377397853
2051.342497350002	0.830000000000382	BehavioralEpochs															-0.9658310193278794
2052.519497350002	0.5239999999998872	BehavioralEpochs															0.06714808900960634
2053.7091752120537	3.8426401100596195	trials	1.0	0.25		1.0	2055.985414232056	2055.855497350002	2055.6521944822894	2055.6531474620556	1791.387002	0.8	2055.9852977859	1.5	2057.051774252057	2055.652080902056	
2053.909497350002	0.4490000000000691	BehavioralEpochs															-0.8147291050028684
2054.676497350002	0.46900000000005093	BehavioralEpochs															-0.7138543902825631
2055.855497350002	1.3049999999998363	BehavioralEpochs															-0.8675699885668564
2057.555497350002	0.09600000000000364	BehavioralEpochs															-0.011321623127059866
2058.174497350002	0.5960000000000036	BehavioralEpochs															-1.1648380768716606
2058.2576203220583	3.177813752307884	trials	1.0	0.125		1.0	2059.8635263820597	2059.722497350002	2059.4677244165123	2059.4684658920596	1795.270603	0.8	2059.8634257553895	1.5	2060.935385852061	2059.4676326420595	
2059.722497350002	1.5060000000003129	BehavioralEpochs															-0.6077872717449964
2061.983497350002	0.7600000000002183	BehavioralEpochs															-1.764391153803956
2062.126333412062	3.0910467093472107	trials	1.0	0.0625		1.0	2063.6535473420636	2063.384497350002	2063.250849313425	2063.2517541920633	1799.052503	0.8	2063.6534550065235	1.5	2064.7173076220647	2063.250654302063	
2063.384497350002	1.7539999999999054	BehavioralEpochs															-0.70023984578728
2065.922487092066	2.4296187574914256	trials	1.0	0.125		1.0	2066.790100322067	2066.676497350002	2066.4853907428237	2066.4860640620664	1802.187203	0.8	2066.789992718345	1.5	2067.851994122068	2066.4851974820667	
2066.676497350002	1.2909999999997126	BehavioralEpochs															-1.2077255456949842
2068.160497350002	0.36400000000003274	BehavioralEpochs															-0.17336106839417198
2069.052507392069	4.299330582187395	trials	-1.0		0.25	1.0	2071.7797346420716	2071.499497350002	2071.43422267187	2071.4350024520713	1807.186903	0.8	2071.779624887785	1.5	2072.851794092073	2071.4340692120713	
2069.281497350002	0.650000000000091	BehavioralEpochs															-0.7529690840204921
2070.352497350002	0.5340000000001055	BehavioralEpochs															-0.5251880429033235
2071.499497350002	1.8519999999998618	BehavioralEpochs															1.0715386006193057
2074.063839542074	2.3710235720423043	trials	1.0	0.125		1.0	2074.863459572075	2074.593497350002	2074.650844635188	2074.651614092075	1810.2699029999999	0.8	2074.8633464789477	1.5	2075.934819092076	2074.650680852075	
2074.593497350002	0.7669999999998254	BehavioralEpochs															-0.62144263048026
2075.510497350002	0.4659999999998945	BehavioralEpochs															-0.11958355519277575
2076.933497350002	0.6159999999999854	BehavioralEpochs															-0.7811344894391254
2077.1307661520773	2.7197218255255393	trials	1.0	0.25		1.0	2078.2807844720783	2078.1724973500022	2078.000572492567	2078.001245762078	1813.685502	0.8	2078.2806745343823	1.5	2079.3503775020795	2078.000445842078	
2078.1724973500022	1.4169999999999163	BehavioralEpochs															-0.7809455222143242
2080.0564973500022	0.3999999999996362	BehavioralEpochs															-0.13116806414751636
2080.5479910620807	2.6036063547940103	trials	-1.0		1.0	1.0	2081.5892869220816	2081.193497350002	2081.268591990588	2081.2695522320814	1816.986603	0.8	2081.5891924036873	1.5	2082.6515806820826	2081.2684190120813	
2081.193497350002	1.0060000000003129	BehavioralEpochs															0.8760495730128923
2082.6324973500023	0.2719999999999345	BehavioralEpochs															0.14039643201584795
2083.838595302084	4.112946059492515	trials	1.0	1.0		1.0	2086.3920399320864	2086.167497350002	2086.2837214952356	2086.2844840220864	1821.786502	0.8	2086.391922654329	1.5	2087.4515006420875	2086.2836174420863	
2084.380497350002	0.6580000000003565	BehavioralEpochs															-1.7059529340771178
2085.409497350002	0.16700000000037107	BehavioralEpochs															-0.017022769318657538
2086.167497350002	1.4090000000001055	BehavioralEpochs															-1.1091243134726483
2088.655446902089	3.444817216703541	trials	1.0	0.25		1.0	2090.5397584520906	2090.435497350002	2090.2337538739043	2090.23445565209	1825.935202	0.8	2090.5396552251545	1.5	2091.6001524020917	2090.23365573209	
2089.039497350002	0.5730000000003201	BehavioralEpochs															-0.5196759819809813
2090.435497350002	1.2029999999999745	BehavioralEpochs															-0.9555357623065674
2092.8050652320926	3.046523381681709	trials	1.0	0.125		1.0	2094.291583232094	2094.1124973500023	2093.885072812004	2093.885757152094	1829.686502	0.8	2094.291475664297	1.5	2095.3514772320955	2093.8849239020938	
2094.1124973500023	1.1099999999996726	BehavioralEpochs															-0.9314491660957174
2095.559497350002	0.4290000000000873	BehavioralEpochs															-0.1628470333960763
2096.5423914620965	2.624730395014467	trials	1.0	0.0625		1.0	2097.5955194720977	2097.352497350002	2097.250298850716	2097.251053922097	1833.002003	0.8	2097.5954024526545	1.5	2098.667045642099	2097.2501540120975	
2097.352497350002	1.3429999999998472	BehavioralEpochs															-0.7633378187223911
2099.058497350002	0.5869999999999891	BehavioralEpochs															-0.40537875931062217
2099.8622261121	2.7379217511233946	trials	1.0	0.0625		1.0	2101.0405416021013	2100.7954973500023	2100.3849296919243	2100.3856737621004	1836.435003	0.8	2101.0404341812587	1.5	2102.100135632102	2100.3848071821003	
2100.7954973500023	1.03899999999976	BehavioralEpochs															-0.4685288974994819
2101.979497350002	0.6159999999999854	BehavioralEpochs															-0.09992500490238854
2103.293497350002	0.1950000000001637	BehavioralEpochs															0.12063136118030116
2103.293549612103	2.423519628307986	trials	1.0	1.0		1.0	2104.156963262104	2103.986497350002	2104.035055005699	2104.036308662104	1839.551902	0.8	2104.1568558916597	1.5	2105.216957252105	2104.034875472104	
2103.986497350002	1.1799999999998363	BehavioralEpochs															-1.278023095683352
2106.265497350002	0.6799999999998363	BehavioralEpochs															-0.28802775223942945
2106.4005722121065	3.9341338557137533	trials	1.0		0.0625	-1.0	2107.7686687221076	2107.600497350002	2107.5347811077936	2107.5356586921075	1844.169503	0.8	2107.7676829344605	0.0	2109.83469543211	2107.5345921321077	
2107.600497350002	0.6050000000000182	BehavioralEpochs															-0.9152880093809586
2108.4694973500023	0.22299999999995634	BehavioralEpochs															-0.10776564789290433
2109.491497350002	0.4149999999999636	BehavioralEpochs															-0.504989710588859
2111.036508572111	2.564933851881051	trials	1.0	0.125		1.0	2112.034308782112	2111.8804973500023	2111.550214951423	2111.5508904621115	1847.4362019999999	0.8	2112.0342209619103	1.5	2113.1014020621133	2111.5500238821114	
2111.8804973500023	0.8609999999998763	BehavioralEpochs															-0.6660549787989112
2113.084497350002	0.07700000000022555	BehavioralEpochs															-0.01332972967037449
2114.2978490721143	2.3702237500097	trials	-1.0		1.0	1.0	2115.100735442115	2114.895497350002	2114.8168536157145	2114.817530432115	1850.502803	0.2	2115.1006561002496	1.5	2116.1679620421164	2114.8167305121146	
2114.895497350002	1.5630000000001019	BehavioralEpochs															0.9486443686861321
2117.243497350002	0.19299999999975626	BehavioralEpochs															-0.02350120640841169
2117.3625759021174	2.638602171369712	trials	-1.0		0.25	1.0	2118.4447676721184	2118.289497350002	2118.0667756809694	2118.067505402118	1853.835903	0.2	2118.4446755622935	1.5	2119.5010953621195	2118.066605492118	
2118.289497350002	1.7789999999999964	BehavioralEpochs															0.928024868833802
2120.7060748521208	2.360522782406406	trials	1.0	0.125		1.0	2121.5047949721215	2121.2864973500023	2121.1832790535	2121.1841270421214	1856.901302	0.2	2121.50468188318	1.5	2122.5665554521224	2121.183127142121	
2121.2864973500023	0.9739999999997053	BehavioralEpochs															-1.3537552517768745
2122.828497350002	0.9989999999997963	BehavioralEpochs															-0.18860620581864396
2123.7694018221237	2.497138915927735	trials	1.0	1.0		1.0	2124.7111076421247	2124.6104973500023	2124.484612395289	2124.4857635121243	1860.101202	0.2	2124.711015742275	1.5	2125.766468762126	2124.4844303121245	
2124.6104973500023	1.5599999999999454	BehavioralEpochs															-1.711121049227188
2126.963549042127	2.3862197530620506	trials	-1.0		0.125	1.0	2127.780434012128	2127.680497350002	2127.4344525455676	2127.4354018521276	1863.1844019999999	0.2	2127.7803551190227	1.5	2128.8497270721286	2127.4343019621274	
2127.680497350002	0.7580000000002656	BehavioralEpochs															0.8563618000817996
2128.683497350002	1.0830000000000837	BehavioralEpochs															-0.05945252229491871
2130.06577212213	2.835113472171088	trials	-1.0		0.0625	1.0	2131.3382781921314	2131.131497350002	2130.667874346139	2130.6686784921308	1866.7355029999999	0.2	2131.338176822062	1.5	2132.4008385921325	2130.667678592131	
2131.131497350002	0.7910000000001673	BehavioralEpochs															0.5153210341377417
2132.2664973500023	0.6079999999997199	BehavioralEpochs															-0.2222815175629762
2133.6014851821337	2.41601846077765	trials	-1.0		0.25	1.0	2134.4538999321344	2134.3354973500022	2134.149888918509	2134.150963562134	1869.852102	0.2	2134.4537909890496	1.5	2135.5173935721355	2134.149730352134	
2134.3354973500022	1.362999999999829	BehavioralEpochs															0.32985418272267
2136.2014973500022	0.5740000000000691	BehavioralEpochs															0.13452911543652135
2136.721906442137	2.445415665620658	trials	-1.0		1.0	1.0	2137.6124173821377	2137.448497350002	2137.266409484962	2137.2672852321375	1873.001902	0.2	2137.6123114179522	1.5	2138.6672785521387	2137.266252002137	
2137.448497350002	0.15099999999983993	BehavioralEpochs															0.26722492142016563
2137.892497350002	0.7590000000000146	BehavioralEpochs															0.15801614364886518
2138.881497350002	0.625	BehavioralEpochs															-0.054292911080551676
2139.87852408214	3.5542361918828647	trials	-1.0		0.125	1.0	2141.873757872142	2141.7354973500023	2140.599831021139	2140.6009185021408	1877.267302	0.2	2141.87364327526	1.5	2142.932751962143	2140.599651962141	
2141.7354973500023	0.724999999999909	BehavioralEpochs															0.858378678791837
2143.7064973500023	0.3309999999996762	BehavioralEpochs															-0.02056229771483231
2144.135265032144	3.2477343469327025	trials	-1.0		0.125	1.0	2145.8160636021457	2145.6324973500023	2145.034373710286	2145.035208362145	1881.217503	0.2	2145.815981254314	1.5	2146.882890242147	2145.0341751321453	
2145.6324973500023	0.9389999999998508	BehavioralEpochs															0.613169020519706
2148.086803172148	3.179310470960445	trials	-1.0		0.0	1.0	2149.7123072721497	2149.557497350002	2148.6843047641323	2148.6851433321485	1885.100602	0.2	2149.712207502878	1.5	2150.766101882151	2148.6841434321486	
2149.557497350002	0.4960000000000946	BehavioralEpochs															0.7349584240983518
2150.194497350002	1.9420000000000073	BehavioralEpochs															1.8601482605469073
2151.982613552152	3.7347493625866264	trials	-1.0		0.0625	1.0	2154.1554295821543	2153.653497350002	2152.6505218434595	2152.6514466621525	1889.551803	0.2	2154.1553405240406	1.5	2155.2173233821554	2152.6503801021527	
2153.653497350002	1.38799999999992	BehavioralEpochs															0.6944695444174727
2156.430068762156	4.354124128447438	trials	-1.0		0.125	1.0	2159.229088832159	2158.973497350002	2157.049471767818	2157.0504067221573	1894.618603	0.2	2159.2289823439232	1.5	2160.2840833221603	2157.049273502157	
2158.973497350002	0.9819999999999709	BehavioralEpochs															0.6087760062160328
2160.9004973500023	0.18100000000004002	BehavioralEpochs															0.05830256412843937
2161.4024973500022	0.41800000000012005	BehavioralEpochs															0.2304571734144929
2161.5160934421615	2.7333187078661467	trials	-1.0		1.0	1.0	2162.681710202163	2162.512497350002	2162.2994982308537	2162.300348342162	1898.0838019999999	0.2	2162.6816005665182	1.5	2163.7493367621637	2162.299348442162	
2162.512497350002	0.6890000000003056	BehavioralEpochs															1.1028871436574263
2164.7244973500024	0.14399999999977808	BehavioralEpochs															0.10099663572867712
2164.971214562165	3.2960277607830903	trials	-1.0		1.0	1.0	2166.704941172167	2166.5614973500024	2166.4006257340225	2166.4013048721663	1902.101602	0.2	2166.7048281115785	1.5	2167.767168272168	2166.4004716221666	
2165.029497350002	0.8079999999999927	BehavioralEpochs															0.8811332840529076
2166.5614973500024	1.8849999999997635	BehavioralEpochs															1.4744535411844595
2168.990045972169	4.0934452194146616	trials	-1.0	0.0625		-1.0	2170.5262590021707	2170.154497350002	2169.6161524297727	2169.6172499121694	1906.917803	0.2	2170.5252618062427	0.0	2172.5834532621725	2169.6159500421695	
2170.154497350002	0.7809999999999491	BehavioralEpochs															0.6732815240475816
2173.0414973500024	1.0969999999997526	BehavioralEpochs															0.8548263840068557
2173.824295832174	4.924732704723283	trials	-1.0		0.0625	1.0	2177.183126582177	2176.9944973500023	2174.6827011841597	2174.6835432321745	1912.583302	0.2	2177.1830167731273	1.5	2178.2489866521782	2174.6825433321746	
2176.9944973500023	0.669999999999618	BehavioralEpochs															0.4760106255330925
2178.535497350002	0.29700000000002547	BehavioralEpochs															0.06763465315646044
2179.053497350002	0.3760000000002037	BehavioralEpochs															0.07678857668946648
2179.4716310421795	3.761918950526251	trials	-1.0		0.25	1.0	2181.679043612182	2181.442497350002	2180.017233355532	2180.01817638218	1917.067803	0.2	2181.678940401165	1.5	2182.7334714921826	2180.01704316218	
2181.442497350002	0.5579999999999927	BehavioralEpochs															0.3372813091129956
2183.948050022184	2.6677255537524616	trials	1.0	0.25		1.0	2185.054372712185	2184.9274973500023	2184.68255623192	2184.683443142185	1920.450003	0.2	2185.05425937441	1.5	2186.1157665621863	2184.6823765821846	
2184.9274973500023	0.9269999999996799	BehavioralEpochs															-0.9613270196501844
2187.222497350002	0.25600000000031287	BehavioralEpochs															0.10772228770252923
2187.3285786021875	2.953628921253312	trials	-1.0		0.25	1.0	2188.7277053421885	2188.361497350002	2188.0502851802803	2188.051073012188	1924.1164019999999	0.2	2188.7275913536796	1.5	2189.7821665521897	2188.0501064421883	
2188.361497350002	1.0030000000001564	BehavioralEpochs															0.4920901044139896
2190.9584973500023	1.30600000000004	BehavioralEpochs															0.862543901965978
2190.994112012191	4.022723647401108	trials	-1.0		0.125	1.0	2193.4615319121935	2193.211497350002	2192.8835221796357	2192.884356302193	1928.8510019999999	0.2	2193.461425289494	1.5	2194.5168263721944	2192.883323072193	
2193.211497350002	0.831000000000131	BehavioralEpochs															0.5421697373374741
2194.676497350002	0.2820000000001528	BehavioralEpochs															0.16608507888082613
2195.738337542196	4.343852106655049	trials	1.0		0.0625	-1.0	2197.5339579621977	2197.2244973500024	2196.248943432073	2196.2496530721965	1933.916302	0.2	2197.5330582444317	0.0	2199.5821197921996	2196.2487864921964	
2197.2244973500024	0.6149999999997817	BehavioralEpochs															-0.7064038071970344
2200.8184961422007	3.6804231078363046	trials	1.0		0.0625	-1.0	2201.944583522202	2201.6414973500023	2201.4335996699215	2201.4342678922017	1938.333002	0.2	2201.9436025948726	0.0	2203.998844742204	2201.4334346422015	
2201.6414973500023	0.5509999999999309	BehavioralEpochs															-0.5705224139891243
2205.231621452205	7.183768785164375	trials	-1.0		0.125	1.0	2210.853859172211	2206.5074973500023	2205.8998275712843	2205.900554552206	1946.249403	0.2	2210.8537729369023	1.5	2211.915353012212	2205.899654642206	
2206.5074973500023	0.2849999999998545	BehavioralEpochs															0.2198217954003212
2210.7974973500022	1.2570000000000618	BehavioralEpochs															0.7071659506052015
2213.170494152213	2.5281106102520425	trials	-1.0		1.0	1.0	2214.1476964222143	2213.986497350002	2213.799996047173	2213.800797782214	1949.5326029999999	0.2	2214.14759709354	1.5	2215.198591322215	2213.799831212214	
2213.986497350002	0.9570000000003347	BehavioralEpochs															1.123929168834536
2216.4061038922164	6.992456322939233	trials	-1.0		0.0625	1.0	2221.8459598522218	2219.464497350002	2216.9829082908004	2216.983779452217	1957.232503	0.2	2221.8458453744925	1.5	2222.898487922223	2216.982779552217	
2219.464497350002	0.18400000000019645	BehavioralEpochs															0.15270802011076512
2221.7264973500023	0.4179999999996653	BehavioralEpochs															0.7633674286316818
2222.310497350002	0.0500000000001819	BehavioralEpochs															0.005337424717708927
2223.7534973500024	0.7680000000000291	BehavioralEpochs															0.6697681618782667
2224.148262932224	4.601331135547298	trials	-1.0		0.0625	1.0	2227.1889921622274	2226.921497350002	2225.0329683418913	2225.033674382225	1962.583503	0.2	2227.1888815245543	1.5	2228.249552762228	2225.0328411322253	
2226.921497350002	0.43800000000010186	BehavioralEpochs															0.4183470601693102
2228.160497350002	0.1910000000002583	BehavioralEpochs															0.013703310595360563
2229.4878955822296	2.9952257809195544	trials	1.0	0.125		1.0	2230.934017622231	2230.7894973500024	2230.2153011146897	2230.2159561022304	1966.3170029999999	0.8	2230.9339065802187	1.5	2231.983079372232	2230.21515618223	
2230.7894973500024	0.5849999999995816	BehavioralEpochs															-1.0240479799187483
2232.9404973500023	0.2689999999997781	BehavioralEpochs															0.14864191886425715
2233.2048238522334	3.2448330538700247	trials	1.0	0.0625		1.0	2234.901754142235	2234.669497350002	2233.815029504001	2233.816262702234	1970.2835029999999	0.8	2234.901639568259	1.5	2235.949582682236	2233.814896172234	
2234.669497350002	0.555000000000291	BehavioralEpochs															-0.5256324237985837
2237.1704605822374	13.561108881514429	trials	1.0	0.0		1.0	2249.154062102249	2237.8534973500023	2237.86516605754	2237.865857702238	1984.565302	0.8	2249.1539550298266	1.5	2250.23148768225	2237.865024452238	
2237.8534973500023	0.6469999999999345	BehavioralEpochs															0.24991951855253092
2248.587497350002	0.7029999999999745	BehavioralEpochs															-0.5515702001547425
2252.000177462252	2.9993251448863703	trials	1.0	0.125		1.0	2253.4321009222535	2253.229497350002	2252.6990826224715	2252.7000408022527	1988.833203	0.8	2253.4319880337243	1.5	2254.4993941822545	2252.6989409122525	
2253.229497350002	0.47400000000016007	BehavioralEpochs															-0.4127908953277597
2255.384497350002	0.5300000000002001	BehavioralEpochs															0.8146217462609684
2255.724804962256	2.824411245740066	trials	1.0	0.25		1.0	2256.983212442257	2256.8624973500023	2256.664907706843	2256.6656775322567	1992.382903	0.8	2256.9831086358163	1.5	2258.049139172258	2256.6647442922567	
2256.8624973500023	0.4580000000000837	BehavioralEpochs															-0.9125604009144581
2259.287115362259	6.744077918385756	trials	1.0		0.0625	-1.0	2263.4555984722633	2263.198497350002	2259.781420853383	2259.7822991722596	1999.864803	0.8	2263.4548616607785	0.0	2265.5311242322655	2259.7812992722597	
2263.198497350002	0.5760000000000218	BehavioralEpochs															-0.8302706893047116
2266.786598672267	12.179165748591913	trials	-1.0	0.0625		-1.0	2276.3968042222764	2276.230497350002	2267.3159014427606	2267.3165456722672	2012.799302	0.8	2276.3958489693227	0.0	2278.4656639822783	2267.3157124222676	
2276.230497350002	8.271999999999935	BehavioralEpochs															1.7773384491792967
2279.7722666422796	8.19326517930449	trials	1.0	0.125		1.0	2286.3921379222866	2285.9814973500024	2283.6810963066814	2283.6820756222837	2021.799003	0.8	2286.3920168800614	1.5	2287.4654639122873	2283.6809757322835	
2284.7974973500022	0.07200000000011642	BehavioralEpochs															-0.007992186404010226
2285.9814973500024	3.30199999999968	BehavioralEpochs															-1.8162592378997715
2288.7562348222887	2.9592251509284324	trials	-1.0		1.0	1.0	2290.1502620722904	2289.8244973500023	2289.5810412750034	2289.58198557229	2025.548902	0.8	2290.1501457272825	1.5	2291.2154555422912	2289.5809190122895	
2289.8244973500023	5.519999999999982	BehavioralEpochs															-5.018481212379243
2292.4656638422925	8.881992313032697	trials	1.0		0.0625	-1.0	2298.7848985222986	2298.2804973500024	2295.864098015308	2295.864923882296	2035.181003	0.8	2298.784127377716	0.0	2300.847525572301	2295.863923982296	
2297.1154973500024	0.26299999999991996	BehavioralEpochs															0.014493986671368475
2298.2804973500024	0.7329999999997199	BehavioralEpochs															-0.41234438910572635
2302.156861292302	3.0237219091918632	trials	-1.0		0.125	1.0	2303.6162486723038	2303.290497350002	2302.682064576721	2302.682842022303	2039.013903	0.8	2303.616170418259	1.5	2304.6804755723047	2302.6819421123027	
2303.290497350002	1.6310000000003129	BehavioralEpochs															0.6651112420852314
2305.921084832306	5.327524896133127	trials	1.0	0.0625		1.0	2309.6836085423097	2308.2314973500024	2307.932293098374	2307.933116942308	2045.081903	0.8	2309.6835002958373	1.5	2310.748535372311	2307.9320837123078	
2306.270497350002	0.6170000000001892	BehavioralEpochs															-0.48658733744514393
2308.2314973500024	0.6619999999998072	BehavioralEpochs															-0.259276931063539
2309.6134973500025	0.2719999999999345	BehavioralEpochs															-0.03763236039333151
2310.4594973500025	0.5960000000000036	BehavioralEpochs															-0.5366837269201028
2312.003809832312	7.661283915105287	trials	1.0	0.0625		1.0	2318.104566362318	2317.8444973500023	2312.6139162759873	2312.614748732313	2053.4983030000003	0.8	2318.1044742648423	1.5	2319.165060302319	2312.6137821623124	
2317.8444973500023	0.4130000000000109	BehavioralEpochs															-0.2800430125257094
2319.3434973500025	1.0299999999997453	BehavioralEpochs															-0.574557029645689
2320.4447989823207	2.5035079755534753	trials	1.0	1.0		1.0	2321.3852049323214	2321.243497350002	2321.0640004602756	2321.064636992321	2056.7815020000003	0.8	2321.385101226702	1.5	2322.4482319523227	2321.063837072321	
2321.243497350002	0.555000000000291	BehavioralEpochs															-0.8300491865061872
2322.5394973500024	1.2669999999998254	BehavioralEpochs															-1.887907552342881
2323.700106752324	2.4814353351330283	trials	1.0	0.25		1.0	2324.6131154423247	2324.4744973500024	2324.29721477376	2324.297946962324	2060.0147020000004	0.8	2324.613019016214	1.5	2325.681441932326	2324.2971137123245	
2324.4744973500024	0.5889999999999418	BehavioralEpochs															-0.5686087607874697
2325.7564973500025	0.08499999999958163	BehavioralEpochs															0.026673546098550105
2326.194497350002	0.9169999999999163	BehavioralEpochs															-0.803441891311536
2326.932250172327	2.9814236435313433	trials	1.0	0.125		1.0	2328.3459421223283	2328.0754973500025	2327.797256451807	2327.7978969323276	2063.746802	0.8	2328.3458604343764	1.5	2329.4135686823292	2327.797063682328	
2328.0754973500025	0.6909999999998035	BehavioralEpochs															-0.35092047321757036
2330.6611772423307	7.803440469725501	trials	1.0		0.125	-1.0	2335.893153992336	2335.154497350002	2331.3984808771206	2331.3995367323314	2072.2977020000003	0.8	2335.892103029966	0.0	2337.964613492338	2331.3983035223314	
2335.154497350002	0.2290000000002692	BehavioralEpochs															-0.19083137485790758
2335.6284973500024	0.2660000000000764	BehavioralEpochs															-0.06973316670945451
2337.8264973500022	0.23900000000003274	BehavioralEpochs															-0.157309208375068
2339.2375195223394	4.8104397959496055	trials	1.0	0.0		1.0	2342.4894609623425	2342.0454973500023	2340.0968260953355	2340.09776682234	2077.8810030000004	0.8	2342.4893443961532	1.5	2343.5479551023436	2340.09670026234	
2339.466497350002	0.11599999999998545	BehavioralEpochs															-0.02639748554736343
2342.0454973500023	0.5599999999999454	BehavioralEpochs															-0.29210344630246254
2343.049497350002	0.07799999999997453	BehavioralEpochs															-0.011617084273495948
2343.9144973500024	0.9329999999999927	BehavioralEpochs															-0.9773168407115236
2344.810662152345	24.56938246334903	trials	1.0	0.0625		1.0	2367.8165280023677	2346.0664973500025	2345.5635676824736	2345.5643867723456	2103.212902	0.8	2367.8164311308738	1.5	2368.879988312369	2345.5634535323456	
2346.0664973500025	0.4479999999998654	BehavioralEpochs															-0.1367436341319035
2349.1794973500023	0.09900000000016007	BehavioralEpochs															0.013418332937249033
2354.466497350002	0.23200000000042564	BehavioralEpochs															0.1853966897951409
2367.0614973500024	1.0279999999997926	BehavioralEpochs															-0.3235907894282377
2368.3604973500023	0.4119999999998072	BehavioralEpochs															-0.10489668374066241
2370.2713491623704	4.426144600740827	trials	1.0	1.0		1.0	2373.138595742373	2372.9764973500023	2372.797872908829	2372.798763062373	2108.530303	0.8	2373.138476110113	1.5	2374.197456512374	2372.7976631723727	
2370.5854973500022	0.4050000000002001	BehavioralEpochs															0.021335481929043
2371.212497350002	0.7100000000000364	BehavioralEpochs															0.33529522745783424
2372.9764973500023	0.44399999999996	BehavioralEpochs															-0.654736305093877
2374.5574973500024	0.49499999999989086	BehavioralEpochs															-0.22113262654227128
2375.4506978423756	7.463567377697927	trials	1.0	0.0625		1.0	2381.354940692381	2381.163497350002	2376.1798042290397	2376.180724832376	2116.747002	0.8	2381.354849560251	1.5	2382.4141680923826	2376.1796916023764	
2381.163497350002	0.45299999999997453	BehavioralEpochs															-0.5133540194022999
2381.9864973500025	3.201000000000022	BehavioralEpochs															-1.8057921344063743
2383.7250703223835	4.022320943206978	trials	1.0	0.25		1.0	2386.191490322386	2386.0744973500023	2385.8796799339	2385.880621412386	2121.5801030000002	0.8	2386.191381324372	1.5	2387.2472847323875	2385.879488192386	
2386.0744973500023	0.555000000000291	BehavioralEpochs															-0.9147525210467506
2387.1874973500026	0.5059999999998581	BehavioralEpochs															-0.059335666936590314
2388.5110916723884	2.3030236662434618	trials	1.0	1.0		1.0	2389.2576836723892	2389.1624973500025	2388.996196236125	2388.996943082389	2124.646802	0.8	2389.257598695331	1.5	2390.3140446923903	2388.996009842389	
2389.1624973500025	0.5160000000000764	BehavioralEpochs															-1.1628216707218826
2391.5575203323915	2.573030739766182	trials	1.0	1.0		1.0	2392.5720188723926	2392.4524973500024	2392.2962282963795	2392.2968797223925	2127.9632030000002	0.8	2392.571931268725	1.5	2393.630446352394	2392.2960798023923	
2392.4524973500024	0.54300000000012	BehavioralEpochs															-0.8176289677762725
2394.867056012395	12.296682977429555	trials	1.0	0.0625		1.0	2405.606115332406	2401.6334973500025	2396.5297669618567	2396.5304896523967	2140.996302	0.8	2405.6060267318117	1.5	2406.6636762324065	2396.5295564123967	
2395.0324973500024	0.8009999999999309	BehavioralEpochs															-0.5343196774059606
2401.6334973500025	0.36400000000003274	BehavioralEpochs															-0.1440333464549326
2402.2974973500022	0.5880000000001928	BehavioralEpochs															0.10049646520275246
2403.2554973500023	0.40099999999983993	BehavioralEpochs															0.35680588932325463
2404.9384973500023	0.8409999999998945	BehavioralEpochs															-0.5534966203981639
2406.9994973500025	1.413000000000011	BehavioralEpochs															0.6476772353767615
2408.000842502408	63.513155624360024	trials	0.0		0.125	-1.0	2469.014707172469	2451.9894973500022	2409.0125497282343	2409.0133745724092	2205.3461020000004	0.8	2469.0139782710985	0.0	2472.5616191124727	2409.0124413324093	
2435.4474973500023	0.10400000000026921	BehavioralEpochs															0.021132787949170506
2451.6424973500025	0.1619999999998072	BehavioralEpochs															-0.015945031538251442
2451.9894973500022	1.0660000000002583	BehavioralEpochs															-0.22580193586924224
2453.8574973500026	0.29999999999972715	BehavioralEpochs															-0.017067099951702858
2468.7234973500026	0.17599999999993088	BehavioralEpochs															0.07957227321827531
2469.7134973500024	0.19099999999980355	BehavioralEpochs															0.017157702583517676
2472.706304642473	3.0721434745692022	trials	-1.0		1.0	1.0	2474.2021217124743	2474.0054973500023	2473.3451130585822	2473.345974002473	2209.6105030000003	0.8	2474.2020243481315	1.5	2475.2784140724752	2472.779597312473	
2474.0054973500023	3.480000000000018	BehavioralEpochs															-1.0861801592324127
2476.5348550824765	3.411315427440968	trials	1.0	1.0		1.0	2478.3672718224784	2478.2434973500026	2478.0293605269676	2478.030272192478	2213.7782030000003	0.8	2478.3671617575797	1.5	2479.4461639224796	2478.029238962478	
2478.2434973500026	0.49399999999968713	BehavioralEpochs															-0.8468688895802643
2479.096497350002	0.2880000000000109	BehavioralEpochs															-0.07641970637973827
2480.7154703124806	2.5293326164301106	trials	1.0	1.0		1.0	2481.681273722482	2481.5284973500025	2481.3616778790465	2481.3625722624815	2217.0768030000004	0.8	2481.6811816201757	1.5	2482.744734032483	2481.3615390324812	
2481.5284973500025	0.41600000000016735	BehavioralEpochs															-0.6587779135002165
2482.4184973500023	0.16800000000012005	BehavioralEpochs															-0.04822779111259479
2483.997508742484	2.5321313220797492	trials	1.0	0.125		1.0	2484.962112272485	2484.7994973500026	2484.5296149042733	2484.5305221024846	2220.3616020000004	0.8	2484.962019911523	1.5	2486.029572182486	2484.5293888824845	
2484.7994973500026	0.3439999999995962	BehavioralEpochs															-0.48530998975383
2487.0274973500022	0.3010000000003856	BehavioralEpochs															-0.1264774094307768
2487.2833467924875	2.512606997527655	trials	1.0	1.0		1.0	2488.226552462488	2488.0924973500023	2487.911448041769	2487.912483872488	2223.627902	0.8	2488.2264486682993	1.5	2489.2959121824892	2487.911283992488	
2488.0924973500023	1.0950000000002547	BehavioralEpochs															-0.6824967289923052
2490.5513532924906	2.3943167731131325	trials	1.0	1.0		1.0	2491.3775706624915	2491.2824973500024	2491.1449567071463	2491.145793842491	2226.777603	0.8	2491.3774580445915	1.5	2492.4455638524923	2491.144793942491	
2491.2824973500024	0.5399999999999636	BehavioralEpochs															-1.3878998221218808
2493.1874973500026	0.45100000000002183	BehavioralEpochs															-0.2911410151085079
2493.703071422494	2.958225885357024	trials	1.0	0.25		1.0	2495.090699312495	2494.9114973500023	2494.727879350589	2494.728735512495	2230.493203	0.8	2495.0905821565216	1.5	2496.161225582496	2494.7277689424945	
2494.9114973500023	0.4410000000002583	BehavioralEpochs															-0.5450859580733436
2496.0364973500023	0.9050000000002001	BehavioralEpochs															-0.36749710068380637
2497.4155001424974	2.6971198515229844	trials	1.0	1.0		1.0	2498.5364213724984	2498.3014973500026	2498.1458047054184	2498.146760342498	2233.944503	0.8	2498.5363071452657	1.5	2499.6126137424994	2498.1456271224984	
2498.3014973500026	0.5119999999997162	BehavioralEpochs															-0.4720979773740055
2500.7464973500023	0.6710000000002765	BehavioralEpochs															-0.3644516763558272
2500.8662217025008	2.946325417526168	trials	1.0	1.0		1.0	2502.2429506825024	2501.9744973500024	2501.928029781415	2501.929015412502	2237.6444030000002	0.8	2502.2428321766324	1.5	2503.312543712503	2501.9279155225017	
2501.9744973500024	0.88799999999992	BehavioralEpochs															-0.6603542790867323
2503.1434973500022	0.4260000000003856	BehavioralEpochs															-0.18931762438955957
2504.2254973500026	0.12799999999970169	BehavioralEpochs															-0.02636021696196167
2504.5830499825047	12.061306362296364	trials	1.0		0.0625	-1.0	2514.068201372514	2513.8744973500025	2505.0947544101055	2505.095632052505	2250.476102	0.8	2514.06743204757	0.0	2516.1442937425163	2505.094565492505	
2513.8744973500025	0.6799999999998363	BehavioralEpochs															-0.4628673511708712
2517.4669614625177	45.911526921000586	trials	1.0	0.0625		1.0	2561.8058937925616	2561.0584973500027	2518.179066502165	2518.179823502518	2297.209902	0.8	2561.805775253252	1.5	2562.878453192563	2518.178923592518	
2561.0584973500027	3.3089999999997417	BehavioralEpochs															0.5788045709864491
2564.4691941025644	2.424439004755186	trials	1.0	1.0		1.0	2565.3359074225655	2565.2244973500024	2564.9939021113	2564.994641552565	2300.725002	0.8	2565.335807329876	1.5	2566.3935349825665	2564.993741642565	
2565.2244973500024	0.5050000000001091	BehavioralEpochs															-1.0602941918171496
2567.6500426525677	56.81072570798915	trials	-1.0	0.25		-1.0	2621.903983382622	2576.8604973500023	2568.178246592039	2568.1789230925683	2358.291702	0.8	2621.9032472859526	0.0	2623.960677692624	2568.178123172568	
2576.8604973500023	0.8100000000004002	BehavioralEpochs															0.24418749702840614
2621.6874973500026	0.2680000000000291	BehavioralEpochs															0.04660975815602342
2622.5894973500026	0.17299999999977445	BehavioralEpochs															0.055217477682447225
2625.6516752426255	3.6923186382255153	trials	-1.0	0.125		-1.0	2626.780262372627	2626.4124973500025	2626.2262776762623	2626.2269510426263	2363.174903	0.8	2626.7793800188388	0.0	2628.843955982629	2626.226151122626	
2626.4124973500025	1.262000000000171	BehavioralEpochs															0.3030678644150271
2628.9174973500026	1.70699999999988	BehavioralEpochs															3.312392871101963
2630.12829420263	7.014547550700627	trials	-1.0	0.25		-1.0	2634.581515502635	2634.4834973500024	2631.1763010081213	2631.177222632631	2370.9737020000002	0.8	2634.580523114281	0.0	2636.6427426926366	2631.1760894126314	
2634.4834973500024	3.4450000000001637	BehavioralEpochs															6.3200279545444005
2637.952745012638	5.024549147466132	trials	-1.0	0.125		-1.0	2640.4281307826404	2640.2304973500027	2639.3768580922615	2639.3778358226396	2376.8081030000003	0.8	2640.4271677387246	0.0	2642.4772591826427	2639.3767359326393	
2638.3924973500025	0.3020000000001346	BehavioralEpochs															0.1291965953488443
2640.2304973500027	5.755000000000109	BehavioralEpochs															3.0383007342248334
2643.7527982826437	8.072973094972895	trials	-1.0	0.0625		-1.0	2649.2673801026494	2648.7454973500026	2646.542722506639	2646.5433858626466	2385.656503	0.8	2649.2663461549687	0.0	2651.3256742526514	2646.5425526126464	
2647.5454973500027	0.2669999999998254	BehavioralEpochs															0.08680625980548484
2648.7454973500026	0.8780000000001564	BehavioralEpochs															0.2947960863524486
2650.4224973500027	0.14199999999982538	BehavioralEpochs															0.06249358488065582
2651.2414973500026	0.10799999999971988	BehavioralEpochs															0.027623997598766437
2652.0804973500026	1.3049999999998363	BehavioralEpochs															0.25357187169913686
2652.6463755026525	3.147408211030779	trials	-1.0		1.0	1.0	2654.238182972654	2654.1234973500027	2653.8939779646457	2653.894650662654	2389.624502	0.8	2654.2380786436865	1.5	2655.2937440726555	2653.893817412654	
2654.1234973500027	1.4299999999998363	BehavioralEpochs															1.4511021599863057
2655.8954973500026	2.762000000000171	BehavioralEpochs															-5.144687057931435
2656.5685832426566	7.073771697863322	trials	-1.0		1.0	1.0	2662.077432302662	2661.3904973500025	2659.242609211811	2659.2435823826595	2397.473003	0.8	2662.07733674164	1.5	2663.142292472663	2659.2424824926593	
2661.3904973500025	2.869999999999891	BehavioralEpochs															1.046746356038966
2664.4673599526645	62.994471703806994	trials	0.0	0.0		-1.0	2724.962876462725	2672.0854973500027	2664.960363620807	2664.961177232665	2461.292003	0.8	2724.9618100553216	0.0	2727.6743386227276	2664.960243992665	
2670.4244973500026	0.14800000000013824	BehavioralEpochs															0.04209009037566602
2672.0854973500027	0.4490000000000691	BehavioralEpochs															0.21591676695300066
2673.3584973500024	0.20200000000022555	BehavioralEpochs															-0.10450626391826745
2674.4724973500024	0.1410000000000764	BehavioralEpochs															0.045614700992302915
2678.9204973500027	0.35099999999965803	BehavioralEpochs															0.07279852325382308
2683.387497350003	0.3149999999995998	BehavioralEpochs															-0.07648518092895529
2684.0984973500026	0.8159999999998035	BehavioralEpochs															0.2469047193507663
2727.4824973500026	0.7089999999998327	BehavioralEpochs															0.9412111362331075
2728.6830377427286	9.39287602190825	trials	-1.0	0.125		-1.0	2735.5110882027357	2729.1294973500026	2729.2424420916386	2729.2431483927294	2471.906003	0.8	2735.510190818245	0.0	2737.5758817027377	2729.2422484827293	
2729.1294973500026	0.4130000000000109	BehavioralEpochs															0.22760978880268112
2733.3924973500025	0.09700000000020736	BehavioralEpochs															-0.01922789821543347
2735.226497350003	0.3289999999997235	BehavioralEpochs															0.07455265096376706
2738.888617082739	17.48693894661028	trials	-1.0	0.0625		-1.0	2753.808891572754	2753.4284973500025	2739.408121121457	2739.4090317027394	2490.205503	0.8	2753.8081330697414	0.0	2755.875484892756	2739.4079984727396	
2739.4264973500026	0.1449999999999818	BehavioralEpochs															0.013362198588481533
2743.4044973500027	0.18100000000004002	BehavioralEpochs															0.08039481056721343
2748.5474973500027	0.11700000000018917	BehavioralEpochs															0.039584561089441195
2753.4284973500025	0.45000000000027285	BehavioralEpochs															0.13472740754735923
2756.081497350003	0.17499999999972715	BehavioralEpochs															-0.011303594596029143
2756.7994973500026	0.1979999999998654	BehavioralEpochs															0.08548823044100118
2757.2479598115733	32.243853669521286	trials	-1.0	0.125		-1.0			2758.824572068441	2758.825489862759	2523.321503	0.8	2786.9181904732864	0.0	2776.3421046927765	2758.8243566427586	
2757.771497350003	0.32999999999992724	BehavioralEpochs															0.29696328527199967
2760.2574973500027	0.3609999999998763	BehavioralEpochs															0.06407015482920997
2764.4444973500026	0.23100000000022192	BehavioralEpochs															0.01464237256357137
2765.5834973500027	0.2019999999997708	BehavioralEpochs															-0.011653827341774559
2768.9404973500027	0.08500000000003638	BehavioralEpochs															0.02784600246275204
2770.4504973500025	0.1380000000003747	BehavioralEpochs															0.027198286706038743
2772.3794973500026	0.19000000000005457	BehavioralEpochs															0.06878652262537344
2786.764497350003	0.17200000000002547	BehavioralEpochs															0.07008216186704885
2787.764497350003	0.1269999999999527	BehavioralEpochs															0.05165280295705088
2789.896497350003	0.23700000000008004	BehavioralEpochs															-0.015965377926363544
2790.4604973500027	0.1449999999999818	BehavioralEpochs															-0.011328807024597154
2790.465518050849	34.57457178894356	trials	-1.0	0.125		-1.0			2791.107223039579		2558.8695030000003	0.8	2822.473166884071	0.0			
2792.5824973500025	0.3140000000003056	BehavioralEpochs															-0.16489714411346768
2793.5694973500026	0.16000000000030923	BehavioralEpochs															-0.02310855308905957
2800.992497350003	0.33999999999969077	BehavioralEpochs															0.024910140339784448
2802.704497350003	0.10599999999976717	BehavioralEpochs															0.039434154042567116
2803.2454973500026	0.21500000000014552	BehavioralEpochs															-0.013916958221784625
2809.0224973500026	0.5039999999999054	BehavioralEpochs															0.13714642986838044
2816.9824973500026	0.41400000000021464	BehavioralEpochs															0.08994468484229401
2822.164497350003	5.614999999999782	BehavioralEpochs															2.4765633881306144
2826.0567947438394	50.017091841873025	trials	-1.0	0.125		-1.0			2828.608214579036		2609.902903	0.8	2873.5188637225046	0.0			
2829.7394973500027	0.6019999999998618	BehavioralEpochs															0.27254337839247
2831.3304973500026	0.36599999999998545	BehavioralEpochs															-0.36278293436760123
2836.878497350003	0.08100000000013097	BehavioralEpochs															-0.00987056782031459
2837.8774973500026	0.09999999999990905	BehavioralEpochs															0.018149313739002082
2838.4604973500027	0.2159999999998945	BehavioralEpochs															0.11520748722261942
2839.639497350003	0.4760000000001128	BehavioralEpochs															0.10723952030406281
2841.242497350003	0.13699999999971624	BehavioralEpochs															0.05518133187524654
2843.0344973500028	0.18499999999994543	BehavioralEpochs															0.03636978623973164
2844.434497350003	0.1449999999999818	BehavioralEpochs															0.03509537579958533
2846.798497350003	0.1289999999999054	BehavioralEpochs															0.02323537962621458
2848.858497350003	0.1619999999998072	BehavioralEpochs															0.024014805665672156
2852.396497350003	0.47499999999990905	BehavioralEpochs															0.060524993303374686
2854.1924973500027	0.22000000000025466	BehavioralEpochs															0.05036092785951496
2855.9514973500027	0.1410000000000764	BehavioralEpochs															0.028663373040387796
2863.825497350003	0.13400000000001455	BehavioralEpochs															0.048881034438693405
2869.5894973500026	0.11300000000028376	BehavioralEpochs															0.014285455442006878
2873.4004973500028	0.13099999999985812	BehavioralEpochs															0.08521450074221093
2876.532497350003	0.3910000000000764	BehavioralEpochs															0.08148795597281833
2877.214092449878	9.658477086738912	trials	-1.0	0.0625		-1.0			2879.4395097506726		2620.7015020000003	0.8	2884.3141476469846	0.0			
2877.628497350003	1.4470000000001164	BehavioralEpochs															-0.8543869434057001
2880.220497350003	0.3959999999997308	BehavioralEpochs															0.040604405449471415
2881.597497350003	0.21700000000009823	BehavioralEpochs															0.04780768204926744
2882.4824973500026	0.27700000000004366	BehavioralEpochs															0.11819638562548107
2883.293497350003	1.4650000000001455	BehavioralEpochs															0.23517163187153756
2885.1654973500026	0.25600000000031287	BehavioralEpochs															-0.18617747708964316
2886.2464973500028	0.6100000000001273	BehavioralEpochs															0.15235108946768605
2887.7002739713403	63.708498281330776	trials	0.0	0.0		-1.0			2888.9072833548485		2685.237203	0.8	2948.908749817047	0.0			
2888.1674973500026	0.11000000000012733	BehavioralEpochs															0.035128727125197656
2889.827497350003	0.2880000000000109	BehavioralEpochs															0.08565194201918302
2892.640497350003	0.3309999999996762	BehavioralEpochs															0.12255494455678217
2893.6814973500027	0.3589999999999236	BehavioralEpochs															-0.1382868020922956
2897.267497350003	0.15299999999979264	BehavioralEpochs															-0.011484283245295046
2898.510497350003	0.12199999999984357	BehavioralEpochs															0.013852148574073908
2901.1214973500028	0.11799999999993815	BehavioralEpochs															0.014352657752908726
2901.9644973500026	0.6440000000002328	BehavioralEpochs															0.17106676157163747
2903.925497350003	0.862999999999829	BehavioralEpochs															-0.33670886684757306
2907.9224973500027	0.15200000000004366	BehavioralEpochs															0.05211649820313369
2911.7794973500027	0.2319999999999709	BehavioralEpochs															0.029816787069194106
2912.8624973500027	0.2739999999998872	BehavioralEpochs															0.07436900778736799
2914.0764973500027	0.36799999999993815	BehavioralEpochs															0.023287316166261007
2916.2574973500027	0.18200000000024374	BehavioralEpochs															-0.10695972989464053
2917.514497350003	0.13000000000010914	BehavioralEpochs															0.021054664121209044
2919.262497350003	0.42099999999982174	BehavioralEpochs															0.01980395618414832
2921.4624973500026	0.16700000000037107	BehavioralEpochs															0.07020786672723034
2923.178497350003	0.5389999999997599	BehavioralEpochs															0.13139087189426846
2924.204497350003	0.24699999999984357	BehavioralEpochs															0.07965949116390902
2927.827497350003	0.37199999999984357	BehavioralEpochs															-0.12418551837322411
2930.3954973500026	0.15399999999999636	BehavioralEpochs															0.024109646200940915
2932.7684973500027	0.15300000000024738	BehavioralEpochs															0.027421284627507703
2935.177497350003	0.11099999999987631	BehavioralEpochs															-0.01241744243878884
2941.589497350003	0.113999999999578	BehavioralEpochs															0.046605492835908535
2942.351497350003	0.08699999999998909	BehavioralEpochs															0.03539543585549154
2949.5854973500027	2.326000000000022	BehavioralEpochs															0.38314700301788207
2952.476497350003	2.6130000000002838	BehavioralEpochs															-0.8368228494379082
2952.64627887327	5.25974389019575	trials	1.0	1.0		1.0			2955.8219035611482		2691.7344030000004	0.8	2956.3515076783856	1.5			
2955.9984973500027	1.1310000000003129	BehavioralEpochs															-0.9761339188751208
2957.934497350003	6.072000000000116	BehavioralEpochs															-6.736652842261378
2958.7166260652416	8.25476717404581	trials	-1.0		1.0	1.0			2965.0381752101025		2700.799703	0.8	2965.420378181417	1.5			
2965.2864973500027	3.7830000000003565	BehavioralEpochs															1.002045061415913
2967.8447970292855	17.34433783800432	trials	-1.0	0.0625		-1.0			2970.572718236636		2719.017303	0.8	2982.6250119333363	0.0			
2969.7704973500026	0.3220000000001164	BehavioralEpochs															-0.23414987476223814
2970.923497350003	1.0579999999999927	BehavioralEpochs															0.13768871895854318
2972.626497350003	0.4299999999998363	BehavioralEpochs															0.17500022773975843
2974.2304973500027	0.25200000000040745	BehavioralEpochs															0.04540889435497775
2982.017497350003	0.7080000000000837	BehavioralEpochs															0.13900235040125608
2983.781497350003	0.1519999999995889	BehavioralEpochs															-0.026747568595567373
2985.020497350003	0.17899999999963256	BehavioralEpochs															-0.0351147635536222
2990.709497350003	0.10599999999976717	BehavioralEpochs															0.01978021877022229
2991.7014973500027	0.14000000000032742	BehavioralEpochs															0.04928570320993231
3003.905497350003	0.12199999999984357	BehavioralEpochs															0.029116197297582858
3004.771497350003	0.1269999999999527	BehavioralEpochs															0.030766576421683567
3013.928497350003	0.13499999999976353	BehavioralEpochs															0.02408209381241022
3017.033497350003	0.7309999999997672	BehavioralEpochs															0.07796721633030756
3018.334497350003	0.09699999999975262	BehavioralEpochs															0.012272064105047775
3019.001497350003	8.635000000000218	BehavioralEpochs															-6.472788493044675
3028.530497350003	0.1910000000002583	BehavioralEpochs															0.01679942997679973
3042.885497350003	0.18200000000024374	BehavioralEpochs															0.10349864409732845
3049.260497350003	0.38799999999991996	BehavioralEpochs															-0.03797591831153113
3053.272497350003	0.44499999999970896	BehavioralEpochs															0.230952757687362
3054.873497350003	0.2559999999998581	BehavioralEpochs															0.10938776870187894
3055.573497350003	0.43499999999994543	BehavioralEpochs															0.02223904739247473
3066.435497350003	0.14699999999993452	BehavioralEpochs															0.022584789162010566
3073.398497350003	0.1380000000003747	BehavioralEpochs															0.025588569039541653
3075.363497350003	0.15299999999979264	BehavioralEpochs															0.0471877350506702
3077.789497350003	0.41800000000012005	BehavioralEpochs															0.10775054966740072
3082.396497350003	0.39400000000023283	BehavioralEpochs															0.13378804458318427
3089.446497350003	0.24299999999993815	BehavioralEpochs															0.028746417672152802
3096.604497350003	0.057000000000243745	BehavioralEpochs															-0.01076040302336878
3096.9384973500028	0.07200000000011642	BehavioralEpochs															0.018829778474014347
3103.295497350003	0.22399999999970532	BehavioralEpochs															-0.01279049748035277
3106.787497350003	0.1610000000000582	BehavioralEpochs															0.04688370250897833
3107.281497350003	0.0749999999998181	BehavioralEpochs															0.020506743893292878
3114.450497350003	0.07500000000027285	BehavioralEpochs															0.024454237540567192
3115.843497350003	0.23799999999982901	BehavioralEpochs															0.03786911575059548
3122.561497350003	0.09700000000020736	BehavioralEpochs															0.014584798841724478
3127.133497350003	0.3769999999999527	BehavioralEpochs															0.08637561756768264
3132.119497350003	0.07300000000032014	BehavioralEpochs															0.01165843273321343
3133.309497350003	0.387000000000171	BehavioralEpochs															0.11677826238195621
3136.545497350003	1.0809999999996762	BehavioralEpochs															0.2181438622950509
3145.904497350003	0.1230000000000473	BehavioralEpochs															-0.014109389540692518
3148.008497350003	0.052000000000134605	BehavioralEpochs															0.02462712519809429
3148.461497350003	0.16300000000001091	BehavioralEpochs															0.023249849746207474
3151.202497350003	0.2660000000000764	BehavioralEpochs															0.037408470058267085
3154.784497350003	0.06499999999959982	BehavioralEpochs															0.023561665882425586
3161.805497350003	0.16499999999996362	BehavioralEpochs															0.038530786794865435
3163.129497350003	0.5050000000001091	BehavioralEpochs															0.2232844293666858
3163.983497350003	0.5210000000001855	BehavioralEpochs															0.06679074800393892
3165.453497350003	0.9760000000001128	BehavioralEpochs															0.20993835896183555
3172.462497350003	0.6149999999997817	BehavioralEpochs															0.3459207561195399
3175.165497350003	0.11299999999982901	BehavioralEpochs															0.028055530109156734
3179.053497350003	0.61200000000008	BehavioralEpochs															-0.0668930630711202
3180.130497350003	0.1449999999999818	BehavioralEpochs															0.08894334741353305
3182.355497350003	0.22100000000000364	BehavioralEpochs															0.03365916798628632
3182.9744973500033	0.07399999999961437	BehavioralEpochs															-0.0032319474931341574
3186.5814973500032	0.24199999999973443	BehavioralEpochs															-0.18236245268184348
3187.923497350003	0.6200000000003456	BehavioralEpochs															0.1275414123250016
3193.314497350003	0.30500000000029104	BehavioralEpochs															-0.022335241754717572
3195.9274973500033	0.10599999999976717	BehavioralEpochs															-0.07758760967840317
3197.135497350003	0.7020000000002256	BehavioralEpochs															0.17025456405758632
3198.450497350003	4.402000000000044	BehavioralEpochs															-3.966253082617868
3203.629497350003	3.16800000000012	BehavioralEpochs															-6.055757536710928
3211.091497350003	0.7469999999998436	BehavioralEpochs															0.25820209602244404
3213.2424973500033	0.83199999999988	BehavioralEpochs															-0.47689445437157474
3215.662497350003	0.2519999999999527	BehavioralEpochs															0.26048594237630596
3218.0814973500032	0.10799999999971988	BehavioralEpochs															0.032566664626642705
3232.746497350003	0.20599999999967622	BehavioralEpochs															0.15674099018639254
3237.1844973500033	1.4539999999997235	BehavioralEpochs															-0.7611885914781169
3239.339497350003	0.5639999999998508	BehavioralEpochs															0.28738596791316695
3242.116497350003	0.0909999999998945	BehavioralEpochs															-0.009711485487116533
3243.063497350003	0.4819999999999709	BehavioralEpochs															-0.12042687134152175
3247.580497350003	0.11300000000028376	BehavioralEpochs															0.013268999901697498
3251.542497350003	0.15599999999994907	BehavioralEpochs															0.03207547920465004
3261.046497350003	0.1750000000001819	BehavioralEpochs															0.02465862350692305
3265.958497350003	0.08899999999994179	BehavioralEpochs															0.013308263568944767
3267.2694973500033	0.1679999999996653	BehavioralEpochs															0.01731741660358921
3271.295497350003	1.3589999999999236	BehavioralEpochs															0.7014946191293348
3275.7244973500033	1.2489999999997963	BehavioralEpochs															-0.7085302568705742
3282.926497350003	0.6750000000001819	BehavioralEpochs															0.10280991683271168
3285.0574973500034	0.40699999999969805	BehavioralEpochs															0.334858780453942
3285.871497350003	0.43100000000004	BehavioralEpochs															-0.4643065167044824
3287.705497350003	0.2290000000002692	BehavioralEpochs															-0.013708926632943985
3288.8024973500033	0.36999999999989086	BehavioralEpochs															-0.1010082585797818
3290.299497350003	0.26099999999996726	BehavioralEpochs															0.01120104482907891
3292.297497350003	1.2690000000002328	BehavioralEpochs															0.5207357577580183
3297.257497350003	0.2339999999999236	BehavioralEpochs															-0.021723975316149335
3297.920497350003	0.06899999999995998	BehavioralEpochs															-0.03163948749852352
3302.792497350003	0.1770000000001346	BehavioralEpochs															0.03655405301350356
3305.1754973500033	0.1269999999999527	BehavioralEpochs															0.013425269878098334
3309.1104973500032	0.3170000000000073	BehavioralEpochs															0.07614279607912522
3311.024497350003	0.26900000000023283	BehavioralEpochs															-0.020961070251985348
3312.6914973500034	0.26199999999971624	BehavioralEpochs															0.08956083519996128
3313.5774973500033	0.32199999999966167	BehavioralEpochs															0.11686230372094997
3315.698497350003	0.5020000000004075	BehavioralEpochs															-0.11957678477415357
3317.7004973500034	0.14099999999962165	BehavioralEpochs															0.010506000504506119
3320.0614973500033	0.17399999999997817	BehavioralEpochs															0.18521346671599304
3323.8294973500033	0.3170000000000073	BehavioralEpochs															-0.1954568472383471
3327.132497350003	0.3009999999999309	BehavioralEpochs															0.016187493814754816
3328.1084973500033	1.2719999999999345	BehavioralEpochs															-0.5113038589960865
3332.902497350003	0.7860000000000582	BehavioralEpochs															-0.9187017033144116
3346.6644973500033	0.24899999999979627	BehavioralEpochs															0.11757708800462296
3349.303497350003	0.3510000000001128	BehavioralEpochs															-0.02108376971426651
3355.5754973500034	0.49799999999959255	BehavioralEpochs															-0.19510909331563653
3360.688497350003	0.17099999999982174	BehavioralEpochs															0.03906501226634873
3368.121497350003	0.0500000000001819	BehavioralEpochs															0.01633795043687769
3368.9704973500034	0.10300000000006548	BehavioralEpochs															0.04452875679294266
3371.154497350003	0.30999999999994543	BehavioralEpochs															0.039024684939988674
3379.672497350003	0.15200000000004366	BehavioralEpochs															0.04214019855595552
3381.2244973500033	0.06899999999995998	BehavioralEpochs															0.020784907472943814
3391.3524973500034	5.213999999999942	BehavioralEpochs															-7.14653779362601
3399.3724973500034	0.0909999999998945	BehavioralEpochs															0.02937518033223796
3401.3144973500034	0.5249999999996362	BehavioralEpochs															0.1193949000148109
3403.0704973500033	0.0749999999998181	BehavioralEpochs															0.03369790272506634
3403.6174973500033	1.8020000000001346	BehavioralEpochs															-0.5799618460189322
3413.482497350003	0.062000000000352884	BehavioralEpochs															0.002444505922881035
3414.3524973500034	0.1089999999999236	BehavioralEpochs															0.0102351422875131
3424.7804973500033	0.10500000000001819	BehavioralEpochs															0.03150210672913545
3425.210497350003	0.1770000000001346	BehavioralEpochs															0.1508397998523492
3426.0064973500034	2.6289999999999054	BehavioralEpochs															-6.863067330022432
3428.8834973500034	4.842000000000098	BehavioralEpochs															-8.805813398115049
3434.799497350003	1.598000000000411	BehavioralEpochs															-1.3810712606419884
3444.1934973500033	0.5039999999999054	BehavioralEpochs															-0.2234503247877342
3445.391497350003	0.41600000000016735	BehavioralEpochs															0.39876237903564515
3446.3924973500034	0.5039999999999054	BehavioralEpochs															0.0798864583014165
3448.5714973500035	0.9289999999996326	BehavioralEpochs															-1.330762051413842
3455.6424973500034	1.38799999999992	BehavioralEpochs															-0.9937578423792388
3458.5514973500035	0.6659999999997126	BehavioralEpochs															-0.05722578791818478
3461.7804973500033	0.375	BehavioralEpochs															0.04676271989939096
3462.9474973500032	0.34999999999990905	BehavioralEpochs															-0.25757033438208055
3463.891497350003	1.2850000000003092	BehavioralEpochs															0.0696422118467126
3468.170497350003	0.05500000000029104	BehavioralEpochs															0.014476859865624192
3472.6644973500033	0.13799999999991996	BehavioralEpochs															0.044338340020487976
3474.2144973500035	0.63799999999992	BehavioralEpochs															-0.18101680124487984
3475.634497350003	0.12100000000009459	BehavioralEpochs															0.026101766807698823
3476.9074973500033	0.5090000000000146	BehavioralEpochs															0.27849792706206244
3479.409497350003	0.5869999999999891	BehavioralEpochs															-0.23915782225526527
3480.7654973500034	0.17099999999982174	BehavioralEpochs															0.021433716887941046
3483.5594973500033	0.9729999999999563	BehavioralEpochs															0.3248936018552513
3485.3574973500035	2.255999999999858	BehavioralEpochs															-1.0913680635999867
3494.536497350003	0.38200000000006185	BehavioralEpochs															0.16940201272774402
3496.9904973500034	0.13700000000017099	BehavioralEpochs															0.048725221143456565
3498.8544973500034	1.7579999999998108	BehavioralEpochs															-0.264201687191985
3501.6284973500033	0.07900000000017826	BehavioralEpochs															0.039661577242441126
3503.3214973500035	0.06899999999995998	BehavioralEpochs															0.024314626601437794
3508.9954973500035	0.32999999999992724	BehavioralEpochs															0.18050547580241982
3511.313497350003	0.24000000000023647	BehavioralEpochs															-0.3686157094046507
3515.1004973500035	0.43499999999994543	BehavioralEpochs															0.28454185351205297
3515.8024973500033	0.7710000000001855	BehavioralEpochs															-0.2947928855838313
3516.8784973500033	0.38799999999991996	BehavioralEpochs															0.030453105400283675
3517.6404973500034	0.56899999999996	BehavioralEpochs															-0.24724501563855483
3523.9704973500034	0.7300000000000182	BehavioralEpochs															0.1262078885270057
3526.1094973500035	0.4699999999997999	BehavioralEpochs															0.02430316203486882
3527.6684973500032	0.26099999999996726	BehavioralEpochs															0.05506403480944755
3529.748497350003	0.18000000000029104	BehavioralEpochs															0.027307684618278927
3531.6764973500035	1.7109999999997854	BehavioralEpochs															0.6556346023749029
3533.784497350003	2.88799999999992	BehavioralEpochs															-3.204309784482973
3536.929497350003	0.051000000000385626	BehavioralEpochs															-0.005361381792113207
3537.795497350003	0.14700000000038926	BehavioralEpochs															0.03282750422636127
3541.7454973500035	0.1790000000000873	BehavioralEpochs															0.07445050238692374
3544.6464973500033	1.0790000000001783	BehavioralEpochs															0.1802781214774427
3551.4664973500035	0.2689999999997781	BehavioralEpochs															-0.058618351101415556
3560.3074973500034	0.1449999999999818	BehavioralEpochs															0.05496833492048836
3567.5864973500034	0.7159999999998945	BehavioralEpochs															0.2632012465949174
3575.5844973500034	0.6970000000001164	BehavioralEpochs															0.14779281543479783
3583.880497350003	0.8569999999999709	BehavioralEpochs															-0.46579198844790426
3588.7364973500034	0.6069999999999709	BehavioralEpochs															0.11037088590813937
3592.6014973500032	0.1950000000001637	BehavioralEpochs															0.08681244549956091
3594.2194973500036	0.8609999999998763	BehavioralEpochs															-0.19518405359923463
3596.3204973500033	0.4149999999999636	BehavioralEpochs															0.22653343151756644
3598.9214973500034	6.293999999999869	BehavioralEpochs															-2.0277661038109613
3610.1204973500035	0.5610000000001492	BehavioralEpochs															0.13789357047022577
3614.3244973500036	1.337999999999738	BehavioralEpochs															-0.6348962142546384
3618.5994973500033	0.1380000000003747	BehavioralEpochs															0.04474387803219315
3622.3854973500033	0.8949999999999818	BehavioralEpochs															-0.4406605849099492
3625.1524973500036	0.1859999999996944	BehavioralEpochs															-0.05647185983087866
3627.3164973500034	0.5039999999999054	BehavioralEpochs															-0.08172305118199574
3630.4674973500037	0.1799999999998363	BehavioralEpochs															0.15698628475331589
3634.5384973500036	0.27500000000009095	BehavioralEpochs															-0.39019502567344944
3637.0724973500032	6.733000000000175	BehavioralEpochs															2.35409390193837
3644.2004973500034	1.5960000000000036	BehavioralEpochs															-2.3208913313890207
3650.3224973500037	2.6089999999999236	BehavioralEpochs															-5.741197761883541
3653.2804973500033	2.287000000000262	BehavioralEpochs															-1.8942632625410738
3657.0224973500035	0.66800000000012	BehavioralEpochs															-0.8650360730701436
3660.2014973500036	0.4800000000000182	BehavioralEpochs															0.10780525253699125
3661.3974973500035	0.09000000000014552	BehavioralEpochs															0.022831354083734823
3665.9484973500034	0.6530000000002474	BehavioralEpochs															-0.3134180702214735
3668.1784973500035	0.4169999999999163	BehavioralEpochs															-0.09466740106336147
3670.2524973500035	7.110999999999876	BehavioralEpochs															-12.124917152503826
3678.1474973500035	1.637000000000171	BehavioralEpochs															-2.452687892124402
3680.7614973500035	1.0830000000000837	BehavioralEpochs															0.2333543772438702
3686.8054973500034	1.3670000000001892	BehavioralEpochs															-1.1318371936778249
3688.4814973500033	0.5730000000003201	BehavioralEpochs															-1.0885483799070244
3689.8294973500033	0.39400000000023283	BehavioralEpochs															0.08710914795182134
3691.6974973500037	0.6589999999996508	BehavioralEpochs															-0.03703808103330175
3694.5334973500035	0.09900000000016007	BehavioralEpochs															0.04274449528492141
3700.7814973500035	1.875	BehavioralEpochs															-1.4682634827726133
3709.8104973500035	0.23300000000017462	BehavioralEpochs															0.018389691566937927
3712.4924973500033	0.22000000000025466	BehavioralEpochs															0.2116710674028468
3714.5154973500034	0.24400000000014188	BehavioralEpochs															-0.13321928263002292
3716.4854973500037	6.655999999999949	BehavioralEpochs															-10.204675331574776
3724.1564973500035	0.06399999999985084	BehavioralEpochs															-0.006378468413117844
3726.6064973500033	0.24099999999998545	BehavioralEpochs															-0.09539737790913705
3730.9034973500034	0.7340000000003783	BehavioralEpochs															-0.6733105934319497
3732.5924973500037	5.311999999999898	BehavioralEpochs															-9.644345235430478
3738.2884973500036	1.2429999999999382	BehavioralEpochs															-0.9040107151386678
3739.9064973500035	1.3150000000000546	BehavioralEpochs															-1.0738986098733108
3742.0294973500036	1.76299999999992	BehavioralEpochs															-4.3731452119686764
3747.6544973500036	0.3510000000001128	BehavioralEpochs															-0.10444510388720118
3750.0144973500037	1.9890000000000327	BehavioralEpochs															-1.1501891249145046
3752.7584973500034	0.15600000000040382	BehavioralEpochs															0.04057151080832
3763.8864973500035	0.16800000000012005	BehavioralEpochs															0.04537110229938435
3765.481497350004	0.8969999999999345	BehavioralEpochs															-2.098236908825754
3767.2164973500035	0.3320000000003347	BehavioralEpochs															-0.029588563317304306
3769.5144973500037	0.17299999999977445	BehavioralEpochs															-0.06053653341422205
3772.3304973500035	0.6990000000000691	BehavioralEpochs															0.7418635397497155
3776.4774973500034	0.843000000000302	BehavioralEpochs															-0.31533050495204407
3779.3434973500034	0.499000000000251	BehavioralEpochs															-0.28621735005981463
3780.2574973500036	0.2880000000000109	BehavioralEpochs															0.11351960084408574
3781.9784973500036	0.3389999999999418	BehavioralEpochs															0.17268338028867447
3783.414497350004	0.5889999999999418	BehavioralEpochs															0.42901919826636004
3784.5424973500035	0.849999999999909	BehavioralEpochs															-1.1409133958724738
3787.6604973500034	0.1380000000003747	BehavioralEpochs															0.020876586343320014
3789.481497350004	0.4119999999998072	BehavioralEpochs															0.1589492939992283
3794.3504973500035	0.9320000000002437	BehavioralEpochs															-0.5943594081982155
3795.5624973500035	0.5320000000001528	BehavioralEpochs															-0.1704735503715824
3798.6634973500036	0.11999999999989086	BehavioralEpochs															0.016511393035727906
3800.0414973500037	0.181999999999789	BehavioralEpochs															0.013273399591128054
3801.9444973500035	0.11099999999987631	BehavioralEpochs															0.018348352697898918
3806.9074973500037	0.42099999999982174	BehavioralEpochs															0.454723296007046
3809.0884973500038	0.4989999999997963	BehavioralEpochs															-0.7469887525888339
3809.8544973500034	0.09600000000000364	BehavioralEpochs															-0.024126973252805328
3812.7724973500035	0.2899999999999636	BehavioralEpochs															0.08647201319411124
3816.1224973500034	0.11000000000012733	BehavioralEpochs															0.025310312124815937
3820.0214973500038	0.3469999999997526	BehavioralEpochs															-0.30441941934640226
3821.575497350004	1.0659999999998035	BehavioralEpochs															0.29702040034703714
3824.1034973500036	0.056999999999789	BehavioralEpochs															-0.014046661009672334
3829.1664973500037	0.10500000000001819	BehavioralEpochs															0.011693231411186389
3842.6704973500036	1.4670000000000982	BehavioralEpochs															-1.149202056995307
3847.2624973500037	0.7570000000000618	BehavioralEpochs															0.3555845995121558
3849.4494973500036	0.3949999999999818	BehavioralEpochs															0.32633882575970574
3851.7904973500035	0.5039999999999054	BehavioralEpochs															-0.7589254860576489
3862.615497350004	0.2699999999999818	BehavioralEpochs															-0.3646005471096032
3863.6504973500037	0.12199999999984357	BehavioralEpochs															0.010440467518549212
3865.4334973500036	0.45200000000022555	BehavioralEpochs															-0.24880548156397708
3893.3844973500036	0.9290000000000873	BehavioralEpochs															-0.5111545335127516
3896.9784973500036	0.17799999999988358	BehavioralEpochs															-0.06885697508243993
3900.564497350004	0.17499999999972715	BehavioralEpochs															0.020897839448423383
3905.365497350004	0.10199999999986176	BehavioralEpochs															-0.00446648238431635
3908.9644973500035	0.47400000000016007	BehavioralEpochs															-0.32274589117923824
3914.296497350004	0.09799999999995634	BehavioralEpochs															0.03935219902911058
3922.946497350004	0.2179999999998472	BehavioralEpochs															0.10945391991708675
3926.287497350004	0.23799999999982901	BehavioralEpochs															-0.22014771664379396
3931.283497350004	0.1799999999998363	BehavioralEpochs															0.1558712966914868
3931.769497350004	0.29799999999977445	BehavioralEpochs															0.058066048101295564
3933.392497350004	0.08399999999983265	BehavioralEpochs															-0.0029069173608604615
3935.6414973500036	0.4470000000001164	BehavioralEpochs															-0.011691099971471886
3936.414497350004	0.3089999999997417	BehavioralEpochs															-0.3595048712411426
3939.120497350004	0.15999999999985448	BehavioralEpochs															-0.037651539899684394
3952.292497350004	0.15499999999974534	BehavioralEpochs															-0.0585081721232541
3955.5874973500036	0.10500000000001819	BehavioralEpochs															0.043583610012831286
3958.1564973500035	0.1570000000001528	BehavioralEpochs															-0.005492596390638482
3959.8804973500037	0.07200000000011642	BehavioralEpochs															-0.02046564187662625
3961.394497350004	2.1399999999998727	BehavioralEpochs															-1.7596631309368718
3964.1904973500036	4.153999999999996	BehavioralEpochs															-1.5031667157173842
3971.769497350004	0.38499999999976353	BehavioralEpochs															-0.1277085613562008
3973.182497350004	0.1390000000001237	BehavioralEpochs															0.01905310856568576
3979.571497350004	0.09699999999975262	BehavioralEpochs															0.061435362734130194
3979.8894973500037	0.30600000000004	BehavioralEpochs															0.04726823837034999
3980.8714973500037	0.4230000000002292	BehavioralEpochs															0.38226182837081524
3981.5944973500036	1.1440000000002328	BehavioralEpochs															-0.47689469128692963
3983.1084973500037	0.6019999999998618	BehavioralEpochs															0.11105186855962756
3984.071497350004	0.4139999999997599	BehavioralEpochs															0.09715278936187133
3990.7084973500037	0.48700000000008004	BehavioralEpochs															-0.12135104176468303
3991.870497350004	0.10300000000006548	BehavioralEpochs															0.016695653004546784
4005.2774973500036	0.08800000000019281	BehavioralEpochs															-0.012444190203495964
4005.917497350004	0.25700000000006185	BehavioralEpochs															-0.07219667666311125
4014.0274973500036	0.21400000000039654	BehavioralEpochs															0.015079659901289233
4019.347497350004	0.6269999999999527	BehavioralEpochs															-0.1272291395856655
4025.798497350004	0.7550000000001091	BehavioralEpochs															-0.03033491192462634
4027.6574973500037	1.3070000000002437	BehavioralEpochs															-0.37295502494635
4030.1304973500037	0.3320000000003347	BehavioralEpochs															-0.07365762620707983
4048.303497350004	0.7280000000000655	BehavioralEpochs															-0.17824422767347414
4050.037497350004	0.08599999999978536	BehavioralEpochs															-0.020473620614438914
4054.638497350004	0.35199999999986176	BehavioralEpochs															-0.3788247988033504
4057.164497350004	0.47000000000025466	BehavioralEpochs															-0.2222395445546681
4070.196497350004	3.4049999999997453	BehavioralEpochs															-4.358823723466799
4074.460497350004	2.4729999999999563	BehavioralEpochs															-3.34582147711518
4077.890497350004	0.16499999999996362	BehavioralEpochs															0.016772865727034514
4079.223497350004	0.76299999999992	BehavioralEpochs															-0.49747221370705574
4090.513497350004	0.17200000000002547	BehavioralEpochs															0.030885146559626264
4094.946497350004	0.18499999999994543	BehavioralEpochs															0.023441379039354615
4098.143497350004	0.1499999999996362	BehavioralEpochs															-0.013129453186024875
4099.091497350003	0.524000000000342	BehavioralEpochs															-0.19508912465670392
4101.577497350004	0.11199999999917054	BehavioralEpochs															0.010369593462826288
4107.373497350003	0.4970000000002983	BehavioralEpochs															0.13150478393799858
4108.765497350003	0.342000000000553	BehavioralEpochs															0.11833897199647936
4112.241497350004	0.10199999999986176	BehavioralEpochs															0.015672587641290647
4122.262497350003	0.37300000000050204	BehavioralEpochs															-0.15675299278245802
4123.9154973500035	0.3760000000002037	BehavioralEpochs															-0.03611655972429162
4125.181497350003	0.9500000000007276	BehavioralEpochs															-0.08315166611788527
4126.751497350004	0.29099999999925785	BehavioralEpochs															-0.11037409763076766
4128.095497350004	0.2849999999998545	BehavioralEpochs															0.14743317382504983
4131.788497350003	0.4110000000000582	BehavioralEpochs															-0.010871613783422163
4136.846497350003	0.06000000000040018	BehavioralEpochs															0.01503459181043354
4138.886497350003	0.35500000000047294	BehavioralEpochs															0.036327468155718634
4140.849497350004	0.32699999999931606	BehavioralEpochs															0.03499613619652564
4142.701497350004	0.1459999999997308	BehavioralEpochs															0.04965054009312553
4145.808497350004	0.6499999999996362	BehavioralEpochs															0.014903779048609067
4154.211497350004	0.7809999999999491	BehavioralEpochs															0.10986635128131184
4155.268497350004	0.43699999999989814	BehavioralEpochs															0.01563256563605364
4157.414497350003	0.18299999999999272	BehavioralEpochs															0.05880522440122604
4159.109497350003	0.1720000000004802	BehavioralEpochs															-0.12403971343849207
4167.008497350003	0.47299999999995634	BehavioralEpochs															-0.10786092912002232
4170.009497350004	0.32999999999992724	BehavioralEpochs															0.017257958326808875
4179.762497350003	0.44800000000032014	BehavioralEpochs															0.021598375263863545
4180.6294973500035	0.11999999999989086	BehavioralEpochs															-0.021011527444954936
4181.623497350003	0.6840000000001965	BehavioralEpochs															0.16805925676658262
4186.137497350003	0.2860000000000582	BehavioralEpochs															0.1709816667657833
4193.190497350003	0.454000000000633	BehavioralEpochs															-0.1182327330770363
4202.375497350004	0.26299999999991996	BehavioralEpochs															-0.12319150764579945
4205.666497350004	0.22999999999956344	BehavioralEpochs															-0.10695431730943028
4207.738497350004	0.30099999999947613	BehavioralEpochs															0.028831718797448502
4208.608497350004	0.2919999999994616	BehavioralEpochs															0.17191540989387022
4211.130497350004	0.48399999999946886	BehavioralEpochs															0.03038213395382172
4211.884497350004	0.13299999999981083	BehavioralEpochs															0.023547917111329753
4213.872497350004	0.38400000000001455	BehavioralEpochs															0.05180830091694588
4219.432497350003	0.13799999999991996	BehavioralEpochs															0.02074599633829166
4222.084497350003	0.07300000000032014	BehavioralEpochs															0.006889948519017253
4224.490497350003	0.27300000000013824	BehavioralEpochs															0.13039210434936876
4226.541497350004	0.1069999999999709	BehavioralEpochs															-0.008364843788399412
4228.055497350004	0.20199999999931606	BehavioralEpochs															0.06292105326735964
4235.742497350004	0.07399999999961437	BehavioralEpochs															0.006284999254489776
4237.033497350004	0.4279999999998836	BehavioralEpochs															0.020104893495897613
4252.149497350004	0.125	BehavioralEpochs															0.028674599293083247
4254.978497350004	0.22199999999975262	BehavioralEpochs															-0.020790001567604577
4257.981497350003	0.19900000000052387	BehavioralEpochs															0.0617324090984539
4266.393497350004	0.1570000000001528	BehavioralEpochs															0.03226036113125019
4267.992497350004	0.1679999999996653	BehavioralEpochs															0.07349028988051032
4272.206497350004	0.18800000000010186	BehavioralEpochs															0.02879171998711172
4274.393497350004	0.09199999999964348	BehavioralEpochs															0.03335082292704783
4288.011497350004	0.35799999999926513	BehavioralEpochs															-0.1221507402611337
4294.966497350004	0.29899999999997817	BehavioralEpochs															0.14676156273009155
