onset	duration	nwb_table	choice.npy	contrastLeft.npy	contrastRight.npy	feedbackType.npy	feedback_times.npy	firstMovement_times.npy	goCueTrigger_times.npy	goCue_times.npy	intervals_bpod.npy	itiDuration.npy	probabilityLeft.npy	response_times.npy	rewardVolume.npy	stimOff_times.npy	stimOn_times.npy	peakAmplitude.npy
3.3831666666666695	8.275000000000007	BehavioralEpochs																7.066946306981025
13.149166666666678	2.972000000000003	BehavioralEpochs																2.610788268927564
19.2138	2.5905301467067225	trials	1.0	1.0		1.0	20.236	19.87716666666668	19.759306137626858	19.7598	2.590501	1.5684010000000002	0.5	20.235911500033755	1.5	21.304233333333332	19.8377	
19.87716666666668	1.073000000000004	BehavioralEpochs																-0.6804812066361308
21.168166666666686	3.852000000000004	BehavioralEpochs																-1.3415128277829682
22.176433333333332	9.977866219617685	trials	1.0		0.125	-1.0	29.585733333333334	25.82016666666669	25.554555075625924	25.5551	12.940402	2.569402	0.5	29.584881015640086	0.0	31.6543	25.554333333333332	
25.82016666666669	0.5749999999999993	BehavioralEpochs																0.2268790908418179
29.33216666666669	1.2660000000000018	BehavioralEpochs																-1.1611255427621163
30.974166666666694	0.5399999999999991	BehavioralEpochs																-0.22175346581894217
32.5345	2.5364313605824833	trials	1.0	0.25		1.0	33.50613333333333	33.2741666666667	33.053906012409136	33.05446666666667	15.857002	1.564902	0.5	33.50601124577488	1.5	34.57083333333333	33.05376666666667	
33.2741666666667	1.766999999999996	BehavioralEpochs																-0.6883298789549377
35.3751666666667	0.11599999999999966	BehavioralEpochs																0.01380790706492796
35.41413333333333	2.3901294606985104	trials	-1.0		1.0	1.0	36.24183333333333	36.1391666666667	36.02064055537694	36.021433333333334	18.590301	1.562501000000001	0.5	36.241743188178	1.5	37.30416666666667	36.020466666666664	
36.1391666666667	1.0940000000000012	BehavioralEpochs																0.3150278675438969
37.5701666666667	1.2370000000000019	BehavioralEpochs																0.4546749466385238
38.21346666666667	3.540831220637564	trials	1.0	0.0		1.0	40.182066666666664	39.75316666666671	39.72087953228353	39.7214	22.540301	1.572301000000003	0.5	40.181983467759146	1.5	41.25423333333333	39.720733333333335	
39.10416666666671	0.06400000000000006	BehavioralEpochs																0.022930472186164508
39.75316666666671	2.2789999999999964	BehavioralEpochs																-0.7296239149605226
42.119	3.218530786042159	trials	1.0		0.0	-1.0	42.783366666666666		42.620704643048846	42.62136666666667	26.123500999999997	2.554801000000001	0.5	42.78270614229922	0.0	44.837466666666664	42.620466666666665	
42.27416666666671	1.6820000000000022	BehavioralEpochs																-1.0560517827258682
44.39916666666671	2.389000000000003	BehavioralEpochs																-0.918603986516024
45.72083333333333	5.000032915162649	trials	-1.0		1.0	1.0	49.15083333333333		48.47065033542938		31.506802	1.5701019999999986	0.5	49.150754540508125	1.5	50.22076666666667	48.4705	
47.27316666666671	0.6390000000000029	BehavioralEpochs																-0.1314018518161939
48.60016666666671	1.4120000000000061	BehavioralEpochs																0.2954792849674819
50.35816666666671	0.8860000000000028	BehavioralEpochs																-0.15040420617571915
51.11196666666667	3.1418318647541312	trials	-1.0		0.125	1.0	52.68626666666667		51.753872768319695		35.039702	1.5676020000000008	0.5	52.68618163040275	1.5	53.75366666666667	51.75373333333334	
51.92616666666672	1.3969999999999985	BehavioralEpochs																0.38665921911508416
54.17916666666672	0.07200000000000273	BehavioralEpochs																0.01093421505602521
54.6187	3.618732123467275	trials	1.0	1.0		1.0	56.6766	56.405166666666716	56.27071375188339	56.27126666666667	39.023302	1.5609019999999987	0.5	56.67651712991867	1.5	57.7374	56.27056666666667	
54.841166666666716	1.0300000000000011	BehavioralEpochs																-0.4615111402429539
56.405166666666716	4.065000000000005	BehavioralEpochs																-0.7921974295923766
58.62303333333333	5.014033009202571	trials	1.0		0.125	-1.0	61.068933333333334	60.80916666666673	60.95354774636041	60.954233333333335	44.422902	2.568802000000005	0.5	61.06824845572501	0.0	63.137033333333335	60.9534	
60.80916666666673	0.8649999999999949	BehavioralEpochs																-0.7609626129662823
62.21316666666672	0.5590000000000046	BehavioralEpochs																-0.5400609161002312
63.58916666666673	1.9039999999999964	BehavioralEpochs																0.6828889431123111
64.01286666666667	4.057731214158068	trials	-1.0		0.25	1.0	66.5081	66.11416666666673	65.93718099524938	65.9379	48.856401	1.5626010000000008	0.5	66.50798524549882	1.5	67.5705	65.937	
66.11416666666673	1.188999999999993	BehavioralEpochs																0.3397567935671386
68.4895	3.3311320928866905	trials	-1.0	0.0		-1.0	69.2662	69.11416666666673	69.12020569768913	69.1209	52.606401999999996	2.5553019999999975	0.5	69.26530700850995	0.0	71.3206	69.12	
69.11416666666673	0.5300000000000011	BehavioralEpochs																0.30490820404659535
70.22316666666673	1.6210000000000093	BehavioralEpochs																1.9426586202840692
72.17933333333333	4.524332809002388	trials	-1.0	0.0		-1.0	74.13383333333333	73.34116666666674	72.65353656247872	72.6542	57.489402	2.570701999999997	0.5	74.13294663670412	0.0	76.20363333333333	72.6534	
73.34116666666674	1.3289999999999935	BehavioralEpochs																0.41542851954067217
76.84116666666674	0.784000000000006	BehavioralEpochs																0.36218238114535506
77.07436666666666	3.245731724178995	trials	1.0	1.0		1.0	78.7509	78.66416666666674	78.65358112899976	78.65416666666667	61.105802	1.5693020000000004	0.5	78.75078201915856	1.5	79.8201	78.6534	
78.66416666666674	0.7809999999999917	BehavioralEpochs																-0.8774067137526913
79.96716666666674	1.3769999999999953	BehavioralEpochs																1.0855953930144002
80.7142	5.9058637302381385	trials	1.0		0.0	-1.0	84.0531	83.89516666666674	81.90391263675569	81.90446666666666	67.405701	2.567801000000003	0.5	84.052235455569	0.0	86.11996666666667	81.90373333333334	
83.89516666666674	1.163000000000011	BehavioralEpochs																-0.9085746134980299
86.99066666666667	2.6293302485788956	trials	1.0	0.125		1.0	88.05636666666666	87.89516666666675	87.5704731164136	87.5711	70.405601	1.563701000000009	0.5	88.05627852049614	1.5	89.1199	87.57026666666667	
87.89516666666675	1.0120000000000005	BehavioralEpochs																-0.5641758717737968
89.27516666666675	1.6809999999999974	BehavioralEpochs																0.9922238925985649
89.9872	3.549332073733268	trials	1.0	0.25		1.0	91.9835	91.78316666666674	91.60361369598374	91.6041	74.322102	1.5531019999999955	0.5	91.98341691408237	1.5	93.0365	91.60346666666666	
91.78316666666674	1.8060000000000116	BehavioralEpochs																-0.7086543512509751
93.92123333333333	3.9490321807634956	trials	-1.0		0.125	1.0	96.30533333333334	94.66116666666676	94.43693727463793	94.43743333333333	78.655802	1.5650019999999927	0.5	96.30525155336467	1.5	97.37013333333333	94.43673333333334	
94.66116666666676	0.9320000000000022	BehavioralEpochs																0.23739760468658844
96.00316666666676	1.2510000000000048	BehavioralEpochs																0.7661087852661117
97.76016666666676	0.06399999999999295	BehavioralEpochs																0.006757813585230643
98.10416666666676	0.1460000000000008	BehavioralEpochs																0.060112039532914885
98.28276666666666	2.687402000000006	trials	1.0	1.0		1.0	99.40096666666666	99.09316666666676	99.00316666666666	99.0037	81.755702	1.5693020000000075	0.5	99.40086666666666	1.5	100.47006666666667	99.003	
99.09316666666676	3.100999999999999	BehavioralEpochs																1.3155193761028796
101.34406666666666	4.458963300860631	trials	1.0		0.0625	-1.0	103.2297	103.06416666666676	102.80308672495806	102.8037	86.588502	2.5740020000000072	0.5	103.22899258021941	0.0	105.30296666666666	102.80293333333333	
103.06416666666676	1.2019999999999982	BehavioralEpochs																-1.2257866599534104
105.24716666666676	1.4590000000000032	BehavioralEpochs																-2.848922391320641
106.19333333333333	3.376831044049993	trials	-1.0		0.25	1.0	107.99103333333333	107.60216666666676	107.38694395302282	107.3877	90.355601	1.5792009999999976	0.5	107.99094932692735	1.5	109.07006666666666	107.38673333333334	
107.60216666666676	1.3410000000000082	BehavioralEpochs																0.7986146440143136
109.93986666666666	2.563101000000003	trials	-1.0		0.25	1.0	110.93126666666667	110.84416666666677	110.70286666666667	110.70336666666667	93.288401	1.5718009999999936	0.5	110.93116666666666	1.5	112.00293333333333	110.7027	
110.84416666666677	1.034000000000006	BehavioralEpochs																0.29038827248532595
112.87316666666666	7.81356551743508	trials	1.0		0.125	-1.0	118.10526666666667	114.44216666666676	114.22007761587143	114.22063333333334	101.47210199999999	2.5822019999999952	0.5	118.10450919289346	0.0	120.18663333333333	114.21993333333333	
113.16116666666677	0.5379999999999967	BehavioralEpochs																0.37641109142307716
114.44216666666676	1.0430000000000064	BehavioralEpochs																0.24539667857082215
117.84116666666678	0.820999999999998	BehavioralEpochs																-0.6060983632977477
120.76716666666678	0.9009999999999962	BehavioralEpochs																-0.4702996929778118
121.07413333333334	4.21243250674604	trials	-1.0		0.0	1.0	123.71366666666667	122.68016666666678	122.35294259456407	122.3536	106.071902	1.5730020000000025	0.5	123.71355244820069	1.5	124.7865	122.35283333333334	
122.68016666666678	2.1400000000000006	BehavioralEpochs																-0.36002203214758133
125.18816666666677	1.7070000000000078	BehavioralEpochs																1.0705125258174792
125.67686666666667	3.8095617878431227	trials	1.0	0.0625		1.0	127.9202	127.64416666666678	127.53609584569267	127.53656666666667	110.271702	1.5663020000000074	0.5	127.92010187234176	1.5	128.98633333333333	127.536	
127.64416666666678	1.8589999999999947	BehavioralEpochs																-0.6344957120948305
129.92473333333334	2.4280009999999947	trials	1.0	0.25		1.0	130.78923333333333		130.51933333333335		113.138001	1.5636010000000056	0.5	130.78913333333333	1.5	131.8527	130.5192	
130.6851666666668	1.5269999999999868	BehavioralEpochs																-0.9902578508923874
132.72553333333335	5.377162966015561	trials	1.0		0.0625	-1.0	135.55153333333334		135.3528636104869		118.887901	2.551901000000001	0.5	135.55076589109768	0.0	137.60263333333333	135.35273333333333	
133.08216666666678	1.4350000000000023	BehavioralEpochs																1.5416450217663016
135.2831666666668	0.7839999999999918	BehavioralEpochs																-1.0016800288204504
137.0661666666668	1.914999999999992	BehavioralEpochs																1.310504349329607
138.5106	11.058498591740488	trials	1.0		0.0625	-1.0	147.01413333333332	140.0121666666668	139.68631026937794	139.68683333333334	130.35420200000002	2.555702000000011	0.5	147.0133742684695	0.0	149.069	139.68616666666668	
140.0121666666668	0.44700000000000273	BehavioralEpochs																-0.15032515143691505
142.1451666666668	0.22999999999998977	BehavioralEpochs																-0.1300457858337225
143.1421666666668	0.4049999999999727	BehavioralEpochs																0.11702416109705371
146.2791666666668	1.7339999999999804	BehavioralEpochs																-0.7448418102268581
149.9593	2.459801999999968	trials	-1.0		1.0	1.0	150.8651	150.6361666666668	150.50310000000002	150.50376666666668	133.204202	1.5541020000000003	0.5	150.865	1.5	151.91906666666668	150.5029	
150.6361666666668	2.155000000000001	BehavioralEpochs																0.38460255860438863
152.7967	2.472729964179905	trials	1.0	0.25		1.0	153.7122	153.6051666666668	153.3861069039838	153.38676666666666	136.05450100000002	1.5573009999999954	0.5	153.71211072261073	1.5	154.7694	153.386	
153.6051666666668	1.5989999999999895	BehavioralEpochs																-0.5986910611588359
155.64243333333334	6.976664083282458	trials	1.0		0.0625	-1.0	160.04973333333334	157.0391666666668	156.13593779562092	156.13646666666668	143.40410100000003	2.5702010000000257	0.5	160.0488731765429	0.0	162.11903333333333	156.13576666666665	
157.0391666666668	0.6990000000000123	BehavioralEpochs																0.2488504844856081
159.5281666666668	0.9029999999999916	BehavioralEpochs																-0.49384251130057155
162.6061666666668	0.5279999999999916	BehavioralEpochs																0.22442121335239396
163.0154	3.153631252836135	trials	-1.0		0.0625	1.0	164.6085	164.13216666666682	163.7361066852187	163.73673333333332	146.954002	1.5606019999999887	0.5	164.60841477668012	1.5	165.66893333333334	163.7359	
164.13216666666682	2.6270000000000095	BehavioralEpochs																1.0753219883409502
166.60893333333334	2.510101999999989	trials	-1.0		1.0	1.0	167.56323333333333	167.4451666666668	167.30263333333335	167.30336666666668	149.90400200000002	1.5559020000000316	0.5	167.56313333333333	1.5	168.61896666666667	167.30246666666667	
167.4451666666668	0.9840000000000089	BehavioralEpochs																0.4115815220646226
169.49303333333333	2.392330845505512	trials	-1.0		1.0	1.0	170.33226666666667	170.1191666666668	170.1359410851872	170.1367	152.67030200000002	1.5532019999999989	0.5	170.33214345089527	1.5	171.38533333333334	170.1358	
170.1191666666668	1.8080000000000211	BehavioralEpochs																1.9751904860257454
172.25756666666666	2.4449309057009714	trials	1.0	1.0		1.0	173.14196666666666	172.93616666666682	172.80257311011798	172.80333333333334	155.487402	1.5606019999999887	0.5	173.14187712160978	1.5	174.20243333333335	172.8024	
172.93616666666682	1.7940000000000111	BehavioralEpochs																-0.7207425448337652
175.077	2.7922303820016623	trials	-1.0		0.25	1.0	176.3048		175.65210605170944	175.65263333333334	158.65410100000003	1.564501000000007	0.5	176.30471291894224	1.5	177.3692	175.65193333333335	
175.43716666666683	1.6289999999999907	BehavioralEpochs																-0.3112603537417158
178.24473333333333	10.59046620760276	trials	1.0		0.125	-1.0	186.2696	183.10516666666683	182.91876167091064	182.9193	169.620002	2.5664019999999823	0.5	186.26878198132653	0.0	188.33513333333335	182.91856666666666	
178.56516666666684	3.852000000000004	BehavioralEpochs																-0.9982824275718425
183.10516666666683	1.3220000000000027	BehavioralEpochs																0.26811857639249936
185.96116666666683	0.7820000000000107	BehavioralEpochs																-0.6807527831038929
189.2408	12.628030103801166	trials	-1.0	0.0		-1.0	199.30886666666666	194.13916666666685	191.35222158630845	191.35293333333334	182.653501	2.5606009999999912	0.5	199.30820292499897	0.0	201.36876666666666	191.35203333333334	
189.55116666666683	1.203000000000003	BehavioralEpochs																-1.2745154275918935
194.13916666666685	0.5609999999999786	BehavioralEpochs																0.23705177286913504
195.87916666666683	0.2370000000000232	BehavioralEpochs																-0.13017108894742613
199.07516666666686	0.7919999999999732	BehavioralEpochs																0.7180812460393806
202.28253333333333	9.65266550354275	trials	1.0	0.0625		1.0	210.3694	210.08516666666685	207.984970848876	207.98546666666667	192.71980200000002	1.5659019999999941	0.5	210.369286534957	1.5	211.43513333333334	207.98483333333334	
202.67416666666685	0.3810000000000002	BehavioralEpochs																-0.07201636119944332
203.62016666666685	3.1260000000000048	BehavioralEpochs																-1.036687387671229
207.01816666666684	0.2560000000000002	BehavioralEpochs																0.16565511350427187
210.08516666666685	1.179000000000002	BehavioralEpochs																-0.6723681336771428
212.416	2.452330781873883	trials	1.0	0.25		1.0	213.3029	213.12116666666685	212.91850589767967	212.91916666666665	195.652902	1.5655020000000093	0.5	213.3028104080842	1.5	214.36826666666667	212.9184	
213.12116666666685	1.943000000000012	BehavioralEpochs																-0.7929647412727707
215.25613333333334	6.695764759948446	trials	1.0	0.0625		1.0	220.38956666666667	220.09816666666686	219.75227547603984	219.75276666666667	202.73640200000003	1.56240200000002	0.5	220.3894814486233	1.5	221.45176666666666	219.75206666666668	
215.85316666666685	3.1970000000000027	BehavioralEpochs																-1.7049887870427476
220.09816666666686	1.3910000000000196	BehavioralEpochs																-0.5854047570446843
222.3687	4.083231425103378	trials	-1.0		0.125	1.0	224.8976	223.96216666666686	223.76801042658622	223.76873333333333	207.236401	1.5544009999999844	0.5	224.8975188428151	1.5	225.95186666666666	223.76783333333333	
222.68516666666687	0.4399999999999977	BehavioralEpochs																-0.4550488761664715
223.96216666666686	2.0810000000000173	BehavioralEpochs																0.4300238500423159
226.84223333333333	2.476201000000003	trials	1.0	0.0625		1.0	227.76033333333334	227.53616666666687	227.56823333333332	227.56873333333334	210.102901	1.5582009999999968	0.5	227.76023333333333	1.5	228.81833333333333	227.5681	
227.53616666666687	1.7249999999999943	BehavioralEpochs																-0.3249351984625939
229.70073333333335	2.4343298314975073	trials	1.0	0.0		1.0	230.58566666666667	230.24816666666686	230.21833946371044	230.21906666666666	212.91950100000003	1.5495009999999922	0.5	230.5855438127724	1.5	231.63503333333333	230.2182	
230.24816666666686	2.359000000000009	BehavioralEpochs																-0.9198480441559438
232.51516666666666	2.7029305314506757	trials	1.0	1.0		1.0	233.65616666666668	233.40016666666688	233.25157471245166	233.25236666666666	216.00250100000002	1.5620010000000093	0.5	233.65607913195194	1.5	234.71806666666666	233.25146666666666	
233.40016666666688	2.039999999999992	BehavioralEpochs																-1.2876623020526772
235.6576	2.3603307088974077	trials	1.0	1.0		1.0	236.4533	236.31616666666687	236.1516060086359	236.15236666666667	218.802301	1.5647019999999827	0.5	236.45320967706624	1.5	237.51783333333333	236.1514	
236.31616666666687	1.9240000000000066	BehavioralEpochs																-1.104189078983162
238.39813333333333	2.4029020000000116	trials	1.0	0.25		1.0	239.23653333333334	239.08616666666688	239.05183333333332	239.05233333333334	221.58540100000002	1.5646020000000078	0.5	239.23643333333334	1.5	240.301	239.0517	
239.08616666666688	0.7690000000000055	BehavioralEpochs																-0.5582423147105988
240.1411666666669	0.6529999999999916	BehavioralEpochs																-0.08511335315859903
241.19533333333334	5.422964147906185	trials	1.0		0.0	-1.0	244.05896666666666	243.8811666666669	243.1348555605217	243.13566666666668	227.402601	2.5605019999999854	0.5	244.05776613720232	0.0	246.1182	243.13473333333334	
241.61616666666689	0.9969999999999857	BehavioralEpochs																-0.9825470272357055
243.8811666666669	0.4479999999999791	BehavioralEpochs																-0.4599956438336279
245.9441666666669	0.6570000000000107	BehavioralEpochs																-0.27147718461213177
247.0126	2.772230322428129	trials	-1.0		1.0	1.0	248.2301	247.8401666666669	247.70120728353535	247.70196666666666	230.56910000000002	1.5548009999999977	0.5	248.23001287681663	1.5	249.28476666666666	247.70103333333333	
247.8401666666669	1.343999999999994	BehavioralEpochs																0.2930494924527389
250.16403333333332	3.753731238373746	trials	1.0	0.0625		1.0	252.35833333333332	252.0891666666669	251.73454598467822	251.73526666666666	234.70200000000003	1.5595010000000116	0.5	252.35825100896588	1.5	253.41766666666666	251.7344	
250.3671666666669	0.7990000000000066	BehavioralEpochs																0.8694617554535693
252.0891666666669	1.1980000000000075	BehavioralEpochs																-0.628742688580203
254.30196666666666	4.0660323682276385	trials	1.0	0.125		1.0	256.8061666666667	256.4701666666669	256.3516819755023	256.35226666666665	239.15220100000002	1.5619020000000035	0.5	256.806085369333	1.5	257.8679333333333	256.3515	
254.8531666666669	0.7539999999999907	BehavioralEpochs																-0.4160725937291203
256.4701666666669	1.3039999999999736	BehavioralEpochs																-0.47803486965292796
258.765	2.186401999999987	trials	1.0	0.0625		1.0	259.3925	259.2291666666669	259.2513	259.2519	241.735601	1.5590019999999924	0.5	259.39239999999995	1.5	260.4513333333333	259.2511	
259.2291666666669	0.9769999999999754	BehavioralEpochs																-0.3518530873270609
261.3336	5.6009634538293085	trials	1.0	0.125		1.0	265.36993333333334	265.1561666666669	265.00104023919243	265.0018666666667	247.718701	1.5647019999999827	0.5	265.3698442857143	1.5	266.4345	265.0009333333333	
261.6461666666669	2.9039999999999964	BehavioralEpochs																-2.00776947060033
265.1561666666669	0.9140000000000441	BehavioralEpochs																-0.5072808402626563
267.1941666666669	0.7120000000000459	BehavioralEpochs																0.3048882405251787
267.4096666666667	3.057931490240321	trials	-1.0		0.25	1.0	268.91546666666665	268.4581666666669	268.30107526327976	268.30156666666664	251.25170100000003	1.5522020000000225	0.5	268.91538118755545	1.5	269.96753333333334	268.30086666666665	
268.4581666666669	1.122000000000014	BehavioralEpochs																0.3043238597221425
270.8661	4.184931404023416	trials	1.0	0.125		1.0	273.4861	273.0741666666669	272.85131442281846	272.8518666666667	255.8351	1.5650009999999952	0.5	273.4860190340228	1.5	274.5509666666667	272.8511	
271.1431666666669	1.177000000000021	BehavioralEpochs																0.7539786834297102
273.0741666666669	1.6380000000000337	BehavioralEpochs																-0.632205420619909
275.4542333333333	6.7299649248024025	trials	1.0		0.0625	-1.0	279.6205	276.2061666666669	276.06773906957824	276.0685	262.968201	2.5645020000000045	0.5	279.61967227995865	0.0	281.68416666666667	276.0676	
276.2061666666669	0.6580000000000155	BehavioralEpochs																-0.17701897451340876
278.09116666666694	0.38999999999998636	BehavioralEpochs																0.1185271549786473
279.4551666666669	1.1449999999999818	BehavioralEpochs																-0.9975786102966434
282.5844	2.4162019999999416	trials	1.0	0.125		1.0	283.4534	283.27116666666694	283.1344	283.13513333333333	265.784601	1.547302000000002	0.5	283.4533	1.5	284.50053333333335	283.1342666666667	
283.27116666666694	2.1889999999999645	BehavioralEpochs																-0.8994039946156306
285.3882	2.5293307777133123	trials	1.0	0.25		1.0	286.35473333333334		285.9678065945319		268.701501	1.5629019999999514	0.5	286.35461099543755	1.5	287.4175	285.9676666666667	
286.1661666666669	7.958000000000027	BehavioralEpochs																-2.464236332526996
288.3179333333333	8.33266392483472	trials	1.0	0.125		1.0	295.0881		294.7843821652828		277.4345	1.5626010000000292	0.5	295.08798445796185	1.5	296.1505333333333	294.78426666666667	
294.9331666666669	1.259999999999991	BehavioralEpochs																-0.4790852264810477
297.0941666666669	1.059000000000026	BehavioralEpochs																-0.7679742437503494
297.1461	4.6211624953789965	trials	1.0		0.0625	-1.0	299.21573333333333	298.79516666666694	298.83442246708057	298.83506666666665	282.5511	2.552201000000025	0.5	299.2150275319214	0.0	301.26716666666664	298.8342666666667	
298.79516666666694	0.7160000000000082	BehavioralEpochs																-0.29466773116511047
300.7051666666669	0.8860000000000241	BehavioralEpochs																-0.41050805981644034
302.15586666666667	2.6281020000000126	trials	1.0	1.0		1.0	303.21906666666666	302.96016666666696	302.81756666666666	302.8181	285.56780100000003	1.5650019999999927	0.5	303.2189666666667	1.5	304.2839333333333	302.8174	
302.96016666666696	1.1319999999999482	BehavioralEpochs																-0.6621754752001139
305.1662666666667	4.117532434411714	trials	-1.0	0.0625		-1.0	306.73336666666665	305.73316666666693	305.8175714807341	305.8183666666667	290.067601	2.551302000000021	0.5	306.7324782431943	0.0	308.7838	305.8174333333333	
305.73316666666693	1.6170000000000186	BehavioralEpochs																0.9715281775812041
308.44216666666694	0.924000000000035	BehavioralEpochs																-0.4159562581350573
309.676	6.54106492087044	trials	1.0		0.0	-1.0	313.656	311.35816666666693	310.16740472699985	310.168	297.000801	2.561901999999975	0.5	313.65513827677097	0.0	315.717	310.1673	
311.35816666666693	0.5610000000000355	BehavioralEpochs																-0.2418709180067138
313.44316666666697	1.0910000000000082	BehavioralEpochs																-1.0645545598625805
315.62216666666694	0.8340000000000032	BehavioralEpochs																-0.31091119753061136
316.6064666666667	2.860930415887765	trials	1.0	1.0		1.0	317.9103666666667	317.60516666666695	317.36737449026805	317.3679666666667	300.2511	1.5571009999999887	0.5	317.91028007238555	1.5	318.96733333333333	317.36723333333333	
317.60516666666695	1.867999999999995	BehavioralEpochs																-0.641661284519289
319.8484	4.951932850088781	trials	-1.0	0.0625		-1.0	322.2456	321.010166666667	320.31690291873036	320.31763333333333	305.584001	2.555501999999933	0.5	322.2448149294459	0.0	324.3003	320.3167	
321.010166666667	2.141999999999996	BehavioralEpochs																0.8401290773749959
325.19893333333334	5.58486342578874	trials	1.0	0.0625		1.0	329.2280666666667	329.099166666667	326.8502514955537	326.85093333333333	311.567401	1.5558020000000283	0.5	329.22797764725937	1.5	330.2837	326.85013333333336	
325.55616666666697	0.7540000000000191	BehavioralEpochs																-0.9152367092215306
329.099166666667	0.8229999999999791	BehavioralEpochs																-0.5652811509886653
331.2603	8.156565446333389	trials	1.0		0.0625	-1.0	336.8412333333333	336.654166666667	333.05021392295276	333.0509333333333	320.200401	2.576401999999973	0.5	336.8404434054801	0.0	338.9168	333.0500666666667	
331.726166666667	0.7210000000000036	BehavioralEpochs																-0.694849308933251
333.41316666666694	0.4940000000000282	BehavioralEpochs																0.0624162976229119
336.654166666667	1.100999999999999	BehavioralEpochs																-0.8861433881151717
339.8308666666667	2.686031027817421	trials	-1.0		0.25	1.0	340.95116666666667	340.69816666666696	340.48377372260404	340.4845666666667	323.300401	1.5658020000000192	0.5	340.95107877274893	1.5	342.0168	340.48356666666666	
340.69816666666696	1.961999999999989	BehavioralEpochs																0.36313264268558054
342.9153	2.651401000000021	trials	-1.0		0.25	1.0	343.991	343.76616666666695	343.5672	343.56786666666665	326.35020000000003	1.5758010000000127	0.5	343.9909	1.5	345.0666	343.567	
343.76616666666695	1.32000000000005	BehavioralEpochs																0.4126220054295562
345.9608	2.4561296409072497	trials	1.0	0.125		1.0	346.8371333333333	346.473166666667	346.53380668182615	346.53453333333334	329.2004	1.5799010000000067	0.5	346.83701021748004	1.5	347.91693333333336	346.5336	
346.473166666667	2.5089999999999577	BehavioralEpochs																-0.9631622317303012
348.81933333333336	5.113963851741573	trials	1.0		0.125	-1.0	351.35316666666665	349.95516666666697	349.70024398766327	349.7008333333333	334.716701	2.5809019999999805	0.5	351.35236396952104	0.0	353.4332	349.70006666666666	
349.95516666666697	1.733000000000004	BehavioralEpochs																-0.3165630648554192
354.3314	5.085032798035286	trials	-1.0		0.25	1.0	357.8508	356.807166666667	356.6167138412433	356.61746666666664	340.19980100000004	1.5657020000000443	0.5	357.85072131513914	1.5	358.9163	356.61656666666664	
354.52016666666697	1.6050000000000182	BehavioralEpochs																-1.0442167097030968
356.807166666667	4.027999999999963	BehavioralEpochs																-0.4835534952995504
359.83503333333334	4.731731612224905	trials	1.0		0.25	-1.0	361.98513333333335	361.725166666667	361.55024442999564	361.5507666666667	345.3501	2.5822009999999977	0.5	361.9845472397441	0.0	364.06666666666666	361.5500333333333	
361.725166666667	1.3689999999999714	BehavioralEpochs																-1.1117711498614833
364.9873666666667	2.562429043919849	trials	1.0	0.25		1.0	365.9780666666667	365.706166666667	365.7498750117652	365.7504333333333	348.3331	1.5718009999999936	0.5	365.9779775081809	1.5	367.04976666666664	365.74966666666666	
365.706166666667	2.375	BehavioralEpochs																-0.8384039021322769
368.0331	4.000131303106741	trials	1.0		0.125	-1.0	369.46076666666664	369.251166666667	368.6501046741362	368.65076666666664	352.8165	2.5731010000000083	0.5	369.4601108103604	0.0	371.53316666666666	368.6499	
369.251166666667	1.4169999999999732	BehavioralEpochs																-1.0717097009079204
372.4332333333333	2.2329302670869993	trials	1.0	0.25		1.0	373.0964333333333	372.986166666667	373.01614071246814	373.0167333333333	355.449401	1.5698020000000383	0.5	373.096341727748	1.5	374.1661	373.0160333333333	
372.986166666667	1.7480000000000473	BehavioralEpochs																-0.8141143108493214
375.0663666666667	3.866732180786414	trials	1.0		0.125	-1.0	376.3627	376.179166666667	375.7497720008118	375.7504	359.716301	2.571201999999971	0.5	376.3618767784386	0.0	378.43306666666666	375.74963333333335	
376.179166666667	1.141999999999996	BehavioralEpochs																-0.8263568688930469
378.751166666667	1.0049999999999955	BehavioralEpochs																-0.8444532751661544
379.337	6.879364835865772	trials	1.0		1.0	-1.0	383.64003333333335	383.440166666667	380.28290863989474	380.2834	366.999501	2.577101999999968	0.5	383.63923929649576	0.0	385.7163	380.28276666666665	
383.440166666667	1.0970000000000368	BehavioralEpochs																-0.5857032232324464
386.63576666666665	4.7137317199574795	trials	-1.0	0.125		-1.0	388.78266666666667	387.20016666666703	387.21647045118317	387.217	372.1326	2.567401000000018	0.5	388.78208065445347	0.0	390.8494	387.21633333333335	
387.20016666666703	0.9379999999999882	BehavioralEpochs																-0.2177876183292753
388.461166666667	0.5889999999999986	BehavioralEpochs																0.35538050575948077
390.876166666667	0.21199999999998909	BehavioralEpochs																-0.08517689543134566
391.7505	3.6823310480714326	trials	1.0		1.0	-1.0	392.86463333333336	392.663166666667	392.26640420981335	392.267	376.21590000000003	2.5690010000000143	0.5	392.8638090846777	0.0	394.9327666666667	392.26623333333333	
392.663166666667	1.2290000000000418	BehavioralEpochs																-0.4463368160699428
395.83543333333336	4.014232170627565	trials	1.0	0.25		1.0	398.27326666666664	397.99816666666703	397.7993480939497	397.79996666666665	380.632701	1.576502000000005	0.5	398.27315165501693	1.5	399.3496	397.7991333333333	
395.85616666666704	1.2549999999999955	BehavioralEpochs																-1.0624536937292692
397.99816666666703	3.540999999999997	BehavioralEpochs																-1.3099028161262094
400.27046666666666	5.195432423031832	trials	1.0		0.0625	-1.0	402.8956	402.73816666666704	401.98267669290044	401.9832666666667	386.248901	2.5710020000000213	0.5	402.89488203452555	0.0	404.9658333333333	401.9825333333333	
402.73816666666704	1.113999999999976	BehavioralEpochs																-1.1635846982890605
405.9629	3.9863625705906998	trials	1.0		1.0	-1.0			406.68251093409305	406.68326666666667	390.73220100000003	2.5698020000000383	0.5	407.37942152326684	0.0	409.4492333333333	406.68233333333336	
407.27616666666705	0.9009999999999536	BehavioralEpochs																-1.4251122420572653
410.35046666666665	3.9984312971137683	trials	1.0		1.0	-1.0	411.7846333333333		410.99957158509693		395.1318	2.565101000000027	0.5	411.78377752722145	0.0	413.8487666666667	410.9993666666667	
411.667166666667	1.184000000000026	BehavioralEpochs																-1.6330585640566184
414.7496	2.516200999999967	trials	1.0	0.125		1.0	415.6918	415.57616666666706	415.3161	415.3169	398.0487	1.5741009999999847	0.5	415.69169999999997	1.5	416.76576666666665	415.31596666666667	
415.57616666666706	1.6449999999999818	BehavioralEpochs																-0.8440692725745045
417.6672	3.8983322271279235	trials	1.0		0.0625	-1.0	418.9992	418.83216666666704	418.2327043848426	418.2332	402.348401	2.5669020000000273	0.5	418.9986103235711	0.0	421.0655	418.2326	
418.83216666666704	1.177000000000021	BehavioralEpochs																-0.844092980651105
421.96613333333335	2.3164303643376343	trials	1.0	0.125		1.0	422.70206666666667	422.47016666666707	422.51604006685767	422.51686666666666	405.065401	1.580601999999999	0.5	422.7019423432028	1.5	423.78253333333333	422.5159	
422.47016666666707	2.537999999999954	BehavioralEpochs																-1.3474574067756464
424.68836666666664	2.510530738418197	trials	1.0	1.0		1.0	425.6363666666667	425.38716666666704	425.3489742287395	425.3495	407.981701	1.5626019999999698	0.5	425.63627751754296	1.5	426.6988	425.3487666666667	
425.38716666666704	2.26400000000001	BehavioralEpochs																-1.0585214702736039
427.6003	5.4654330495392855	trials	1.0		0.25	-1.0	430.4941333333333	428.38016666666704	428.09930283487296	428.0998333333333	413.848501	2.572301999999979	0.5	430.4934164360137	0.0	432.5656333333333	428.0991333333333	
428.38016666666704	0.7090000000000032	BehavioralEpochs																0.1978650107510589
430.20916666666704	1.3220000000000027	BehavioralEpochs																-0.719601116430038
433.46773333333334	5.564762939437401	trials	1.0	0.0625		1.0	437.4687666666667	437.3111666666671	435.6154572388998	435.6161	419.8152	1.5638010000000122	0.5	437.46867786645294	1.5	438.53243333333336	435.61533333333335	
433.57116666666707	1.3179999999999836	BehavioralEpochs																-1.2847760730499154
437.3111666666671	1.4089999999999918	BehavioralEpochs																-1.004577984431453
439.4572	2.5417289605843507	trials	1.0	0.25		1.0	440.426	440.32016666666703	440.11540724068516	440.11606666666665	422.7816	1.5730009999999766	0.2	440.425910656414	1.5	441.4988333333333	440.1152	
440.32016666666703	1.337000000000046	BehavioralEpochs																-0.6409755112455038
442.4873333333333	5.361532945548788	trials	1.0		0.0625	-1.0	445.2737666666667	444.98316666666705	444.431944557187	444.43243333333334	428.631501	2.5757019999999784	0.2	445.27314941243014	0.0	447.3487666666667	444.4318	
442.77816666666706	1.2300000000000182	BehavioralEpochs																-0.7903401235815402
444.98316666666705	1.2909999999999968	BehavioralEpochs																-1.2834179577012073
448.26256666666666	3.5528319875249394	trials	1.0		0.0	-1.0			448.9985728788953	448.99913333333336	432.598001	2.577602000000013	0.2	449.2377748978696	0.0	451.31536666666665	448.9984333333333	
449.0321666666671	1.149000000000001	BehavioralEpochs																-1.185240482298287
452.2118	2.737131131432477	trials	-1.0		1.0	1.0	453.3773		452.74890571644477		435.73150100000004	1.571702000000073	0.2	453.37721240354625	1.5	454.4488333333333	452.7487	
452.90616666666705	2.316000000000031	BehavioralEpochs																0.313699258891031
455.3437333333333	2.3719294636089785	trials	-1.0		1.0	1.0	456.13553333333334	456.04016666666706	455.8986399923198	455.89933333333335	438.4982	1.5802009999999882	0.2	456.1354428339993	1.5	457.2155666666667	455.89846666666665	
456.04016666666706	0.91700000000003	BehavioralEpochs																0.34972907633589756
457.2871666666671	1.697999999999979	BehavioralEpochs																0.26742679754276466
458.12146666666666	7.727064139925972	trials	1.0		0.0625	-1.0			461.3986934457709		446.63100000000003	2.5682010000000446	0.2	463.28030882095777	0.0	465.34843333333333	461.3985333333333	
459.60716666666707	1.038000000000011	BehavioralEpochs																-0.71857391556102
462.8821666666671	0.6689999999999827	BehavioralEpochs																-0.27838518259848755
464.1401666666671	0.63900000000001	BehavioralEpochs																-0.31290949391892653
466.2801333333333	12.435097153209313	trials	1.0		0.125	-1.0	476.1485666666667	467.25416666666706	467.01543895988283	467.01596666666666	459.49760100000003	2.5674020000000155	0.2	476.14780884066397	0.0	478.2151666666667	467.0153	
467.25416666666706	1.552000000000021	BehavioralEpochs																0.20286455608168907
472.1491666666671	0.6019999999999754	BehavioralEpochs																0.1515258355705562
473.18416666666707	0.5590000000000259	BehavioralEpochs																-0.15917591116783925
476.0101666666671	1.1680000000000064	BehavioralEpochs																-1.0795957375595613
479.34863333333334	3.3332305268808113	trials	-1.0		1.0	1.0	481.1161333333333	481.0211666666671	480.84834661829973	480.8489	463.4642	1.565800999999965	0.2	481.1160489896977	1.5	482.18176666666665	480.84816666666666	
479.6231666666671	0.6560000000000059	BehavioralEpochs																-0.7665352787267139
481.0211666666671	2.466000000000008	BehavioralEpochs																0.5155471944023979
483.11156666666665	2.7864299327871436	trials	-1.0		1.0	1.0	484.3319666666667	484.2181666666671	484.11507708657814	484.11556666666667	466.6803	1.5661009999999465	0.2	484.331879337736	1.5	485.3978666666667	484.11486666666667	
484.2181666666671	1.8940000000000055	BehavioralEpochs																0.6290462355131936
486.3218	2.826301000000001	trials	-1.0		0.25	1.0	487.5868	487.34016666666713	486.8485	486.84923333333336	469.9304	1.5614009999999894	0.2	487.5867	1.5	488.6480666666667	486.84836666666666	
487.34016666666713	1.6639999999999873	BehavioralEpochs																0.3591072248173859
489.56	6.088363323321516	trials	1.0		0.0	-1.0	493.08183333333335	490.3441666666671	490.2152065993836	490.2158333333333	476.430601	2.567202000000009	0.2	493.08113546564334	0.0	495.14826666666664	490.2151	
490.3441666666671	0.33899999999999864	BehavioralEpochs																-0.20471688372385088
492.6891666666671	1.7860000000000014	BehavioralEpochs																-0.8460976753132101
495.3791666666671	0.5330000000000155	BehavioralEpochs																0.21193014803793275
496.1788666666667	2.7694310074786017	trials	-1.0		1.0	1.0	497.37256666666667	497.05616666666714	496.8980741997654	496.8988	479.730501	1.5758020000000101	0.2	497.3724791687615	1.5	498.4482	496.89793333333336	
497.05616666666714	1.67999999999995	BehavioralEpochs																0.4000446717987458
499.3613	3.8697320347094433	trials	1.0		0.125	-1.0	500.65346666666665	500.1071666666671	500.0480053298251	500.0488	484.01320100000004	2.578302000000008	0.2	500.6527100232069	0.0	502.731	500.04786666666666	
500.1071666666671	1.377999999999986	BehavioralEpochs																-0.758851806605044
502.7721666666671	1.295000000000016	BehavioralEpochs																-0.8821941020104695
503.6560333333333	15.624931591931613	trials	1.0		0.125	-1.0	516.7064	504.96716666666714	504.71494211583797	504.71546666666666	500.063001	2.575401999999997	0.2	516.7055415649098	0.0	518.7809	504.7148	
504.96716666666714	1.2829999999999586	BehavioralEpochs																0.1820385619111029
509.51016666666715	0.5639999999999645	BehavioralEpochs																0.2320482237468795
510.3021666666671	0.49799999999999045	BehavioralEpochs																0.21523937659788217
513.3161666666671	0.8210000000000264	BehavioralEpochs																-0.3637913365923602
516.4801666666671	0.8479999999999563	BehavioralEpochs																-1.3630014061439795
519.7320666666667	4.68203254083744	trials	1.0		0.0	-1.0	521.8473333333334	521.543166666667	520.2481700332022	520.2486666666666	505.196101	2.567602000000022	0.2	521.8464804589604	0.0	523.9141	520.2479666666667	
521.543166666667	3.0690000000000737	BehavioralEpochs																-1.3657057737065692
524.8422	3.5889307683413563	trials	1.0		0.25	-1.0	525.8523333333334	525.7081666666671	525.581406131336	525.582	509.2131	2.5794009999999616	0.2	525.8517083733547	0.0	527.9311	525.5812	
525.7081666666671	0.9239999999999782	BehavioralEpochs																-1.0621600617805065
528.8609333333334	7.153363754034217	trials	1.0	0.0625		1.0	534.4636	534.2831666666671	531.0641526614294	531.0646666666667	516.7962	1.5508009999999786	0.2	534.4634824825971	1.5	535.5142666666667	531.0640333333333	
529.2671666666671	1.1219999999999573	BehavioralEpochs																-0.7083040547715349
534.2831666666671	1.2630000000000337	BehavioralEpochs																-0.5148201554069622
535.9101666666671	2.8579999999999472	BehavioralEpochs																0.7898017691181813
536.4603	4.936963059087702	trials	-1.0		1.0	1.0	539.8516333333333	539.4381666666671	539.2809348848858	539.2816333333334	522.1791010000001	1.5457020000000057	0.2	539.851541942007	1.5	540.8971333333334	539.2807666666666	
539.4381666666671	2.060999999999922	BehavioralEpochs																0.35872784665086144
541.8506666666667	15.330130515465953	trials	1.0		0.0625	-1.0	554.6305333333333	545.1431666666671	542.4642718506644	542.4649333333333	537.9625	2.5511009999999033	0.2	554.6296746291639	0.0	556.6807	542.4641333333333	
543.2971666666671	0.3229999999999791	BehavioralEpochs																-0.03228819913484671
545.1431666666671	1.1589999999999918	BehavioralEpochs																0.172770024119135
548.6581666666671	0.38900000000001	BehavioralEpochs																-0.08361511490576845
550.3061666666671	0.6180000000000518	BehavioralEpochs																0.14740824904566097
552.5281666666671	0.7770000000000437	BehavioralEpochs																0.1947575546952507
554.115166666667	1.2720000000000482	BehavioralEpochs																-0.5706085159940777
557.6327	3.981031368167919	trials	1.0	1.0		1.0	560.0534	559.8101666666671	559.6305147379293	559.6312	542.395401	1.5604019999999537	0.2	560.0533178569585	1.5	561.1137	559.6303333333333	
558.2141666666671	0.7129999999999654	BehavioralEpochs																-0.292971026027935
559.8101666666671	2.0810000000000173	BehavioralEpochs																-0.7898942652304548
562.1512333333334	2.512401999999952	trials	-1.0		0.25	1.0	563.1027333333334	563.0061666666671	562.8306333333334	562.8311666666667	545.445301	1.5610019999999167	0.2	563.1026333333334	1.5	564.1635666666666	562.8305	
563.0061666666671	1.6179999999999382	BehavioralEpochs																0.4206107644758923
565.0808333333333	5.4665637558236995	trials	1.0		0.125	-1.0	567.9868	565.8771666666671	565.6640399218238	565.6648	551.3290010000001	2.561302000000069	0.2	567.9860661537766	0.0	570.0473333333333	565.6639333333334	
565.8771666666671	0.9969999999999573	BehavioralEpochs																0.19236986338708562
567.6841666666671	0.91700000000003	BehavioralEpochs																-0.7250300247457169
570.9821	3.8148319045357084	trials	-1.0		1.0	1.0	573.2473	573.0961666666672	572.9137151419657	572.9144333333334	555.578501	1.5497020000000248	0.2	573.2472177562986	1.5	574.2968333333333	572.9135333333334	
571.2501666666672	1.1340000000000146	BehavioralEpochs																-1.083944935778156
573.0961666666672	1.3529999999999518	BehavioralEpochs																0.3510988762436824
575.2343333333333	2.412330210099185	trials	-1.0		0.25	1.0	576.0995333333333	576.0071666666671	575.8306403066236	575.8315	558.4282010000001	1.547202000000084	0.2	576.099443450042	1.5	577.1466333333333	575.8305333333333	
576.0071666666671	2.3290000000000646	BehavioralEpochs																0.4135083152008221
578.0847666666666	3.162230317915146	trials	-1.0		0.25	1.0	579.6897666666666	579.0431666666672	578.8638738899859	578.8644666666667	562.0285	1.5573009999999385	0.2	579.689681546278	1.5	580.7469	578.8637333333334	
579.0431666666672	1.0960000000000036	BehavioralEpochs																0.34543785835517227
580.4341666666671	0.8859999999999673	BehavioralEpochs																-0.1957999949279241
581.6801	9.700265685975523	trials	1.0		0.0	-1.0	588.8177	582.6341666666672	582.1469030647418	582.1474	572.161801	2.5633020000000215	0.2	588.8170468568014	0.0	590.8803	582.1467	
582.6341666666672	0.9379999999999882	BehavioralEpochs																0.22460114853747015
585.7451666666672	0.7649999999999864	BehavioralEpochs																-0.25686491688239954
588.0441666666671	1.2530000000000427	BehavioralEpochs																0.3070833026383575
591.4981666666671	1.0760000000000218	BehavioralEpochs																-0.991594451986515
591.8343666666667	3.4789316558830023	trials	-1.0		1.0	1.0	593.7386	593.5601666666671	593.3970799878952	593.3976666666666	576.094701	1.574801999999977	0.2	593.7384828981578	1.5	594.8132333333333	593.3969	
593.5601666666671	1.7309999999999945	BehavioralEpochs																0.3282695661433337
595.7447	2.668729674435099	trials	-1.0		0.25	1.0	596.8491	596.6121666666671	596.4301073644285	596.4306666666666	579.1948	1.5644009999999753	0.2	596.8490118653901	1.5	597.9133666666667	596.43	
596.6121666666671	1.3730000000000473	BehavioralEpochs																0.37295128944570877
598.8470333333333	4.632731470277577	trials	-1.0		0.0625	1.0	601.9070666666667	601.5791666666671	601.0635479117337	601.0643	584.2611	1.5728010000000268	0.2	601.9069534589581	1.5	602.9797666666667	601.0634333333334	
599.2651666666671	1.3479999999999563	BehavioralEpochs																0.429427791506356
601.5791666666671	1.1890000000000782	BehavioralEpochs																0.5876854854647497
603.9150666666667	5.981563966496651	trials	-1.0		0.125	1.0	608.3251	607.9851666666672	607.630105152909	607.6306	590.677901	1.5716019999999844	0.2	608.3250123518565	1.5	609.3966	607.6299666666666	
604.1811666666672	1.1609999999999445	BehavioralEpochs																0.30193053481025345
605.7251666666672	1.3980000000000246	BehavioralEpochs																1.044652543481586
607.9851666666672	0.9230000000000018	BehavioralEpochs																0.44770935618369734
610.3503333333333	14.04619787767956	trials	-1.0	0.0		-1.0	621.8299	614.9991666666672	613.2134530804849	613.2142333333334	605.1777	2.5673009999999294	0.2	621.8292125040233	0.0	623.8965	613.2133	
610.8821666666671	1.6680000000000064	BehavioralEpochs																0.5662666848562736
614.9991666666672	0.5810000000000173	BehavioralEpochs																0.25942084430849377
616.3601666666672	0.9070000000000391	BehavioralEpochs																-0.2694892086495635
619.7871666666672	0.5219999999999345	BehavioralEpochs																-0.18203742098990716
621.6591666666671	0.33799999999996544	BehavioralEpochs																-0.13154522760029863
622.8261666666672	0.9279999999999973	BehavioralEpochs																0.18341990897484806
624.8492333333334	5.547163796166728	trials	1.0		0.0	-1.0	627.8261666666667	627.6511666666672	625.3462388700433	625.3468333333333	611.177501	2.5710020000000213	0.2	627.8253664878655	0.0	629.8963666666667	625.3461333333333	
626.1671666666672	0.45899999999994634	BehavioralEpochs																0.07229301305551772
627.6511666666672	2.9139999999999873	BehavioralEpochs																-1.0745571633516882
630.8336	2.479230338271236	trials	-1.0		1.0	1.0	631.741	631.5731666666671	631.3963064318863	631.3968333333333	614.093901	1.5719020000000228	0.2	631.7409103708022	1.5	632.8128	631.3961	
631.5731666666671	1.8490000000000464	BehavioralEpochs																0.46302697836581785
633.7498333333333	2.6797020000000202	trials	1.0	0.0625		1.0	634.8680333333333	634.3741666666672	634.4798333333333	634.4804666666666	617.210601	1.5616019999999935	0.8	634.8679333333333	1.5	635.9294666666667	634.4797	
634.3741666666672	0.8780000000000427	BehavioralEpochs																-0.3519027161458901
635.5201666666671	0.1690000000000964	BehavioralEpochs																-0.06347454496693317
636.8659333333334	4.713763001028838	trials	1.0	0.25		1.0	640.0036666666666	639.7441666666672	639.5963686680255	639.5971	622.3607010000001	1.5761019999999917	0.8	640.0035739376882	1.5	641.0796333333333	639.5962666666667	
637.3751666666672	1.4400000000000546	BehavioralEpochs																0.27189460477622873
639.7441666666672	2.09699999999998	BehavioralEpochs																-0.5736760005850066
642.0175	4.145331112384724	trials	-1.0	0.0		-1.0	643.5877666666667	643.1221666666672	642.6794048081882	642.6801333333333	626.9438	2.575700999999981	0.8	643.5871114019221	0.0	645.6627333333333	642.6792333333333	
643.1221666666672	1.27699999999993	BehavioralEpochs																0.484981573830936
646.4771666666671	1.5100000000001046	BehavioralEpochs																-1.2792761386319391
646.6062333333333	4.006431035467699	trials	1.0	0.125		1.0	649.0489666666666	648.8181666666671	648.5629480024589	648.5634333333334	631.3936	1.5638010000000122	0.8	649.048851645188	1.5	650.1125666666667	648.5628	
648.8181666666671	1.788000000000011	BehavioralEpochs																-0.8249451495787312
651.0525666666666	3.860031951751239	trials	1.0		0.0	-1.0	652.3481	652.2031666666672	651.5463704983162	651.5471	635.693501	2.5652019999999993	0.8	652.3473767136893	0.0	654.4125	651.5461666666666	
652.2031666666672	1.1459999999999582	BehavioralEpochs																-1.2847891571771726
655.3484	2.997631048219773	trials	1.0	0.0625		1.0	656.7726	656.5421666666672	656.062806922883	656.0633666666666	639.126901	1.5735019999999622	0.8	656.7725138002208	1.5	657.8459333333333	656.0626333333333	
656.5421666666672	3.44500000000005	BehavioralEpochs																-0.7482069938343585
658.7882333333333	4.19123218075913	trials	1.0	0.0625		1.0	661.4147666666667	661.2761666666672	660.4960456311659	660.4966666666667	643.760301	1.564801999999986	0.8	661.4146522459855	1.5	662.4793666666667	660.4959333333334	
661.2761666666672	1.141999999999939	BehavioralEpochs																-0.3638205561206078
663.4172666666667	2.5119303811492273	trials	1.0	0.25		1.0	664.3679666666667	664.2491666666672	664.0124733916344	664.013	646.710001	1.5613020000000688	0.8	664.3678774071814	1.5	665.4291333333333	664.0123	
664.2491666666672	1.57000000000005	BehavioralEpochs																-0.673298262794777
666.3675	2.4782282350729474	trials	1.0	1.0		1.0	667.2864	667.1121666666672	667.0295072752849	667.03	649.6265	1.5594009999998661	0.8	667.28631009748	1.5	668.3456	667.0293333333333	
667.1121666666672	1.5899999999999181	BehavioralEpochs																-0.8249066223001869
669.4006333333333	2.3952010000000428	trials	1.0	1.0		1.0	670.2304333333333	670.1221666666672	669.9792333333334	669.9799666666667	652.5766	1.5655009999999265	0.8	670.2303333333333	1.5	671.2958	669.9790666666667	
670.1221666666672	1.4289999999999736	BehavioralEpochs																-0.6944019218592459
672.2191333333334	2.4598291001290136	trials	1.0	1.0		1.0	673.1089666666667	672.9791666666672	672.9624418245999	672.9629666666667	655.4597	1.5701010000000224	0.8	673.1088434970355	1.5	674.1788666666666	672.9622666666667	
672.9791666666672	2.1019999999999754	BehavioralEpochs																-0.887878373227597
675.1370666666667	5.808663726330337	trials	1.0	0.125		1.0	679.3781	679.2621666666672	679.2793106846259	679.2799333333334	661.726401	1.5677019999999402	0.8	679.3780117334821	1.5	680.4456333333334	679.2791	
675.6151666666672	1.2600000000001046	BehavioralEpochs																-0.8741590610053649
677.4391666666672	1.211999999999989	BehavioralEpochs																-1.1969615459446104
679.2621666666672	2.062999999999988	BehavioralEpochs																-0.9064084831998898
681.4106333333333	5.301732698200453	trials	1.0		0.0625	-1.0	684.1372333333334	683.9261666666672	683.5127455050259	683.5132333333333	667.493001	2.575802000000067	0.8	684.1365491169863	0.0	686.2123333333333	683.5125666666667	
682.1411666666672	0.9519999999999982	BehavioralEpochs																-0.7353810669648908
683.9261666666672	1.0049999999999955	BehavioralEpochs																-0.7938034963713534
686.8261666666672	1.0350000000000819	BehavioralEpochs																-1.003568488344598
687.1674666666667	3.144531178168222	trials	1.0	0.25		1.0	688.7456666666667	688.6161666666673	688.4121782163702	688.4128666666667	671.0926010000001	1.5664020000001528	0.8	688.7455813100241	1.5	689.8119333333333	688.412	
688.6161666666673	1.6469999999999345	BehavioralEpochs																-0.9906697246886154
690.7598	2.435329243232786	trials	1.0	1.0		1.0	691.6303		691.3957073748057		673.9757	1.5649009999999635	0.8	691.6302100944031	1.5	692.6951	691.3955333333333	
691.5081666666672	1.9110000000000582	BehavioralEpochs																-0.7254478340774924
693.6340333333334	2.37820099999999	trials	1.0	0.125		1.0	694.4446333333333		694.2624333333334		676.7928	1.5677009999999427	0.8	694.4445333333334	1.5	695.5121666666666	694.2622666666666	
694.2131666666672	1.1459999999999582	BehavioralEpochs																-0.676208068967945
695.6301666666673	0.6870000000000118	BehavioralEpochs																0.28182779368707855
696.4551333333334	2.3735290734865657	trials	1.0	0.25		1.0	697.2655666666667	697.1551666666672	696.9786395252289	696.9791666666666	679.6092	1.5632009999999354	0.8	697.2654429174651	1.5	698.3286	696.9784666666667	
697.1551666666672	1.5789999999999509	BehavioralEpochs																-0.7234892898888461
699.2733666666667	3.589031448946457	trials	1.0	0.25		1.0	701.2928	701.1601666666672	701.0286810694828	701.0294666666666	683.642901	1.5697020000000066	0.8	701.2926832356899	1.5	702.3623333333334	701.0285666666666	
699.5281666666673	0.9689999999999372	BehavioralEpochs																-1.0372898189209465
701.1601666666672	2.217999999999961	BehavioralEpochs																-0.8352405482765306
703.3358	2.5097303649453124	trials	1.0	1.0		1.0	704.2708	704.1381666666672	703.995307453746	703.9958333333333	686.626001	1.574801999999977	0.8	704.270710566349	1.5	705.3455	703.9951333333333	
704.1381666666672	2.0400000000000773	BehavioralEpochs																-0.6745300320724894
706.2851333333333	2.426830162303304	trials	1.0	0.25		1.0	707.1480333333334	707.0411666666672	706.8618400257624	706.8624666666667	689.492401	1.5640019999999595	0.8	707.1479433458663	1.5	708.2118666666667	706.8617	
707.0411666666672	1.4180000000000064	BehavioralEpochs																-0.9418755790945497
709.1575666666666	4.971131871000239	trials	1.0		0.125	-1.0	711.5664333333333	711.1971666666673	711.0787782110215	711.0794333333333	694.909101	2.5629020000000082	0.8	711.56578113737	0.0	713.6285666666666	711.0786666666667	
709.3281666666672	0.8509999999999991	BehavioralEpochs																-1.0579068944184158
710.5141666666673	0.06299999999998818	BehavioralEpochs																0.008590292411973621
711.1971666666673	1.350999999999999	BehavioralEpochs																-0.291505974793246
713.2631666666672	0.9490000000000691	BehavioralEpochs																-0.9706699807579824
714.7049	8.79026511807615	trials	1.0	0.0		1.0	721.9243666666666	719.4931666666672	717.9283231456349	717.9290666666667	704.275501	1.5709019999999327	0.8	721.9242518382089	1.5	722.9951333333333	717.9281333333333	
714.8851666666673	2.413000000000011	BehavioralEpochs																-1.5303037046125496
719.4931666666672	0.7660000000000764	BehavioralEpochs																-0.12839309057432757
721.8331666666672	1.183999999999969	BehavioralEpochs																-0.6796333838659336
723.9893666666667	3.8389318429067316	trials	-1.0		0.25	1.0	726.2689	725.8471666666672	725.6450795377691	725.6456666666667	708.608601	1.5595019999999522	0.8	726.2687843862964	1.5	727.3282	725.6449666666666	
724.1681666666673	0.8859999999999673	BehavioralEpochs																-0.8970927356382887
725.8471666666672	1.9039999999999964	BehavioralEpochs																0.40494650332787785
728.2773	2.401229968434791	trials	1.0	0.25		1.0	729.1201333333333	728.9321666666673	728.9620079751671	728.9627	711.458801	1.5585019999999759	0.8	729.1200098155008	1.5	730.1784666666666	728.9618333333333	
728.9321666666673	1.4149999999999636	BehavioralEpochs																-0.8675900066160693
731.1391333333333	4.088732022483555	trials	1.0	0.125		1.0	733.6663666666667	733.5541666666672	733.3449495300613	733.3456333333334	716.008101	1.5616019999999935	0.8	733.6662518893	1.5	734.7277666666666	733.3447666666667	
731.6501666666672	0.9490000000000691	BehavioralEpochs																-0.7025396295948241
733.5541666666672	1.5220000000000482	BehavioralEpochs																-0.8320812849446639
735.6787666666667	2.3659300712607774	trials	1.0	0.125		1.0	736.4834666666667	736.3661666666673	736.1453722028429	736.1459666666667	718.8249010000001	1.5613019999999551	0.8	736.4833762131891	1.5	737.5446333333333	736.1452333333333	
736.3661666666673	1.2269999999999754	BehavioralEpochs																-0.8881456612270782
738.4882	3.5899304070986773	trials	1.0	0.0625		1.0	740.5188	740.2181666666672	740.2451143918541	740.2456333333333	722.8583	1.5594009999999798	0.8	740.518716633081	1.5	741.578	740.2449333333333	
738.6821666666673	0.8790000000000191	BehavioralEpochs																-0.6534722314027022
740.2181666666672	2.3050000000000637	BehavioralEpochs																-0.6210130159066551
742.5574333333333	2.8543297268620336	trials	1.0	0.0625		1.0	743.8412333333333	743.5071666666672	743.2618404227053	743.2626	726.1919	1.5706010000000106	0.8	743.8411462530192	1.5	744.9116666666666	743.2616333333333	
743.5071666666672	0.9100000000000819	BehavioralEpochs																-0.5867920700955409
744.7911666666673	0.4359999999999218	BehavioralEpochs																0.2233421567234828
745.8694666666667	2.241901999999982	trials	1.0	1.0		1.0	746.5396666666667	746.3181666666673	746.3780666666667	746.3785666666666	728.8915010000001	1.5718020000000479	0.8	746.5395666666667	1.5	747.6112666666667	746.3779	
746.3181666666673	0.7430000000000518	BehavioralEpochs																-0.9194381107241298
747.5031666666673	0.48599999999999	BehavioralEpochs																0.33707366366434144
748.5683666666666	2.4761302456909107	trials	1.0	0.125		1.0	749.4812	749.2251666666673	749.2116740049963	749.2122666666667	731.824601	1.5634019999999964	0.8	749.4810770781287	1.5	750.5444333333334	749.2115	
749.2251666666673	1.4610000000000127	BehavioralEpochs																-0.7173256280114302
751.4905	3.971031805614416	trials	1.0	1.0		1.0	753.9060333333333	753.6611666666673	753.7116166711702	753.7122	736.2416010000001	1.5556020000000217	0.8	753.9059181295504	1.5	754.9615	753.7114333333334	
751.7861666666673	1.2269999999999754	BehavioralEpochs																-1.0490285458554283
753.6611666666673	1.7649999999999864	BehavioralEpochs																-1.0811545245392225
755.9315333333333	3.9298318342861194	trials	1.0	0.0625		1.0	758.3021666666667	757.9981666666673	758.1113498819474	758.1118666666666	740.641401	1.5593020000000024	0.8	758.3020513297045	1.5	759.3613333333333	758.1112	
756.4851666666673	1.05499999999995	BehavioralEpochs																-0.7650879596642142
757.9981666666673	1.1029999999999518	BehavioralEpochs																-0.5365853730738976
760.3222666666667	3.739158469371773	trials	1.0	0.25		1.0	762.4933	762.2661666666673	762.3278974924111	762.3285333333333	744.8414	1.5682010000000446	0.8	762.4932000330451	1.5	763.5613333333333	762.3277666666667	
760.8371666666673	0.8150000000000546	BehavioralEpochs																-0.9470593488169712
762.2661666666673	0.8349999999999227	BehavioralEpochs																-0.6873255176563404
764.6598333333334	3.651230519682713	trials	1.0	1.0		1.0	766.7488333333333	766.5101666666673	766.5944489744275	766.5951666666666	749.091	1.5623010000000477	0.8	766.7487502219311	1.5	767.811	766.5942666666666	
764.9871666666672	1.04200000000003	BehavioralEpochs																-1.2002534571387216
766.5101666666673	1.6440000000000055	BehavioralEpochs																-0.8981071922985393
768.7827666666667	2.2618020000001025	trials	1.0	0.125		1.0	769.4702666666667	769.2561666666672	769.3280666666667	769.3288333333334	751.824501	1.5744019999999637	0.8	769.4701666666667	1.5	770.5445	769.3279333333334	
769.2561666666672	1.68100000000004	BehavioralEpochs																-0.6887710851883639
771.4201666666673	1.6759999999999309	BehavioralEpochs																-1.0960983173950467
771.5109666666667	4.983462970232949	trials	1.0		0.0625	-1.0	773.9255	773.6751666666673	773.644192765645	773.6448	757.274301	2.569502000000057	0.8	773.9248961999143	0.0	775.9943	773.6440333333334	
773.6751666666673	1.0559999999999263	BehavioralEpochs																-0.7498268209651755
775.6321666666673	1.0470000000000255	BehavioralEpochs																-0.7709979895064407
776.9600333333333	2.517501999999922	trials	1.0	0.125		1.0	777.9087333333333	777.6791666666674	777.5780333333333	777.5787666666666	760.257401	1.5689019999998663	0.8	777.9086333333333	1.5	778.9775	777.5778666666666	
777.6791666666674	2.4319999999999027	BehavioralEpochs																-0.6421760978173197
779.9327333333333	2.5618302694077784	trials	1.0	1.0		1.0	780.9336666666667	780.6831666666673	780.5277398991404	780.5284666666666	763.274401	1.5610019999999167	0.8	780.9335443771312	1.5	781.9945	780.5276333333334	
780.6831666666673	2.04200000000003	BehavioralEpochs																-1.0236291304856309
782.9534666666667	3.3404303876059203	trials	1.0		0.125	-1.0	783.7341	783.5091666666673	783.5775721572664	783.5781	767.0737	2.5607009999999946	0.8	783.7331735261774	0.0	785.7938666666666	783.5774	
783.5091666666673	0.9479999999999791	BehavioralEpochs																-0.917436311730647
786.6971666666673	1.0020000000000664	BehavioralEpochs																-0.8839945603644566
786.7424	4.0850308414859455	trials	1.0	0.125		1.0	789.2608333333334	789.0461666666673	788.2111107290525	788.2118	771.6072	1.56670100000008	0.8	789.2607183965227	1.5	790.3273666666666	788.2109333333333	
789.0461666666673	1.711999999999989	BehavioralEpochs																-0.7970979848691968
791.3054333333333	2.538729127157808	trials	1.0	0.0		1.0	792.2828666666667	792.1561666666673	791.9944409670056	791.9950333333334	774.6239	1.5614010000000462	0.8	792.2827441611824	1.5	793.3440666666667	791.9942333333333	
792.1561666666673	0.7490000000000236	BehavioralEpochs																-0.6211114724071507
793.1851666666673	0.7069999999999936	BehavioralEpochs																0.10349264544654346
794.3140666666667	2.629930263016945	trials	1.0	0.125		1.0	795.3855666666667	795.1661666666673	794.810972006749	794.8117	777.723701	1.5585019999999759	0.8	795.3854781807826	1.5	796.4438666666666	794.8108	
795.1661666666673	2.0570000000000164	BehavioralEpochs																-0.9740854958630081
797.4158	2.4948300491320197	trials	1.0	0.25		1.0	798.3532	797.9681666666673	798.0109066907268	798.0116666666667	780.690301	1.5575019999998858	0.8	798.3531105380914	1.5	799.4105666666667	798.0107666666667	
797.9681666666673	2.5799999999999272	BehavioralEpochs																-0.8435096519378007
800.3806333333333	2.5465020000000322	trials	1.0	0.125		1.0	801.3640333333333	801.2021666666673	801.0778333333333	801.0783333333334	783.706801	1.5632020000000466	0.8	801.3639333333333	1.5	802.4270333333334	801.0776333333333	
801.2021666666673	1.150000000000091	BehavioralEpochs																-0.6029125967534199
803.3151666666673	0.9869999999999663	BehavioralEpochs																-0.9350056106883571
803.3973333333333	4.3634310323559475	trials	1.0		0.125	-1.0	805.1966333333334	804.9451666666673	804.7939429458326	804.7946333333333	788.5404	2.5647009999999	0.8	805.1960457134008	0.0	807.2607	804.7938333333333	
804.9451666666673	1.1159999999999854	BehavioralEpochs																-0.8351369827973798
808.1261666666674	0.8089999999999691	BehavioralEpochs																-0.8278603706397121
808.2403666666667	3.386530209586226	trials	1.0	0.25		1.0	810.062	809.8161666666673	809.6606789171799	809.6613	792.4065	1.565001000000052	0.8	810.0618823776501	1.5	811.1269	809.6605333333333	
809.8161666666673	1.7280000000000655	BehavioralEpochs																-0.7892858558862201
812.105	2.42202763149146	trials	1.0	0.0		1.0	812.9598333333333	812.8431666666673	812.7607072098522	812.7612333333333	795.3066	1.5673010000000431	0.8	812.9597093979878	1.5	814.0269666666667	812.7605333333333	
812.8431666666673	1.4700000000000273	BehavioralEpochs																-0.9091040406151691
815.1365333333333	5.3904632354322075	trials	1.0	0.0		1.0	818.9688666666667	818.7771666666673	817.0440550026981	817.0445666666667	801.306501	1.5582020000000512	0.8	818.9687768674562	1.5	820.0268666666667	817.0438666666666	
815.6261666666674	0.8220000000000027	BehavioralEpochs																-0.6900966450451165
818.7771666666673	1.3190000000000737	BehavioralEpochs																-0.7102581893091156
821.0051	2.6549020000001065	trials	-1.0		0.125	1.0	822.0891	821.6531666666673	821.5272	821.5278666666667	804.4395010000001	1.571002000000135	0.8	822.0889999999999	1.5	823.1599666666667	821.5270333333333	
821.6531666666673	0.8900000000001	BehavioralEpochs																0.3247037386918805
824.1259	5.03456254322316	trials	1.0	0.0625		1.0	827.5903333333333	827.2321666666674	827.1772366939048	827.1778333333333	809.939901	1.5702019999999948	0.8	827.5902416605035	1.5	828.6604333333333	827.1771	
824.1491666666674	1.1019999999999754	BehavioralEpochs																-1.081208031084195
825.6491666666674	1.0059999999999718	BehavioralEpochs																-0.8366132717852466
827.2321666666674	2.7340000000000373	BehavioralEpochs																-0.9218726628219045
829.6696666666667	5.407131610852616	trials	1.0		0.125	-1.0	832.4914666666666	830.6911666666673	830.4603711430027	830.4611666666667	815.8562000000001	2.58620099999996	0.8	832.4905826364358	0.0	834.5767666666667	830.4602	
830.6911666666673	1.9670000000000982	BehavioralEpochs																-0.42135447043412455
834.3971666666673	0.5640000000000782	BehavioralEpochs																-0.7054983699996384
835.5577	2.68612934157386	trials	1.0	0.125		1.0	836.6588333333333	836.2281666666673	836.0939056575504	836.0944666666667	819.0232	1.5851010000000088	0.8	836.658711616865	1.5	837.7438	836.0937666666666	
836.2281666666673	0.8830000000000382	BehavioralEpochs																-0.476348195860524
838.7169333333334	2.2764285606687054	trials	1.0	1.0		1.0	839.4072333333334	839.3251666666673	839.2267395055451	839.2274333333334	821.7727	1.58620099999996	0.8	839.4071416896702	1.5	840.4933333333333	839.2266333333333	
839.3251666666673	4.530000000000086	BehavioralEpochs																-1.4143177262194513
841.4701666666666	5.8898326779695935	trials	1.0		0.0	-1.0	844.7727333333333	844.5661666666674	844.5268825879742	844.5274333333333	828.139301	2.588102000000049	0.8	844.7718838640957	0.0	846.8599333333333	844.5267666666666	
844.5661666666674	1.2369999999999663	BehavioralEpochs																-1.0485631652124923
846.3731666666673	0.5950000000000273	BehavioralEpochs																-0.6597766176614144
847.8698	3.4401312443616234	trials	-1.0		1.0	1.0	849.7362333333333	849.6441666666674	849.5103139459166	849.5110666666667	832.089201	1.5738020000000006	0.8	849.736115865446	1.5	850.8098666666667	849.5101333333333	
848.0061666666674	0.5430000000000064	BehavioralEpochs																-0.6327551836787464
849.6441666666674	1.2110000000000127	BehavioralEpochs																0.4878531851401888
851.7909333333333	3.7859304900333655	trials	1.0	1.0		1.0	853.9992666666667	853.7831666666674	853.5934473737916	853.5940333333333	836.3561	1.5777009999999336	0.8	853.9991505339658	1.5	855.0768	853.5933333333334	
852.0241666666674	0.9209999999999354	BehavioralEpochs																-0.9044881136208147
853.7831666666674	2.427000000000021	BehavioralEpochs																-1.1842307882388496
856.0702666666666	2.4897289861177114	trials	1.0	1.0		1.0	856.9818	856.8241666666673	856.6429731042468	856.6436666666667	839.3392	1.5783010000000104	0.8	856.9816769114902	1.5	858.0599	856.6428333333333	
856.8241666666673	1.4089999999999918	BehavioralEpochs																-0.8895204694353396
859.0357	4.557631187186303	trials	1.0	0.0		1.0	862.0116333333333	861.8671666666673	861.2931149518473	861.2936666666667	844.3725000000001	1.5818010000000413	0.8	862.0115197101566	1.5	863.0933	861.2929666666666	
859.5451666666673	1.0550000000000637	BehavioralEpochs																-0.642460742989627
861.8671666666673	0.7530000000000427	BehavioralEpochs																-0.6581156945365052
864.0683333333334	3.591660648932816	trials	1.0	0.0625		1.0	866.0840666666667	865.8761666666674	865.6764595927432	865.6769666666667	848.439101	1.5760020000001305	0.8	866.0839662469994	1.5	867.1599333333334	865.6762666666667	
864.1551666666674	0.8770000000000664	BehavioralEpochs																-0.7700527906250869
865.8761666666674	0.7450000000000045	BehavioralEpochs																-0.580813684248298
866.9001666666674	0.05200000000002092	BehavioralEpochs																0.02412412923355589
868.151	3.5424303757639564	trials	1.0	0.0625		1.0	870.1136	869.8651666666674	869.9431143552896	869.9436	852.472501	1.5799019999999473	0.8	870.1135157202476	1.5	871.1933	869.9429	
868.4371666666674	0.7899999999999636	BehavioralEpochs																0.19940439048384917
869.8651666666674	1.8500000000000227	BehavioralEpochs																-0.8898378778551148
872.3123333333333	2.430501999999933	trials	1.0	0.0625		1.0	873.1590333333334	872.9761666666674	872.9764333333333	872.9769333333334	855.521901	1.5839019999999664	0.8	873.1589333333333	1.5	874.2428333333334	872.9763	
872.9761666666674	1.4610000000000127	BehavioralEpochs																-0.6423931525660862
875.2163333333333	3.676630520261938	trials	-1.0		1.0	1.0	877.3128666666667	877.1041666666674	876.9432471990044	876.9439333333333	859.672	1.5802009999999882	0.8	877.3127501658035	1.5	878.3929333333333	876.9431	
875.4671666666674	0.8690000000000282	BehavioralEpochs																-1.1518664779842709
877.1041666666674	1.5049999999999955	BehavioralEpochs																0.42075997396484865
879.3678666666667	3.758330481726375	trials	1.0	1.0		1.0	881.5456	881.2911666666674	881.2926817656241	881.2932666666667	863.9052	1.58070100000009	0.8	881.5454837486958	1.5	882.6261333333333	881.2925666666666	
879.8031666666674	0.8229999999999791	BehavioralEpochs																-1.0623877616577744
881.2911666666674	1.66599999999994	BehavioralEpochs																-0.8432684415295597
883.6172	5.942463554737287	trials	1.0	0.0625		1.0	887.9707666666667	884.2051666666674	884.3265073473277	884.3272333333333	870.338601	1.5890020000000504	0.8	887.9706450949622	1.5	889.0595666666667	884.3263333333333	
884.2051666666674	0.5710000000000264	BehavioralEpochs																-0.403042817024442
885.7591666666674	1.0019999999999527	BehavioralEpochs																0.22016138986325018
887.8051666666674	1.8729999999999336	BehavioralEpochs																-0.6734118043647896
890.0531666666667	3.139430945518484	trials	1.0	0.0625		1.0	891.6145666666666	891.4671666666674	891.2927780958703	891.2935666666667	873.971501	1.578102000000058	0.8	891.614481061968	1.5	892.6925666666667	891.2926333333334	
890.2921666666674	0.4959999999999809	BehavioralEpochs																-0.26845912443134523
891.4671666666674	1.4089999999999918	BehavioralEpochs																-0.6504239971252588
893.6685	3.857731557537477	trials	1.0	0.25		1.0	895.9437	895.7781666666674	895.6596152557177	895.6601333333333	878.305101	1.5826020000000653	0.8	895.9436174317128	1.5	897.0262	895.6594	
894.0931666666675	0.9069999999999254	BehavioralEpochs																-0.8225023437755681
895.7781666666674	1.9560000000000173	BehavioralEpochs																-0.7787988482660069
898.0190333333334	2.4404299120000132	trials	1.0	1.0		1.0	898.8762333333333	898.6801666666674	898.5094389422637	898.5101333333333	881.238301	1.5833020000000033	0.8	898.8761431363803	1.5	899.9594	898.5092333333333	
898.6801666666674	1.3139999999999645	BehavioralEpochs																-0.6470834700961348
900.9334666666666	3.2261299084922257	trials	1.0		1.0	-1.0	901.5804333333333	901.3891666666674	901.4758715270124	901.4764333333334	884.9384	2.5800009999999247	0.8	901.5795724562488	0.0	903.6595333333333	901.4756666666667	
901.3891666666674	1.55600000000004	BehavioralEpochs																-0.5764182330613465
903.7961666666674	1.17999999999995	BehavioralEpochs																-1.4244348636370034
904.6534	2.8390293826305424	trials	1.0	0.25		1.0	905.9127	905.7771666666674	905.6093095565153	905.6100666666666	888.2712	1.5798010000000886	0.8	905.9126125887269	1.5	906.9923666666666	905.6091333333334	
905.7771666666674	1.3700000000000045	BehavioralEpochs																-0.8025722574307963
907.9876333333333	2.2547010000000682	trials	1.0	1.0		1.0	908.6676333333334	908.5301666666675	908.5261333333333	908.5267666666666	891.0211	1.5748010000000932	0.8	908.6675333333333	1.5	909.7423	908.526	
908.5301666666675	2.7789999999999964	BehavioralEpochs																-1.061030661951193
910.7408333333333	4.0183316518640595	trials	1.0		0.0	-1.0	912.1887666666667	911.8551666666674	911.7928410962543	911.7934	895.537901	2.5710020000000213	0.8	912.188144013253	0.0	914.2591	911.7926666666667	
911.8551666666674	2.322999999999979	BehavioralEpochs																-1.8661781619231874
914.9631666666675	0.9109999999999445	BehavioralEpochs																-0.6569434487349071
915.2580666666667	4.434161990015582	trials	1.0		1.0	-1.0	917.1103666666667	916.9111666666674	917.0094903617718	917.0100333333334	900.470901	2.583502000000067	0.8	917.1086917038721	0.0	919.1922	917.0093	
916.9111666666674	1.1889999999999645	BehavioralEpochs																-0.44739864750258107
920.1857333333334	2.5400019999999586	trials	1.0	0.125		1.0	921.1433333333333	920.9781666666674	920.9428333333334	920.9433333333334	903.504401	1.5825020000000904	0.8	921.1432333333333	1.5	922.2257	920.9426666666667	
920.9781666666674	1.1029999999999518	BehavioralEpochs																-0.5746301389770139
923.2126333333333	3.5463303034291584	trials	1.0	0.25		1.0	925.1853666666667	925.0291666666674	924.8254466600562	924.8259666666667	907.5376	1.5737009999999145	0.8	925.1852496331186	1.5	926.2589	924.8253333333333	
923.5371666666674	0.6240000000000236	BehavioralEpochs																-0.7408132958683069
925.0291666666674	1.9060000000000628	BehavioralEpochs																-0.6153722334458109
927.2466666666667	2.4957298889895583	trials	1.0	1.0		1.0	928.1722	928.0201666666675	927.8425733257345	927.8433	910.5210010000001	1.5703020000000834	0.8	928.1720770078335	1.5	929.2423666666666	927.8424	
928.0201666666675	1.3019999999999072	BehavioralEpochs																-0.7506611806550296
929.8821666666674	0.1349999999999909	BehavioralEpochs																-0.024988679839196948
930.2296	2.212626885640475	trials	1.0	0.25		1.0	930.8649	930.7401666666674	930.7425060005147	930.7432666666666	913.2208	1.577401000000009	0.8	930.8648074313259	1.5	931.9421	930.7423333333334	
930.7401666666674	1.72300000000007	BehavioralEpochs																-0.854975763920109
933.0631666666675	2.0529999999999973	BehavioralEpochs																-0.875429811676085
933.0788333333334	4.996832269339279	trials	1.0	0.0625		1.0	936.5177666666667	936.3061666666674	935.6923491652432	935.6929333333334	918.854201	1.5580019999999877	0.8	936.5176541646979	1.5	937.5756333333334	935.6922333333333	
936.3061666666674	0.6209999999999809	BehavioralEpochs																-0.6252103908938835
937.2951666666675	0.1269999999999527	BehavioralEpochs																-0.013445255755442531
938.3731666666674	0.8999999999999773	BehavioralEpochs																0.71521825508907
938.5814666666666	3.3273311554025895	trials	1.0	0.0625		1.0	940.3438	940.1581666666674	939.758776982729	939.7598666666667	922.687301	1.5651020000000244	0.8	940.3436821079011	1.5	941.4087	939.7586333333334	
940.1581666666674	0.8080000000001064	BehavioralEpochs																-0.5366913671774256
941.2941666666675	0.23500000000001364	BehavioralEpochs																0.2558620546154913
942.3856	2.2897295994069964	trials	1.0	0.125		1.0	943.1164	942.9971666666675	942.9254065065934	942.9259333333333	925.453801	1.5590020000000777	0.8	943.1163088076468	1.5	944.1752666666666	942.9252	
942.9971666666675	1.1549999999999727	BehavioralEpochs																-0.6805730749299812
945.1510333333333	5.424331492787587	trials	1.0	1.0		1.0	949.0064666666667	948.8881666666674	948.8589541773474	948.8595	931.3538	1.5690009999999575	0.8	949.0063550059588	1.5	950.0753	948.8588	
945.1991666666675	0.9519999999999982	BehavioralEpochs																-0.6427794193842971
946.7901666666675	0.9919999999999618	BehavioralEpochs																-0.8037870829504357
948.8881666666674	1.509999999999991	BehavioralEpochs																-1.1395376353952145
951.0806666666666	2.261528402168892	trials	1.0	0.125		1.0	951.778	951.5731666666675	951.6921740760935	951.6928333333333	934.1206	1.5643010000000004	0.8	951.7778751145037	1.5	952.8421666666667	951.692	
951.5731666666675	0.8249999999999318	BehavioralEpochs																-0.9788905073053087
952.6931666666675	0.7719999999999345	BehavioralEpochs																0.23443245852612904
953.8317	2.4769287738644152	trials	1.0	0.125		1.0	954.7548	954.6391666666675	954.4585070284029	954.4591666666666	937.087	1.5539009999999962	0.8	954.7547103497382	1.5	955.8085333333333	954.4583333333334	
954.6391666666675	2.048999999999978	BehavioralEpochs																-1.1949015769846483
956.8044333333333	3.804331510615725	trials	1.0	0.25		1.0	959.0382333333333	958.9281666666675	958.7088481060871	958.7094333333333	941.387101	1.570602000000008	0.8	959.038150660523	1.5	960.1087	958.7086666666667	
957.3101666666674	0.80600000000004	BehavioralEpochs																-0.6979379259114609
958.9281666666675	1.7490000000000236	BehavioralEpochs																-0.6157313132094231
961.1015666666667	3.8905316033510644	trials	1.0	1.0		1.0	963.4324666666666	963.2941666666675	963.2586830803297	963.2594333333333	945.770401	1.5597020000000157	0.8	963.4323844020362	1.5	964.492	963.2584666666667	
961.6411666666675	0.8540000000000418	BehavioralEpochs																-0.699248275554055
963.2941666666675	1.0529999999999973	BehavioralEpochs																-0.8401741134616287
965.4823	2.1430290550315476	trials	1.0	1.0		1.0	966.0683	965.8901666666675	965.9586060132056	965.9590666666667	948.403601	1.5571019999999862	0.8	966.0682073968867	1.5	967.1252333333333	965.9584666666667	
965.8901666666675	1.7590000000000146	BehavioralEpochs																-1.001446829079697
968.1226333333333	3.4354310591520516	trials	1.0	0.0625		1.0	970.0037333333333	969.8141666666675	969.675046464672	969.6757	952.336301	1.5544020000000955	0.8	970.003649244212	1.5	971.0579333333334	969.6749	
968.3251666666674	0.9190000000000964	BehavioralEpochs																-0.7044943456292287
969.8141666666675	0.8519999999999754	BehavioralEpochs																-0.6733229323471761
972.0633666666666	7.96166372953337	trials	-1.0		0.25	1.0	978.4571	975.0221666666674	974.8086882969126	974.8093666666666	960.8032000000001	1.5680010000000948	0.2	978.4570170419045	1.5	979.5249666666666	974.8085333333333	
972.1911666666675	0.6069999999999709	BehavioralEpochs																-0.8051318292449565
973.3291666666674	0.8600000000000136	BehavioralEpochs																-0.8543667863569766
975.0221666666674	0.9600000000000364	BehavioralEpochs																0.2649340960134339
977.5021666666674	1.6440000000000055	BehavioralEpochs																0.5156780462968982
980.5247333333333	4.050331735280338	trials	-1.0		0.25	1.0	983.0124333333333	982.3181666666675	982.3083464276275	982.3090333333333	965.353201	1.5627019999999447	0.2	983.0123515960415	1.5	984.0750333333333	982.3082333333333	
980.9151666666675	0.8419999999999845	BehavioralEpochs																-0.8618300363510514
982.3181666666675	2.0439999999999827	BehavioralEpochs																0.7375575859075809
985.0651666666666	5.009732242509926	trials	1.0		0.0625	-1.0	987.5163	985.8611666666675	985.5749697442213	985.5756333333334	970.8530010000001	2.559402000000091	0.2	987.5154814586087	0.0	989.5748333333333	985.5748	
985.8611666666675	0.7549999999999955	BehavioralEpochs																-0.19182133017437764
987.3131666666675	1.1119999999999663	BehavioralEpochs																-0.7962028078239882
990.2541666666675	0.8120000000000118	BehavioralEpochs																-0.8251684882493748
990.5869	5.90436240910276	trials	1.0		0.0	-1.0	993.9383	993.8061666666675	991.7248118350026	991.7255666666666	977.2693	2.5538010000000213	0.2	993.9374348476812	0.0	995.9911666666667	991.7246333333334	
993.8061666666675	0.6970000000000027	BehavioralEpochs																-0.848568143111649
995.5341666666675	0.9110000000000582	BehavioralEpochs																-0.265001957407776
996.9967666666666	4.494730876835433	trials	1.0		0.125	-1.0	998.9295666666667	998.6841666666675	997.6247708410607	997.6255666666667	982.2695	2.562800999999922	0.2	998.9286795082458	0.0	1000.9914	997.6245666666666	
998.6841666666675	1.4160000000000537	BehavioralEpochs																0.7478122005081786
1001.5201666666675	1.5930000000000746	BehavioralEpochs																-0.5019364350468436
1002.0115	3.5464300585317687	trials	-1.0		0.25	1.0	1003.9960333333333	1003.7821666666675	1003.6080126312374	1003.6085333333333	986.335901	1.5620020000000068	0.2	1003.9959157002365	1.5	1005.0578333333333	1003.6079	
1003.7821666666675	1.4209999999999354	BehavioralEpochs																0.5552643523147793
1006.2246333333334	3.9498315705835694	trials	-1.0		0.125	1.0	1008.6179666666667	1008.3101666666676	1008.0414469349863	1008.0421666666666	990.952401	1.556601999999998	0.2	1008.617851250262	1.5	1009.6744333333334	1008.0413333333333	
1006.4431666666675	1.0590000000000828	BehavioralEpochs																-0.8997640125850239
1008.3101666666676	1.5720000000000027	BehavioralEpochs																0.3661466924589405
1010.6770666666666	4.04763165080692	trials	-1.0		0.0625	1.0	1013.1628	1012.6721666666675	1012.291278491528	1012.2918333333333	995.502601	1.5620020000000068	0.2	1013.1626848749898	1.5	1014.2246666666666	1012.2911333333333	
1011.0171666666675	0.7300000000000182	BehavioralEpochs																-0.1879380242801858
1012.6721666666675	1.893000000000029	BehavioralEpochs																0.33269886385508585
1015.2274	2.463829666071547	trials	1.0	0.125		1.0	1016.1259333333334	1015.9791666666675	1015.6910052057717	1015.6918	998.469101	1.5654019999999491	0.2	1016.1258100881478	1.5	1017.1912333333333	1015.6908666666667	
1015.9791666666675	1.0879999999999654	BehavioralEpochs																-0.5596702338769859
1017.3871666666676	0.06099999999992178	BehavioralEpochs																-0.028250277465716067
1018.1959333333333	3.6453312499318145	trials	-1.0		1.0	1.0	1020.2805666666667	1020.1501666666675	1020.0241480028245	1020.0247666666667	1002.619101	1.560801999999967	0.2	1020.2804500593777	1.5	1021.3411666666667	1020.0240333333334	
1018.6071666666675	0.9710000000000036	BehavioralEpochs																-0.14755956753917587
1020.1501666666675	1.58400000000006	BehavioralEpochs																0.4962337853932013
1022.3501666666667	3.2073298105079857	trials	1.0		0.0	-1.0	1023.0017666666666	1022.8451666666675	1022.874471376343	1022.8751	1006.3353	2.556300999999962	0.2	1023.0011725144623	0.0	1025.0574666666666	1022.8743666666667	
1022.8451666666675	1.0069999999999482	BehavioralEpochs																-0.8089802557972376
1025.0321666666675	0.9900000000000091	BehavioralEpochs																-0.7853629737630428
1026.061	4.913262459760972	trials	1.0	0.0625		1.0	1029.4184333333333	1029.2921666666678	1026.8079091910315	1026.8084	1011.7520010000001	1.55590200000006	0.2	1029.4183413134967	1.5	1030.4741666666666	1026.8077333333333	
1029.2921666666678	0.5669999999997799	BehavioralEpochs																-0.6194506004606524
1030.1661666666676	1.1790000000000873	BehavioralEpochs																0.40561589181119473
1031.4786666666666	2.6291019999998753	trials	-1.0		0.0625	1.0	1032.5420666666666	1032.1661666666676	1031.9575666666665	1031.9584333333332	1014.885501	1.5658019999999624	0.2	1032.5419666666667	1.5	1033.6076666666668	1031.9574333333333	
1032.1661666666676	1.5470000000000255	BehavioralEpochs																0.35164871249443763
1034.0171666666677	0.14599999999995816	BehavioralEpochs																0.009765986778248248
1034.5984666666666	2.6587300338469504	trials	-1.0		0.125	1.0	1035.6986	1035.4141666666676	1035.174372739063	1035.1750666666667	1018.034901	1.5587019999999256	0.2	1035.6984782652705	1.5	1036.7571	1035.1742666666667	
1035.4141666666676	1.5420000000001437	BehavioralEpochs																0.42594358799516385
1037.7598	4.8307310905138365	trials	-1.0		0.0625	1.0	1041.0232333333333	1040.7701666666676	1040.39111639041	1040.3917333333334	1023.3682	1.567401000000018	0.2	1041.023120327148	1.5	1042.0904666666668	1040.391	
1038.1251666666676	1.609000000000151	BehavioralEpochs																0.3820093436834924
1040.7701666666676	2.1510000000000673	BehavioralEpochs																0.4046257502686217
1043.1111333333333	2.4630286226476983	trials	1.0	0.125		1.0	1044.0138666666667	1043.8931666666676	1043.6742396485206	1043.6749666666667	1026.3518	1.5604010000001836	0.2	1044.0137434560256	1.5	1045.0741333333333	1043.6740333333332	
1043.8931666666676	1.5240000000001146	BehavioralEpochs																-0.6056468881774038
1046.0833666666667	3.9074315397651844	trials	-1.0		0.125	1.0	1048.4331	1048.3221666666677	1048.0908818432672	1048.0916333333332	1030.7684009999998	1.5578019999998105	0.2	1048.4329844295262	1.5	1049.4907333333333	1048.0907	
1046.4381666666677	1.1989999999998417	BehavioralEpochs																0.9107151496006765
1048.3221666666677	1.362999999999829	BehavioralEpochs																-0.30600870978943817
1050.4926	2.3813295718966856	trials	-1.0		0.125	1.0	1051.3127333333334	1050.9191666666677	1051.0237061493394	1051.0243	1033.6515009999998	1.5613020000000688	0.2	1051.312609494367	1.5	1052.3738333333333	1051.0235666666667	
1050.9191666666677	1.3289999999999509	BehavioralEpochs																0.4199277045390062
1053.3715333333334	3.618831148157142	trials	-1.0		0.125	1.0	1055.4382666666668	1055.1231666666677	1054.9075457052647	1054.9083	1037.767901	1.552201999999852	0.2	1055.4381499790582	1.5	1056.4903333333334	1054.9073666666666	
1053.6241666666676	0.706000000000131	BehavioralEpochs																0.6622312388518878
1055.1231666666677	3.0750000000000455	BehavioralEpochs																1.2101559790120007
1057.5099666666667	2.980330530557012	trials	-1.0		0.125	1.0	1058.9352666666666	1058.8471666666676	1058.690777970515	1058.6912666666667	1041.267801	1.5551020000002609	0.2	1058.9351803101665	1.5	1059.9902	1058.6906333333334	
1058.8471666666676	0.9750000000001364	BehavioralEpochs																0.6872224919564331
1060.992	5.465331448037887	trials	1.0	1.0		1.0	1064.9024333333334	1064.7211666666676	1064.4907194917994	1064.4912	1047.2348	1.5550009999999475	0.2	1064.9023217848867	1.5	1065.9572333333333	1064.4905333333334	
1061.3171666666676	0.8730000000000473	BehavioralEpochs																1.1471275117599617
1062.7991666666676	0.9750000000001364	BehavioralEpochs																0.452645673516173
1064.7211666666676	1.2140000000001692	BehavioralEpochs																-0.7118681795775075
1066.9752333333333	4.2149602888130175	trials	-1.0		0.25	1.0	1069.6360666666667	1069.2551666666677	1068.990261677287	1068.9908666666668	1051.9676	1.5542010000001483	0.2	1069.6359707600118	1.5	1070.6901	1068.9901333333332	
1067.3431666666677	1.002999999999929	BehavioralEpochs																0.7825220396545376
1069.2551666666677	1.3809999999998581	BehavioralEpochs																0.4048926892517386
1071.6231666666677	0.7470000000000709	BehavioralEpochs																-0.812872370668245
1071.7147	3.1258292629127027	trials	-1.0		0.25	1.0	1073.2617	1073.0601666666678	1072.890710256947	1072.8912	1055.6179009999998	1.578901999999971	0.2	1073.2616134918974	1.5	1074.3404666666668	1072.8905	
1073.0601666666678	1.5609999999999218	BehavioralEpochs																0.7319311399536446
1075.5365333333334	3.5705310731445934	trials	-1.0		0.125	1.0	1077.5321333333334	1077.3891666666677	1077.256747340222	1077.2575	1059.8844009999998	1.575001999999813	0.2	1077.5320495818778	1.5	1078.6069333333332	1077.2565333333334	
1075.6171666666676	0.9100000000000819	BehavioralEpochs																0.36748318896238175
1077.3891666666677	2.058999999999969	BehavioralEpochs																0.6838156660693642
1079.6302666666666	4.260031758176638	trials	-1.0		0.25	1.0	1082.3125666666667	1082.1161666666676	1081.9569829197926	1081.9574666666667	1064.6676009999999	1.5778020000000197	0.2	1082.3124854031323	1.5	1083.3902666666668	1081.9568	
1080.2161666666677	0.9909999999999854	BehavioralEpochs																1.0478360437091396
1082.1161666666676	0.9429999999999836	BehavioralEpochs																0.6839266159332453
1084.1211666666677	0.9139999999999873	BehavioralEpochs																1.021729617367427
1084.4021	3.1381305809447895	trials	1.0	0.25		1.0	1085.9633	1085.8231666666677	1085.6068109720666	1085.6074333333333	1068.317501	1.5770020000002205	0.8	1085.963214218057	1.5	1087.0401333333334	1085.6066	
1085.8231666666677	0.7599999999999909	BehavioralEpochs																-0.8157223753354117
1088.0620333333334	7.661663268935854	trials	1.0		0.0625	-1.0	1093.1464	1093.0511666666678	1091.7236630926402	1091.7244	1076.5009	2.5781010000000606	0.8	1093.1455746489978	0.0	1095.2236	1091.7235333333333	
1088.3421666666677	0.61200000000008	BehavioralEpochs																0.9644009762939589
1089.4431666666676	1.5330000000001291	BehavioralEpochs																0.23487677506054183
1091.6191666666678	0.27800000000002	BehavioralEpochs																-0.09685750590844577
1093.0511666666678	0.70699999999988	BehavioralEpochs																-0.880198780779736
1095.0761666666676	0.9570000000001073	BehavioralEpochs																0.4079215520801256
1096.2648	2.8255301859646806	trials	1.0	0.0		1.0	1097.5103	1097.3471666666676	1096.840005737942	1096.8407	1079.867501	1.5801020000001245	0.8	1097.5102124235623	1.5	1098.5902666666666	1096.8398333333334	
1097.3471666666676	0.7030000000002019	BehavioralEpochs																-0.5365610975839843
1099.5191666666676	3.7730000000001382	BehavioralEpochs																-2.080301906802376
1099.6063333333334	6.617063441768778	trials	-1.0		0.125	1.0	1104.6479666666667	1104.2071666666677	1103.82337249003	1103.824	1087.000501	1.5755020000001423	0.8	1104.6478801458743	1.5	1105.7233666666666	1103.8232	
1104.2071666666677	1.0760000000000218	BehavioralEpochs																0.3729690583501224
1106.5321666666678	0.8309999999999036	BehavioralEpochs																-0.5574858057304084
1106.7861	3.586831067408866	trials	-1.0		0.0625	1.0	1108.7965	1108.5331666666677	1107.973009618626	1107.9736333333333	1091.150001	1.5765020000001186	0.8	1108.7964162914518	1.5	1109.8728666666666	1107.9728666666667	
1108.5331666666677	1.1340000000000146	BehavioralEpochs																0.4670647873942926
1110.8993333333333	4.924131104673506	trials	1.0	0.0625		1.0	1114.2436333333333	1114.0971666666678	1113.8399513113973	1113.8406	1096.6005	1.5799010000000635	0.8	1114.2435537789027	1.5	1115.3233666666667	1113.8398333333334	
1111.0171666666677	0.7000000000000455	BehavioralEpochs																-0.458655713062015
1112.5071666666677	0.7519999999999527	BehavioralEpochs																0.5875508122294519
1114.0971666666678	0.9889999999998054	BehavioralEpochs																-0.6326477607970844
1116.3515666666667	3.5384300037624143	trials	1.0	1.0		1.0	1118.3103666666666	1117.9551666666678	1117.9897800947558	1117.9905666666666	1100.667	1.5797010000001137	0.8	1118.310282721848	1.5	1119.3899333333334	1117.9896	
1116.4211666666677	0.9600000000000364	BehavioralEpochs																0.6701700148452403
1117.9551666666678	1.7870000000000346	BehavioralEpochs																-1.0100930980763252
1120.4182	2.4048294737176548	trials	1.0	0.25		1.0	1121.2511	1120.9861666666677	1121.0231069106947	1121.0239	1103.6000009999998	1.572001999999884	0.8	1121.2510095143434	1.5	1122.3229	1121.023	
1120.9861666666677	1.5960000000000036	BehavioralEpochs																-0.6224635253705486
1123.3359333333333	4.720632007513586	trials	1.0		0.125	-1.0	1125.4885333333334	1125.3431666666677	1125.3066458605083	1125.3072	1108.8335009999998	2.56890199999998	0.8	1125.4876470110732	0.0	1127.5564666666667	1125.3064666666667	
1123.7501666666678	1.043999999999869	BehavioralEpochs																-0.8279472803388188
1125.3431666666677	0.8959999999999582	BehavioralEpochs																-0.717811601424728
1127.3681666666678	0.7480000000000473	BehavioralEpochs																0.17984098570357787
1128.5797666666667	3.6762312814801135	trials	1.0	0.0		1.0	1130.6824	1130.5181666666676	1129.1228709925367	1129.1235666666666	1113.0329009999998	1.573701999999912	0.8	1130.682283413383	1.5	1131.7559333333334	1129.1227	
1130.5181666666676	1.509999999999991	BehavioralEpochs																-0.8216754354218381
1132.7647	2.791429058229369	trials	1.0	0.0625		1.0	1133.9767	1133.8281666666678	1133.2896052761191	1133.2901333333334	1116.3329999999999	1.5795009999999365	0.8	1133.9766121816135	1.5	1135.0561	1133.2894333333334	
1133.8281666666678	1.9890000000000327	BehavioralEpochs																-0.7699720513667216
1136.0809333333334	3.9918304713135058	trials	1.0	0.0		1.0	1138.4987666666666	1138.3251666666677	1138.189848903261	1138.1904666666667	1120.8496	1.5741010000001552	0.8	1138.4986511831196	1.5	1139.5727	1138.1897333333334	
1136.5661666666676	0.8810000000000855	BehavioralEpochs																-1.0202291851035596
1138.3251666666677	1.7850000000000819	BehavioralEpochs																-0.8813142122909028
1140.5958666666668	2.293928265499062	trials	1.0	0.25		1.0	1141.3151666666668	1141.1371666666678	1141.0728723363288	1141.0734333333332	1123.6665999999998	1.5747009999997772	0.8	1141.3150752151382	1.5	1142.3897	1141.0727333333334	
1141.1371666666678	1.8070000000000164	BehavioralEpochs																-0.8600652108798243
1143.4003	4.072331494687205	trials	1.0	0.0625		1.0	1145.8985	1145.7881666666678	1145.806117424621	1145.8067666666666	1128.2494009999998	1.5742019999997865	0.8	1145.8984180931272	1.5	1146.9726	1145.8059333333333	
1143.9441666666678	0.7949999999998454	BehavioralEpochs																-1.0304195691566775
1145.7881666666678	1.12299999999982	BehavioralEpochs																-0.8345268035203333
1148.0026333333333	3.703431217470097	trials	1.0	0.25		1.0	1150.1304666666667	1149.9151666666678	1150.0058491372986	1150.0064	1132.4828009999999	1.5757019999998647	0.8	1150.1303501195239	1.5	1151.2060333333334	1150.0057333333334	
1148.5001666666678	0.8739999999997963	BehavioralEpochs																-1.1808737301369945
1149.9151666666678	1.0960000000000036	BehavioralEpochs																-0.6792301400380296
1152.2277666666666	3.7283298036450105	trials	1.0	1.0		1.0	1154.3871	1154.1651666666678	1154.1227807985442	1154.1233666666667	1136.7328009999999	1.5691019999999298	0.8	1154.386982768804	1.5	1155.456	1154.1226333333334	
1152.6211666666677	1.0470000000000255	BehavioralEpochs																-0.8692713511214123
1154.1651666666678	2.9320000000000164	BehavioralEpochs																-1.0943158320119863
1156.6976	3.9416303851091925	trials	1.0		0.0625	-1.0	1158.072	1157.8601666666677	1157.8557086337748	1157.8563333333334	1141.4159	2.568001000000095	0.8	1158.071210240353	0.0	1160.1391666666666	1157.8555666666666	
1157.8601666666677	0.9660000000001219	BehavioralEpochs																-0.5901766433182871
1159.7341666666678	0.9380000000001019	BehavioralEpochs																-0.5511520731743076
1161.1688333333334	4.320160348568606	trials	1.0	0.125		1.0	1163.9225666666666	1163.7861666666677	1163.5056654357622	1163.5063	1146.2656	1.5665010000000166	0.8	1163.9224711616662	1.5	1164.9889333333333	1163.5055	
1161.5891666666678	1.2259999999998854	BehavioralEpochs																-0.7506326639754093
1163.7861666666677	1.2260000000001128	BehavioralEpochs																-0.9108933333374694
1166.0217	4.100631579470473	trials	-1.0		0.0625	1.0	1168.5505	1168.2611666666678	1167.9393138325038	1167.9399666666666	1150.8989009999998	1.571901999999909	0.8	1168.5504182406405	1.5	1169.6222666666667	1167.9391333333333	
1166.5081666666679	0.737999999999829	BehavioralEpochs																-0.7054743755835489
1168.2611666666678	1.2229999999999563	BehavioralEpochs																0.4254647598887118
1170.6427333333334	2.3463019999999233	trials	1.0	0.0625		1.0	1171.4192333333333	1171.3071666666679	1171.1728333333333	1171.1736333333333	1153.7656009999998	1.5699019999999564	0.8	1171.4191333333333	1.5	1172.4889666666666	1171.1726333333334	
1171.3071666666679	1.1820000000000164	BehavioralEpochs																-0.9499017154801379
1173.5066333333334	3.1652305230422826	trials	1.0	0.25		1.0	1175.1018666666666	1174.8861666666678	1174.8889457898533	1174.8896	1157.4484009999999	1.5701019999999062	0.8	1175.1017477074886	1.5	1176.1718333333333	1174.8888	
1173.6801666666677	0.5540000000000873	BehavioralEpochs																-0.6748663536029937
1174.8861666666678	1.543999999999869	BehavioralEpochs																-0.9900402505516439
1177.2056666666667	3.51663086411736	trials	-1.0		0.25	1.0	1179.1553	1178.9141666666678	1178.8558802114371	1178.8565666666666	1161.498801	1.5671020000002045	0.8	1179.1551826680784	1.5	1180.2223	1178.8557	
1177.2241666666678	1.0090000000000146	BehavioralEpochs																-0.8639802918050066
1178.9141666666678	1.4199999999998454	BehavioralEpochs																0.6842052731477821
1181.2668	3.37212982950723	trials	1.0	0.125		1.0	1183.0649333333333	1182.9201666666677	1182.788913013072	1182.7895333333333	1165.4153999999999	1.5741009999999278	0.8	1183.064815371857	1.5	1184.1388666666667	1182.7887666666666	
1181.4101666666677	0.8800000000001091	BehavioralEpochs																-0.8908266559875813
1182.9201666666677	1.2770000000000437	BehavioralEpochs																-1.1533207649378596
1185.1657333333333	21.222994802260473	trials	1.0	0.25		1.0	1204.8111	1204.5211666666678	1204.2890079615552	1204.2897333333333	1187.165	1.577701000000161	0.8	1204.811012728352	1.5	1205.8886666666667	1204.2888333333333	
1185.3621666666677	1.0480000000000018	BehavioralEpochs																-0.6603689158085047
1186.8041666666677	12.701000000000022	BehavioralEpochs																-4.618683097923395
1200.0181666666679	3.658999999999878	BehavioralEpochs																-1.0462626853947796
1204.5211666666678	1.5229999999999109	BehavioralEpochs																-0.6562695438209403
1207.0674333333334	3.67123001905793	trials	1.0	0.25		1.0	1209.1724333333334	1208.9181666666677	1209.0385489139198	1209.0390666666667	1191.5149	1.5663010000000668	0.8	1209.1723499715438	1.5	1210.2386	1209.0383333333334	
1207.3961666666678	1.0229999999999109	BehavioralEpochs																-1.0423612506571516
1208.9181666666677	2.352000000000089	BehavioralEpochs																-1.0122862029711683
1211.2844666666667	3.520830926369399	trials	1.0		0.125	-1.0	1212.2423666666666	1212.0611666666678	1211.8218710818626	1211.8223666666668	1195.581501	2.563701999999921	0.8	1212.2415745300536	0.0	1214.3052	1211.8217333333334	
1212.0611666666678	0.8690000000001419	BehavioralEpochs																-0.9597522694709681
1214.1911666666679	1.30600000000004	BehavioralEpochs																-1.0047278242766708
1215.3417	2.497029399236226	trials	1.0	1.0		1.0	1216.2639	1216.113166666668	1216.0220074648319	1216.0226666666667	1198.614901	1.5749020000000655	0.8	1216.2638101180678	1.5	1217.3386333333333	1216.0218	
1216.113166666668	1.6119999999998527	BehavioralEpochs																-0.9568367883719304
1218.3795333333333	2.691929861288827	trials	1.0	0.125		1.0	1219.4927333333333	1219.2941666666677	1218.9052387743484	1218.9060333333334	1201.847601	1.578801999999996	0.8	1219.4926448539609	1.5	1220.5714	1218.9051	
1219.2941666666677	1.5320000000001528	BehavioralEpochs																-0.7970678098651831
1221.6001666666666	2.421302000000196	trials	1.0	0.25		1.0	1222.4541666666667	1222.3301666666678	1222.3052666666665	1222.306	1204.797601	1.5674020000001292	0.8	1222.4540666666667	1.5	1223.5214	1222.3051	
1222.3301666666678	1.2580000000000382	BehavioralEpochs																-0.7594284003331353
1224.5490666666667	3.42263078724568	trials	1.0	0.125		1.0	1226.4021	1226.1481666666677	1226.0885796152845	1226.0893666666666	1208.747801	1.5697020000000066	0.8	1226.401982251268	1.5	1227.4716333333333	1226.0884	
1224.5731666666677	1.0010000000002037	BehavioralEpochs																-0.7144377092648568
1226.1481666666677	1.6050000000000182	BehavioralEpochs																-0.6147644730649944
1228.5122	3.342429780803286	trials	1.0		0.0	-1.0	1229.2899333333332	1229.160166666668	1228.9882040987488	1228.9889333333333	1212.6307	2.5653010000000904	0.8	1229.2893066914658	0.0	1231.3545333333334	1228.988	
1229.160166666668	1.0079999999998108	BehavioralEpochs																-0.8817512647691927
1230.9181666666677	0.6150000000000091	BehavioralEpochs																-0.2606390653154591
1232.3833333333334	3.488329767832056	trials	1.0	1.0		1.0	1234.2936666666667	1234.0621666666677	1233.93844615816	1233.9392333333333	1216.6477	1.5781010000000606	0.8	1234.2935490866507	1.5	1235.3716333333334	1233.9382666666668	
1232.5021666666678	0.88799999999992	BehavioralEpochs																-0.9063983933713473
1234.0621666666677	1.4640000000001692	BehavioralEpochs																-0.8343115814819129
1236.4252666666666	2.529429566010549	trials	1.0	0.25		1.0	1237.3774	1237.208166666668	1237.0214731641927	1237.0222333333334	1219.730701	1.57740200000012	0.8	1237.3772770417838	1.5	1238.4546666666668	1237.0212666666666	
1237.208166666668	1.3799999999998818	BehavioralEpochs																-0.7374389615550712
1239.4839	2.571127685077954	trials	1.0	0.0		1.0	1240.4842	1240.3371666666678	1240.0716058710702	1240.0722333333333	1222.8310009999998	1.5709019999999327	0.8	1240.484109991908	1.5	1241.5549	1240.0715	
1240.3371666666678	2.5499999999999545	BehavioralEpochs																-1.346478246437286
1242.8206333333333	2.3506291711344147	trials	1.0	0.125		1.0	1243.6042333333332	1243.4171666666678	1243.3880398920367	1243.3885333333333	1225.947201	1.5671019999999771	0.8	1243.604142389985	1.5	1244.6712333333332	1243.3878333333334	
1243.4171666666678	3.1620000000000346	BehavioralEpochs																-1.5979791516046475
1245.7043666666666	5.616832344689328	trials	1.0		0.125	-1.0	1248.7551666666666	1247.103166666668	1247.0048736925985	1247.0055	1232.0971009999998	2.5669020000000273	0.8	1248.754283143706	0.0	1250.8211333333334	1247.0047	
1247.103166666668	1.740000000000009	BehavioralEpochs																-0.31385363593655313
1250.2201666666679	1.0019999999999527	BehavioralEpochs																-0.737038181978221
1251.699166666668	0.7290000000000418	BehavioralEpochs																-0.4774467471688979
1251.8744	3.7466301267345443	trials	1.0	0.0625		1.0	1254.0583333333334	1253.862166666668	1253.0713093049108	1253.0718	1236.3969	1.5628010000000359	0.8	1254.058216977245	1.5	1255.1209666666666	1253.0712	
1253.862166666668	1.7309999999999945	BehavioralEpochs																-0.9503395728487334
1256.1621333333333	3.242230570439233	trials	1.0		0.0625	-1.0	1256.8411333333333	1256.5991666666678	1256.7383384108352	1256.7391333333333	1240.180201	2.563901999999871	0.8	1256.8404393105454	0.0	1258.9043	1256.7381333333333	
1256.5991666666678	0.7260000000001128	BehavioralEpochs																-0.6938461714876354
1258.0851666666679	1.0360000000000582	BehavioralEpochs																-0.8311921010011929
1259.9448666666667	3.7430310987554094	trials	1.0	1.0		1.0	1262.1201	1261.9361666666678	1261.7045803468839	1261.7051	1244.463701	1.5679020000000037	0.8	1262.1199835762764	1.5	1263.1878	1261.7044666666666	
1259.9811666666678	1.018000000000029	BehavioralEpochs																-0.8528621292402789
1261.9361666666678	1.331000000000131	BehavioralEpochs																-0.7291195904150953
1264.2326	3.004930210274324	trials	1.0	0.25		1.0	1265.6685333333332		1265.1711088107174		1248.013301	1.5691020000001572	0.8	1265.6684134794118	1.5	1266.7375	1265.171	
1264.2731666666677	0.2800000000002001	BehavioralEpochs																-0.07364793975877149
1265.4141666666678	1.428000000000111	BehavioralEpochs																-0.6149758317664578
1267.7832333333333	3.604130945820316	trials	1.0	1.0		1.0	1269.8242666666667		1269.5045471577037		1252.1631009999999	1.5632020000000466	0.8	1269.8241497245244	1.5	1270.8873333333333	1269.5043666666666	
1268.073166666668	0.8049999999998363	BehavioralEpochs																-1.0033247867923052
1269.659166666668	2.0739999999998417	BehavioralEpochs																-0.7993094236182401
1271.9336666666666	2.403729149431001	trials	1.0	1.0		1.0	1272.7637	1272.564166666668	1272.4046719865364	1272.4054	1255.113101	1.5738020000001143	0.8	1272.7635760402547	1.5	1273.8373	1272.4045333333333	
1272.564166666668	1.0929999999998472	BehavioralEpochs																-0.5768132092059943
1274.8849	7.202562941812175	trials	1.0		0.125	-1.0			1276.8713170831238	1276.8720333333333	1262.8630999999998	2.571001000000024	0.8	1279.516439831095	0.0	1281.5874333333334	1276.8711333333333	
1275.3061666666679	0.9610000000000127	BehavioralEpochs																-0.7631762795846129
1276.940166666668	1.1800000000000637	BehavioralEpochs																0.2732622133406153
1279.295166666668	0.75	BehavioralEpochs																-0.6402038003995187
1280.8261666666679	1.0609999999999218	BehavioralEpochs																-0.5691307043123004
1282.6368666666667	3.2836305801499748	trials	1.0	0.25		1.0	1284.3567		1283.8541772619267		1266.696101	1.5639020000000983	0.8	1284.356581634767	1.5	1285.4204	1283.8540333333333	
1282.7901666666678	0.27800000000002	BehavioralEpochs																-0.26157895632432826
1284.1061666666678	2.0950000000000273	BehavioralEpochs																-0.7719629891570747
1286.4666	2.5374293173783826	trials	1.0	0.25		1.0	1287.4387	1287.265166666668	1287.0877066866913	1287.0883	1269.779601	1.5654020000001765	0.8	1287.4386104644402	1.5	1288.504	1287.0875	
1287.265166666668	0.63799999999992	BehavioralEpochs																-0.48017978747476775
1288.2131666666678	0.803000000000111	BehavioralEpochs																-0.2533339426539527
1289.5628333333334	4.108031364055478	trials	1.0	1.0		1.0	1292.0930666666666	1291.9131666666678	1291.9876506658375	1291.9882666666667	1274.446401	1.5779019999999946	0.8	1292.0929514185234	1.5	1293.1707666666666	1291.9875	
1290.160166666668	1.09699999999998	BehavioralEpochs																-0.9085996041740856
1291.9131666666678	1.3610000000001037	BehavioralEpochs																-0.7789229430104427
1294.2261666666666	2.228128787155356	trials	1.0	0.0625		1.0	1294.8835666666666	1294.638166666668	1294.7539730120945	1294.7546	1277.229801	1.5708019999999578	0.8	1294.8834745689967	1.5	1295.9542666666666	1294.7537666666667	
1294.638166666668	1.5239999999998872	BehavioralEpochs																-0.7732000905382819
1296.9988	3.5882299569543648	trials	1.0	1.0		1.0	1299.0181	1298.8941666666678	1298.7537141621272	1298.7542666666666	1281.3625	1.5690010000000711	0.8	1299.018016295041	1.5	1300.087	1298.7535666666668	
1297.3071666666679	0.8740000000000236	BehavioralEpochs																-0.8837854141208226
1298.8941666666678	0.7880000000000109	BehavioralEpochs																-0.6463349851956224
1301.1293333333333	3.9747302951031998	trials	1.0	0.125		1.0	1303.5396333333333	1303.4021666666679	1303.4208502225858	1303.4215666666666	1285.8795	1.5645010000000639	0.8	1303.5395510974513	1.5	1304.604	1303.4207	
1301.5681666666678	1.1730000000000018	BehavioralEpochs																-0.6314793143173745
1303.4021666666679	0.55600000000004	BehavioralEpochs																-0.590055426154521
1305.294166666668	0.8029999999998836	BehavioralEpochs																0.15418343185157823
1305.6519666666666	2.8685299197400127	trials	1.0	1.0		1.0	1306.9579666666666	1306.830166666668	1306.7538773916935	1306.7545333333333	1289.295901	1.5626019999999698	0.8	1306.9578793772691	1.5	1308.0204333333334	1306.7536666666667	
1306.830166666668	0.5299999999999727	BehavioralEpochs																-0.4852389265670922
1307.632166666668	0.4339999999999691	BehavioralEpochs																0.23735037593826291
1309.0767	3.693831101094929	trials	1.0	1.0		1.0	1311.1902	1311.0761666666679	1310.9535147861027	1310.9541666666667	1293.545901	1.5804020000000492	0.8	1311.190116650122	1.5	1312.2705	1310.9533333333334	
1309.485166666668	0.974999999999909	BehavioralEpochs																-0.8355821031582309
1311.0761666666679	0.9690000000000509	BehavioralEpochs																-0.8278294770335322
1313.3077333333333	3.579230811788193	trials	1.0	0.125		1.0	1315.2986333333333	1315.158166666668	1314.9370464488397	1314.9378333333334	1297.6623009999998	1.58840199999986	0.8	1315.298549358835	1.5	1316.3869333333334	1314.9369	
1313.565166666668	0.8599999999999	BehavioralEpochs																-0.5026171840369784
1315.158166666668	0.8360000000000127	BehavioralEpochs																-0.6216081288041835
1317.4486666666667	5.288331150292379	trials	1.0	0.25		1.0	1321.1523	1320.9791666666679	1320.953886650931	1320.9544666666666	1303.5122999999999	1.5848009999999704	0.8	1321.1521877815026	1.5	1322.2369666666666	1320.9537	
1317.753166666668	2.5909999999998945	BehavioralEpochs																-1.3776961359472892
1320.9791666666679	1.23700000000008	BehavioralEpochs																-0.6898133304616465
1322.571166666668	0.13599999999996726	BehavioralEpochs																-0.08074972247754886
1323.2953	5.258158749599033	trials	1.0	1.0		1.0	1326.9722333333334	1326.811166666668	1326.5703359692477	1326.5711333333334	1309.3286999999998	1.5813009999999394	0.8	1326.9721403822075	1.5	1328.0534333333333	1326.5702333333334	
1323.3951666666678	0.8550000000000182	BehavioralEpochs																-0.6982129106197306
1324.8841666666679	1.0489999999999782	BehavioralEpochs																-0.8199064733260002
1326.811166666668	1.3639999999998054	BehavioralEpochs																-0.774610843594246
1329.3653666666667	3.721630977669065	trials	1.0	0.0625		1.0	1331.5032	1331.363166666668	1331.1705807225726	1331.1714	1313.862201	1.58390200000008	0.8	1331.5030833115316	1.5	1332.5869333333333	1331.1704333333332	
1329.744166666668	0.8199999999999363	BehavioralEpochs																-1.0594062675662883
1331.363166666668	1.1790000000000873	BehavioralEpochs																-0.48099362339365825
1333.6464	3.47393070874773	trials	1.0	0.0625		1.0	1335.5307333333333	1335.3471666666678	1335.186912730879	1335.1877	1317.895501	1.5897020000002158	0.8	1335.5306155712574	1.5	1336.6202333333333	1335.1867666666667	
1333.891166666668	0.8779999999999291	BehavioralEpochs																-0.7652098925112227
1335.3471666666678	1.8110000000001492	BehavioralEpochs																-0.9602918979763899
1337.6799333333333	2.3569289912393288	trials	1.0	0.125		1.0	1338.4581333333333	1338.300166666668	1338.220139519703	1338.2206666666666	1320.812001	1.5788020000002234	0.8	1338.4580422441336	1.5	1339.5368	1338.22	
1338.300166666668	1.2639999999998963	BehavioralEpochs																-0.7834543180113371
1340.3551666666679	0.7720000000001619	BehavioralEpochs																-0.8056951952063685
1340.5906666666667	4.812730868435665	trials	1.0	0.25		1.0	1343.8219	1343.638166666668	1343.7202860894931	1343.721	1326.1785	1.5816010000000915	0.8	1343.8217867194192	1.5	1344.9033333333334	1343.7201666666667	
1341.6921666666678	1.1300000000001091	BehavioralEpochs																-0.6207931152210051
1343.638166666668	0.5169999999998254	BehavioralEpochs																-0.515268637272726
1344.415166666668	0.49699999999984357	BehavioralEpochs																0.13037647341280945
1345.9617	3.7415299641422735	trials	1.0	0.0625		1.0	1348.1338333333333	1347.851166666668	1347.7369137423846	1347.7376666666667	1330.4783	1.569501000000173	0.8	1348.1337168141388	1.5	1349.2032	1347.7367666666667	
1346.3161666666679	0.8400000000001455	BehavioralEpochs																-0.7651421701957588
1347.851166666668	1.4320000000000164	BehavioralEpochs																-0.890707248482272
1350.2676333333334	4.002260455320993	trials	-1.0		1.0	1.0	1352.6937666666668	1352.4611666666679	1352.2869628268045	1352.2876	1335.044901	1.576202000000194	0.8	1352.6936687669793	1.5	1353.7698666666668	1352.2868	
1350.628166666668	1.1699999999998454	BehavioralEpochs																-0.8822757266261476
1352.4611666666679	0.8880000000001473	BehavioralEpochs																0.37775243035494555
1354.8321	3.7378309859946057	trials	1.0	0.125		1.0	1357.0009	1356.813166666668	1356.8366155445437	1356.8372666666667	1339.344901	1.5691020000001572	0.8	1357.0008168178856	1.5	1358.0698666666667	1356.8364666666666	
1355.187166666668	0.8959999999999582	BehavioralEpochs																-0.25243910119627344
1356.813166666668	0.7329999999999472	BehavioralEpochs																-0.6532784284055424
1357.969166666668	0.30300000000011096	BehavioralEpochs																0.16693074158970944
1359.1305333333332	4.222231404773311	trials	-1.0		0.125	1.0	1361.7827333333332	1361.2591666666679	1361.1364473030665	1361.1369	1344.127701	1.5701019999999062	0.8	1361.7826518034112	1.5	1362.8527333333334	1361.1363	
1359.612166666668	0.91599999999994	BehavioralEpochs																-1.0275247626788655
1361.2591666666679	1.4260000000001583	BehavioralEpochs																0.28894254429272337
1363.9168666666667	3.4862306710749635	trials	1.0	0.125		1.0	1365.8412666666666	1365.699166666668	1365.669881083615	1365.6705666666667	1348.178001	1.5619020000001456	0.8	1365.8411824924133	1.5	1366.9030666666667	1365.6697	
1364.196166666668	0.8129999999998745	BehavioralEpochs																-0.8744568515003834
1365.699166666668	1.143000000000029	BehavioralEpochs																-0.748525100208667
1367.97	3.2665294298194567	trials	1.0	1.0		1.0	1369.6586	1369.4991666666679	1369.3863123266926	1369.3868666666667	1352.0113999999999	1.5780010000000857	0.8	1369.658514695771	1.5	1370.7364666666667	1369.3861	
1368.117166666668	0.7269999999998618	BehavioralEpochs																-0.499782170511196
1369.4991666666679	1.45900000000006	BehavioralEpochs																-1.0260107922302382
1371.7999333333332	2.5529282929537658	trials	1.0	0.125		1.0	1372.7801333333334	1372.659166666668	1372.4693404898596	1372.4698666666666	1355.1277	1.5728010000000268	0.8	1372.7800438115398	1.5	1373.8527666666666	1372.4692	
1372.659166666668	1.1130000000000564	BehavioralEpochs																-0.6034853470284247
1374.9178666666667	3.7015308859390643	trials	-1.0		0.25	1.0	1377.0517666666667	1376.361166666668	1376.3865781281702	1376.3872	1359.3942009999998	1.5677019999998265	0.8	1377.051683318506	1.5	1378.1193333333333	1376.3864	
1375.012166666668	0.68100000000004	BehavioralEpochs																-0.8708110613154929
1376.361166666668	1.1929999999999836	BehavioralEpochs																0.4324700500169172
1379.174166666668	0.7309999999999945	BehavioralEpochs																0.7960777574252518
1379.1893	3.313430497970103	trials	-1.0		0.25	1.0	1380.9395	1380.640166666668	1380.5199114442494	1380.5204666666666	1363.2775009999998	1.5633020000000215	0.8	1380.9394150522928	1.5	1382.0026333333333	1380.5197	
1380.640166666668	1.3840000000000146	BehavioralEpochs																0.4592280338056298
1383.0649333333333	3.788130992277729	trials	1.0	1.0		1.0	1385.2815333333333	1385.154166666668	1385.0197482944152	1385.0204666666666	1367.6278009999999	1.5716019999999844	0.8	1385.281450297339	1.5	1386.3530333333333	1385.0195666666666	
1383.397166666668	0.7889999999999873	BehavioralEpochs																0.5874927361641937
1385.154166666668	1.7439999999999145	BehavioralEpochs																-0.8050262172223768
1387.4202666666667	4.39933053899108	trials	1.0	0.0		1.0	1390.2515	1389.942166666668	1389.636181545269	1389.6368	1372.5943	1.5682010000000446	0.8	1390.2513856760133	1.5	1391.3195	1389.6360333333334	
1387.781166666668	1.3579999999999472	BehavioralEpochs																-0.9202000028676025
1389.942166666668	1.3079999999999927	BehavioralEpochs																-0.4460507022717195
1392.3847	4.434230477623487	trials	1.0		0.0	-1.0	1394.2551	1394.012166666668	1393.9027100913406	1393.9034333333334	1377.5936	2.5647010000000137	0.8	1394.2542124280378	0.0	1396.3189	1393.9025666666666	
1392.601166666668	0.8309999999999036	BehavioralEpochs																0.7457865365290104
1394.012166666668	0.5899999999999181	BehavioralEpochs																-0.3615027901272754
1395.578166666668	1.2239999999999327	BehavioralEpochs																-0.41863260481389375
1397.3989333333334	2.9866289966721524	trials	1.0	0.0625		1.0	1398.8113666666666	1398.6621666666679	1397.936238370033	1397.9367333333332	1381.1601999999998	1.5743009999998776	0.8	1398.8112465723634	1.5	1399.8855	1397.9361	
1398.6621666666679	0.61200000000008	BehavioralEpochs																-0.5213076684047451
1400.9548666666667	2.164628271035781	trials	1.0	1.0		1.0	1401.5578666666668	1401.408166666668	1401.436272509254	1401.4370666666666	1383.8941009999999	1.5617019999999684	0.8	1401.5577739838584	1.5	1402.6194333333333	1401.4361	
1401.408166666668	0.5979999999999563	BehavioralEpochs																-0.7941191282473028
1402.347166666668	1.3519999999998618	BehavioralEpochs																0.18222778926036654
1403.7014	2.417729084546181	trials	1.0	0.25		1.0	1404.5486	1404.417166666668	1404.2360059889093	1404.2367333333334	1386.893701	1.570602000000008	0.8	1404.5485094897215	1.5	1405.6190333333334	1404.2358666666667	
1404.417166666668	1.3430000000000746	BehavioralEpochs																-0.4941358099368074
1406.620166666668	0.9090000000001055	BehavioralEpochs																-1.3361733169158185
1406.6769333333334	3.2920304069998565	trials	1.0	1.0		1.0	1408.3963333333334	1408.251166666668	1408.1861463563646	1408.1867	1390.743501	1.5727019999999357	0.8	1408.3962481693375	1.5	1409.4689333333333	1408.1859333333334	
1408.251166666668	1.2799999999999727	BehavioralEpochs																-0.7278982082808341
1410.5398666666667	3.6126307446747887	trials	-1.0		0.125	1.0	1412.5924666666667	1412.302166666668	1412.0193784387209	1412.0200666666667	1394.9270009999998	1.5601019999999153	0.8	1412.5923829979552	1.5	1413.6524	1412.0191666666667	
1410.667166666668	0.7719999999999345	BehavioralEpochs																-0.16966161974062288
1412.302166666668	1.2760000000000673	BehavioralEpochs																0.4586257411434076
1414.7292	5.9401597085429785	trials	1.0	1.0		1.0	1419.1001333333334	1418.9501666666679	1418.8021402542015	1418.8026333333332	1401.4438	1.5693010000002232	0.8	1419.100043198474	1.5	1420.1692666666668	1418.802	
1414.795166666668	1.0370000000000346	BehavioralEpochs																-0.5716105797997102
1416.237166666668	1.9200000000000728	BehavioralEpochs																-1.0768186582901933
1418.9501666666679	1.6520000000000437	BehavioralEpochs																-0.7181802320686757
1421.4745666666668	3.344430449678839	trials	1.0		0.25	-1.0	1422.2502666666667	1422.048166666668	1422.0024711573308	1422.0033	1405.5934009999999	2.5696020000000317	0.8	1422.249373257624	0.0	1424.3188666666667	1422.0022666666666	
1422.048166666668	1.4149999999999636	BehavioralEpochs																-0.3468163242545188
1424.951166666668	0.8619999999998527	BehavioralEpochs																-0.7853283906633806
1425.3931	2.9926020000000335	trials	1.0	0.125		1.0	1426.8248	1426.648166666668	1426.2525	1426.2532666666666	1409.160101	1.561002000000144	0.8	1426.8247	1.5	1427.8856333333333	1426.2523666666666	
1426.648166666668	1.581000000000131	BehavioralEpochs																-0.6893481681096603
1428.9506	2.9679299392432767	trials	-1.0		0.25	1.0	1430.3503333333333	1429.731166666668	1429.6022061340336	1429.6029333333333	1412.692901	1.5683020000001306	0.8	1430.3502131755579	1.5	1431.4185	1429.6020666666666	
1429.731166666668	1.6820000000000164	BehavioralEpochs																0.48930245717008347
1432.4915333333333	4.294160642166844	trials	-1.0		0.0625	1.0	1435.2100666666668	1434.925166666668	1434.6523628421794	1434.6528666666666	1417.5600009999998	1.5757019999998647	0.8	1435.209970457013	1.5	1436.2856	1434.6522333333332	
1432.852166666668	1.1590000000001055	BehavioralEpochs																0.5689224086824254
1434.925166666668	1.543999999999869	BehavioralEpochs																-0.32995441650049884
1437.3733	2.3789010000000417	trials	1.0	1.0		1.0	1438.1901	1438.024166666668	1437.9522	1437.9528666666668	1420.5265	1.562200999999959	0.8	1438.19	1.5	1439.2521666666667	1437.9520666666667	
1438.024166666668	1.3810000000000855	BehavioralEpochs																-0.4705149087770053
1440.333	4.0523591700616635	trials	1.0	0.25		1.0	1442.8188333333333	1442.589166666668	1442.5854323328024	1442.5862	1425.1596	1.5666009999999915	0.8	1442.8187356817823	1.5	1443.8853	1442.5852666666667	
1440.607166666668	1.2049999999999272	BehavioralEpochs																-1.091945726790101
1442.589166666668	1.1539999999999964	BehavioralEpochs																-0.6683190102425556
1444.9772666666668	3.608030652673733	trials	1.0	0.0625		1.0	1447.0230666666666	1446.851166666668	1446.6189797041025	1446.6194666666668	1429.359501	1.5623020000000452	0.8	1447.0229829124378	1.5	1448.0852333333332	1446.6188333333334	
1445.187166666668	1.0330000000001291	BehavioralEpochs																-1.1287349386512346
1446.851166666668	1.5240000000001146	BehavioralEpochs																-0.7208175239600791
1449.1747	2.3939020000000255	trials	1.0	0.0625		1.0	1450.004	1449.852166666668	1449.702	1449.7025	1432.342801	1.5647020000001248	0.8	1450.0039	1.5	1451.0685333333333	1449.7018	
1449.852166666668	1.2660000000000764	BehavioralEpochs																-0.8868188484200914
1452.1435	6.758363195717038	trials	1.0	0.0		1.0	1457.3399666666667	1457.175166666668	1457.2350461029994	1457.2357666666667	1439.6760009999998	1.562001999999893	0.8	1457.3398470519526	1.5	1458.4018	1457.2349333333334	
1452.186166666668	1.0260000000000673	BehavioralEpochs																-1.0078079074822028
1453.760166666668	0.7570000000000618	BehavioralEpochs																-0.7260773660825635
1455.140166666668	0.8279999999999745	BehavioralEpochs																-0.713605346716605
1457.175166666668	1.1739999999999782	BehavioralEpochs																-0.7249725094038126
1459.5060666666666	2.4626278038206237	trials	1.0	0.125		1.0	1460.3985	1460.2471666666681	1460.135073512925	1460.1357666666668	1442.7428	1.5703010000001996	0.8	1460.3983763787755	1.5	1461.4686333333334	1460.1349333333333	
1460.2471666666681	4.335999999999785	BehavioralEpochs																-1.0202098555547252
1462.5686	8.34966419373336	trials	-1.0	0.0625		-1.0	1468.3474	1467.731166666668	1466.801631530374	1466.8024	1451.6923009999998	2.5715020000000095	0.8	1468.34674303937	0.0	1470.4182333333333	1466.8014333333333	
1464.897166666668	1.40300000000002	BehavioralEpochs																-1.4702974982648698
1467.731166666668	0.9079999999999018	BehavioralEpochs																0.3178345985069768
1469.723166666668	0.8930000000000291	BehavioralEpochs																-0.4983807163896472
1471.410166666668	0.7730000000001382	BehavioralEpochs																-0.8813942222199671
1471.5187666666666	3.2493302219156703	trials	1.0	0.25		1.0	1473.2065	1472.975166666668	1472.7351772317472	1472.7357	1455.542101	1.5617020000001958	0.8	1473.2063813243699	1.5	1474.2680666666668	1472.735	
1472.975166666668	0.9490000000000691	BehavioralEpochs																-0.5655017115684018
1475.3566	2.694829480033377	trials	1.0	0.0		1.0	1476.4814333333334	1476.075166666668	1475.8352048804861	1475.836	1458.8254009999998	1.5701019999999062	0.8	1476.4813114690407	1.5	1477.5514	1475.8350333333333	
1476.075166666668	0.9449999999999363	BehavioralEpochs																-0.38441426690209823
1478.6254333333334	3.5592304973256432	trials	1.0	1.0		1.0	1480.6234666666667	1480.4401666666681	1480.4517479558992	1480.4523	1462.9586009999998	1.5613019999998414	0.8	1480.6233493298425	1.5	1481.6846333333333	1480.4516	
1478.652166666668	1.0739999999998417	BehavioralEpochs																-0.6020097085273903
1480.4401666666681	1.8979999999999109	BehavioralEpochs																-0.8917192536071923
1482.7886666666666	3.8293298720577695	trials	1.0	0.25		1.0	1485.0515	1484.922166666668	1484.8016818442281	1484.8023	1467.3918999999999	1.5666009999999915	0.8	1485.0513837269095	1.5	1486.1179666666667	1484.8015666666668	
1483.265166666668	0.7690000000000055	BehavioralEpochs																-0.7705991647661676
1484.922166666668	0.5670000000000073	BehavioralEpochs																-0.41908118228644753
1487.2097	3.4249294030867077	trials	1.0	0.0625		1.0	1489.0725333333332	1488.895166666668	1488.7013123700056	1488.7019333333333	1471.4085	1.5622010000001865	0.8	1489.0724154475793	1.5	1490.1346333333333	1488.7011666666667	
1487.4581666666681	0.6469999999999345	BehavioralEpochs																-0.6237668410858817
1488.895166666668	1.1800000000000637	BehavioralEpochs																-0.616400353300179
1491.2291333333333	2.5389279685584825	trials	1.0	0.0		1.0	1492.2057666666667	1492.030166666668	1491.7181385275592	1491.7189333333333	1474.5419	1.5624010000001363	0.8	1492.2056437058516	1.5	1493.268	1491.7179666666666	
1492.030166666668	1.9770000000000891	BehavioralEpochs																-1.4132444176781576
1494.3672666666666	2.784229527654361	trials	1.0	0.125		1.0	1495.5845	1495.248166666668	1494.934672276601	1494.9352333333334	1477.925301	1.5671019999999771	0.8	1495.5843787002434	1.5	1496.6514666666667	1494.9345	
1495.248166666668	2.339999999999918	BehavioralEpochs																-0.8128810614290387
1497.7387	4.045931116216025	trials	1.0	1.0		1.0	1500.2128333333333	1499.8811666666682	1500.0678167613003	1500.0685333333333	1482.558401	1.5719020000001365	0.8	1500.212717804069	1.5	1501.2845333333332	1500.0676666666666	
1498.258166666668	1.0909999999998945	BehavioralEpochs																-1.2757802044378366
1499.8811666666682	1.606999999999971	BehavioralEpochs																-0.7280425045441632
1502.3706333333334	2.1808282620665977	trials	1.0	1.0		1.0	1502.9944333333333	1502.812166666668	1502.9014397254336	1502.9021666666667	1485.3252009999999	1.5571019999999862	0.8	1502.9943408441716	1.5	1504.0513666666666	1502.9012333333333	
1502.812166666668	1.5210000000001855	BehavioralEpochs																-1.1519507777165359
1505.1386666666667	5.52896120997093	trials	-1.0		0.125	1.0	1509.1024	1508.540166666668	1508.317801287203	1508.3185	1491.4413	1.5653010000000904	0.2	1509.102309830442	1.5	1510.1675666666667	1508.3176	
1505.3621666666681	0.9849999999999	BehavioralEpochs																-0.8494710467833215
1506.7281666666681	0.9549999999999272	BehavioralEpochs																-0.900497767541367
1508.540166666668	1.1880000000001019	BehavioralEpochs																0.28811817426830544
1511.2605333333333	6.340430292681958	trials	1.0		0.0	-1.0	1515.0301	1514.8031666666682	1514.0680463039962	1514.0688333333333	1498.3745999999999	2.5715009999998983	0.2	1515.0294507456688	0.0	1517.1009	1514.0678666666668	
1511.5531666666682	0.9379999999998745	BehavioralEpochs																-0.8040387355150926
1512.8231666666682	0.9179999999998927	BehavioralEpochs																-0.9282604912596923
1514.8031666666682	0.6489999999998872	BehavioralEpochs																-0.40160255532771316
1516.857166666668	0.956000000000131	BehavioralEpochs																-0.783769444817807
1518.4755666666667	2.525229030635728	trials	-1.0		0.25	1.0	1519.4277	1519.1511666666681	1518.9680719385572	1518.9688	1501.774401	1.5732020000000375	0.2	1519.427576857204	1.5	1520.5007666666668	1518.9679	
1519.1511666666681	0.8899999999998727	BehavioralEpochs																0.43797827646258725
1521.5896	4.977861511408491	trials	1.0		0.0625	-1.0	1524.0060333333333	1523.8331666666681	1523.6010240470087	1523.6017	1507.341001	2.5622020000000703	0.2	1524.0052288793645	0.0	1526.0674333333334	1523.6009	
1522.040166666668	0.9729999999999563	BehavioralEpochs																-0.24233469065691793
1523.8331666666681	0.9179999999998927	BehavioralEpochs																-0.7885424176554352
1526.828166666668	0.7070000000001073	BehavioralEpochs																-0.9446769882300146
1527.1659666666667	3.0347299794029823	trials	-1.0		0.125	1.0	1528.6279666666667	1528.3321666666682	1528.0679749829433	1528.0687	1510.974201	1.572802000000138	0.2	1528.62788014512	1.5	1529.7006333333334	1528.0678333333333	
1528.3321666666682	0.9829999999999472	BehavioralEpochs																0.38655681091850624
1530.7814	2.4859010000000126	trials	-1.0		0.25	1.0	1531.7086	1531.365166666668	1531.3846	1531.3853333333334	1514.0408	1.558800999999903	0.2	1531.7085000000002	1.5	1532.7672666666667	1531.3844333333334	
1531.365166666668	0.8320000000001073	BehavioralEpochs																0.4359914090985626
1533.8592	5.04166048686443	trials	-1.0		1.0	1.0	1537.3437333333334	1537.2561666666682	1537.1178384488771	1537.1186333333333	1519.6743	1.55720099999985	0.2	1537.3436411131368	1.5	1538.4007666666666	1537.1177	
1534.220166666668	2.275000000000091	BehavioralEpochs																-0.8124297788481272
1537.2561666666682	0.7729999999999109	BehavioralEpochs																0.6734404410333354
1539.5093666666667	6.374862847133045	trials	-1.0		1.0	1.0	1544.3192	1544.1871666666682	1544.017509696232	1544.0182666666667	1526.6576009999999	1.5651020000000244	0.2	1544.3191125749875	1.5	1545.3841333333332	1544.0173333333332	
1539.912166666668	0.7599999999999909	BehavioralEpochs																-0.7286541661199806
1541.1711666666681	2.203999999999951	BehavioralEpochs																0.6803086735617967
1544.1871666666682	0.6309999999998581	BehavioralEpochs																0.6006405244759492
1546.4939333333334	6.690163083433617	trials	-1.0		0.0625	1.0	1551.6090666666666	1551.184166666668	1549.400459870896	1549.4012	1533.957401	1.5751020000000153	0.2	1551.608980035426	1.5	1552.6840666666667	1549.4002666666668	
1546.7251666666682	0.8559999999999945	BehavioralEpochs																-0.7352679900553198
1548.1131666666681	0.6520000000000437	BehavioralEpochs																-0.7925393814929862
1551.184166666668	0.900000000000091	BehavioralEpochs																0.3855621104917475
1553.7956	4.121730024428416	trials	-1.0		0.125	1.0	1556.3312	1556.182166666668	1555.917014938595	1555.9175	1538.6906	1.5862010000000737	0.2	1556.3311178546278	1.5	1557.4173	1555.9168666666667	
1554.0441666666682	1.1859999999999218	BehavioralEpochs																-0.7111009360545211
1556.182166666668	0.7609999999999673	BehavioralEpochs																0.40924787443518085
1558.5292333333334	3.47132944396094	trials	1.0	0.125		1.0	1560.4147333333333	1560.3041666666682	1559.9836452507377	1559.9841333333334	1542.7738	1.585901000000149	0.2	1560.4146487823664	1.5	1561.5005	1559.9835333333333	
1558.634166666668	0.8840000000000146	BehavioralEpochs																0.5626274839806342
1560.3041666666682	0.6649999999999636	BehavioralEpochs																-0.5048914636746247
1561.5031666666682	0.5319999999999254	BehavioralEpochs																0.5573249562457363
1562.338166666668	0.49500000000011823	BehavioralEpochs																-0.0931037926991678
1562.5972666666667	2.620029139030521	trials	-1.0		0.25	1.0	1563.6348666666668	1563.483166666668	1563.2003729138182	1563.2011333333332	1545.990501	1.5825020000002041	0.2	1563.6347774135072	1.5	1564.7172	1563.2002	
1563.483166666668	2.0980000000001837	BehavioralEpochs																0.4004076969463881
1565.8153	6.501632449758745	trials	-1.0	0.125		-1.0	1569.7431333333334	1569.615166666668	1569.5171173370989	1569.5177666666666	1553.090101	2.5747020000001157	0.2	1569.7422183913375	0.0	1571.8169	1569.5169333333333	
1565.9951666666682	1.0239999999998872	BehavioralEpochs																-0.5101808402763197
1567.624166666668	1.0150000000001	BehavioralEpochs																-0.4817403014488377
1569.615166666668	1.0340000000001055	BehavioralEpochs																0.5843267409403836
1571.4391666666681	0.8949999999999818	BehavioralEpochs																-0.3444579258398335
1572.9326333333333	6.90116218811022	trials	1.0		0.0625	-1.0	1577.2544	1574.1851666666682	1573.6832399884738	1573.6837333333333	1560.6069	2.5803010000001905	0.2	1577.2534716433922	0.0	1579.3337	1573.6831333333334	
1574.1851666666682	0.7209999999997763	BehavioralEpochs																-0.21740707874815257
1576.4491666666681	1.9490000000000691	BehavioralEpochs																-0.3739262048464127
1579.953166666668	1.2830000000001291	BehavioralEpochs																0.5263638605961773
1580.4517	3.1487289877070452	trials	-1.0		1.0	1.0	1582.0305333333333	1581.885166666668	1581.7500115401367	1581.7506666666666	1564.3735	1.5700010000000475	0.2	1582.0304140325147	1.5	1583.1003666666666	1581.7499	
1581.885166666668	2.2230000000001837	BehavioralEpochs																0.9072794926919698
1584.2018333333333	2.6315281291558676	trials	-1.0		0.0	1.0	1585.2457666666667	1585.001166666668	1584.7834393292715	1584.7840333333334	1567.6064	1.587701000000152	0.2	1585.245644094269	1.5	1586.3333	1584.7833	
1585.001166666668	0.77800000000002	BehavioralEpochs																0.4017944331612284
1587.4351666666666	3.2979300448153026	trials	-1.0		0.125	1.0	1589.1503	1588.8031666666682	1588.4168750148817	1588.4176333333332	1571.506101	1.5829020000001037	0.2	1589.150181250744	1.5	1590.2330666666667	1588.4166666666667	
1587.5131666666682	0.4919999999999618	BehavioralEpochs																-0.07181785022163467
1588.8031666666682	3.1510000000000673	BehavioralEpochs																1.147402739191051
1591.355	3.528330490120652	trials	-1.0		0.0	1.0	1593.3091333333334	1593.0021666666682	1592.6168101887067	1592.6173	1575.656301	1.5743020000002161	0.2	1593.3090157780414	1.5	1594.3832666666667	1592.6167	
1593.0021666666682	1.6469999999999345	BehavioralEpochs																0.37052047550909606
1595.4831333333334	4.417060532797677	trials	1.0	0.125		1.0	1598.3162666666667	1598.1411666666681	1597.9499660226338	1597.9505666666666	1580.6731009999999	1.5840019999998276	0.2	1598.3161708754076	1.5	1599.4001333333333	1597.9497666666666	
1595.6281666666682	1.2669999999998254	BehavioralEpochs																0.3996640227695991
1598.1411666666681	1.8119999999998981	BehavioralEpochs																-0.6607531988596236
1600.514	2.335801000000174	trials	1.0	0.0625		1.0	1601.2732	1601.105166666668	1601.0499	1601.0509	1583.6227	1.5767009999999573	0.2	1601.2730999999999	1.5	1602.3497333333332	1601.0497	
1601.105166666668	2.171000000000049	BehavioralEpochs																-0.9015288798975973
1603.4593	4.407259448228615	trials	-1.0		0.125	1.0	1606.2851333333333	1605.6951666666682	1605.4334261804822	1605.4342	1588.6393999999998	1.5815009999998892	0.2	1606.285037474388	1.5	1607.3665333333333	1605.4332666666667	
1603.8671666666683	1.0279999999997926	BehavioralEpochs																-0.59207767881378
1605.6951666666682	1.17899999999986	BehavioralEpochs																0.2850565619115457
1608.4862666666668	4.196931050134253	trials	1.0		0.125	-1.0	1610.1062	1609.9391666666681	1609.9163765655392	1609.9168666666667	1593.4560009999998	2.5777019999998174	0.2	1610.1054778744524	0.0	1612.1831333333334	1609.9162333333334	
1608.6301666666682	0.7529999999999291	BehavioralEpochs																-1.0085745310491347
1609.9391666666681	1.5440000000000964	BehavioralEpochs																-1.0476073672247423
1613.302	2.430928738183866	trials	-1.0		1.0	1.0	1614.1563	1613.970166666668	1613.8165056591322	1613.8171666666667	1596.5057009999998	1.576701999999841	0.2	1614.1562093955893	1.5	1615.2328333333332	1613.8163666666667	
1613.970166666668	0.5790000000001783	BehavioralEpochs																0.4872343143564706
1616.3325333333332	4.667331404587912	trials	1.0		0.125	-1.0	1618.4225333333334	1618.2901666666683	1617.9000432087798	1617.9008	1601.772601	2.5782020000001467	0.2	1618.4216464949252	0.0	1620.4998	1617.8999	
1616.5341666666682	0.77800000000002	BehavioralEpochs																-0.5241255795851885
1618.2901666666683	0.8739999999997963	BehavioralEpochs																-0.811221905463384
1621.423166666668	0.7290000000000418	BehavioralEpochs																-0.8630364673558688
1621.6234666666667	3.6092304473606873	trials	-1.0		0.0	1.0	1623.6505	1623.4181666666682	1622.782975805727	1622.7835	1606.005401	1.582302000000027	0.2	1623.650382642485	1.5	1624.7326666666668	1622.7828333333334	
1623.4181666666682	1.6849999999999454	BehavioralEpochs																0.3013348439507695
1625.8526	2.4300252878661013	trials	-1.0		0.25	1.0	1626.7082	1626.6081666666682	1626.3666051374312	1626.3671	1609.0553	1.5745010000002821	0.2	1626.7081085507245	1.5	1627.7825333333333	1626.3664	
1626.6081666666682	0.5329999999999018	BehavioralEpochs																0.378716764345171
1627.6641666666683	2.714999999999918	BehavioralEpochs																1.0104345160465584
1629.1876333333332	3.8788297650992263	trials	-1.0		1.0	1.0	1631.4824666666666	1631.3881666666682	1631.2664487496663	1631.2670666666668	1613.8391	1.584101000000146	0.2	1631.4823503507755	1.5	1632.5663666666667	1631.2662666666668	
1631.3881666666682	1.030999999999949	BehavioralEpochs																0.49243835989182116
1632.817166666668	0.5230000000001382	BehavioralEpochs																0.23622085173346363
1633.6824666666666	2.5505290022974805	trials	-1.0		0.25	1.0	1634.6537666666666	1634.3711666666682	1634.18267196231	1634.1834	1617.0056009999998	1.579302000000098	0.2	1634.6536769488116	1.5	1635.7329333333332	1634.1825	
1634.3711666666682	1.3890000000001237	BehavioralEpochs																0.4120609667380961
1636.831	3.7852307594364447	trials	-1.0		0.125	1.0	1639.0342	1638.7041666666682	1638.6328136898248	1638.6333666666667	1621.3888009999998	1.5821020000000772	0.2	1639.0341167388463	1.5	1640.1162	1638.6326333333334	
1637.0541666666682	0.9220000000000255	BehavioralEpochs																-0.7146846568810759
1638.7041666666682	0.8129999999998745	BehavioralEpochs																0.3762312890105193
1641.2182333333333	3.5813305283147656	trials	1.0	0.25		1.0	1643.2233666666666	1643.0111666666683	1642.8994467256143	1642.9	1625.572101	1.5763019999999415	0.2	1643.2232493049746	1.5	1644.2994666666666	1642.8993	
1641.2521666666682	0.8759999999999764	BehavioralEpochs																0.35326519627250264
1643.0111666666683	1.655999999999949	BehavioralEpochs																-0.6187888297605184
1645.4027666666666	3.3300291290472614	trials	-1.0	0.0625		-1.0	1646.1446666666666	1646.0451666666681	1645.8991708598362	1645.8996666666667	1629.5052999999998	2.588800999999876	0.2	1646.1439729277006	0.0	1648.2327666666667	1645.8990333333334	
1646.0451666666681	1.9610000000000127	BehavioralEpochs																0.7749783464552991
1649.2191666666681	2.9300000000000637	BehavioralEpochs																0.38479869770347364
1649.3489	5.583460923488701	trials	1.0	1.0		1.0	1653.3586333333333	1652.9571666666682	1652.7488364892058	1652.7496333333333	1635.7048	1.5738010000000031	0.2	1653.3585430327716	1.5	1654.4323333333334	1652.7487	
1652.9571666666682	1.9919999999999618	BehavioralEpochs																-0.9831960599224203
1655.5606666666667	2.4049009999996542	trials	-1.0		1.0	1.0	1656.3947666666666	1656.2191666666681	1656.1994666666667	1656.1999333333333	1638.7379999999998	1.5709009999998216	0.2	1656.3946666666668	1.5	1657.4655	1656.1992666666667	
1656.2191666666681	1.4940000000001419	BehavioralEpochs																0.44846407582608094
1658.5501666666682	0.7960000000000491	BehavioralEpochs																-0.739610563223664
1658.5640666666666	3.135029768937784	trials	1.0	0.25		1.0	1660.1263	1659.9831666666682	1659.9658790834042	1659.9666	1642.471501	1.5729019999998854	0.2	1660.1261805032952	1.5	1661.1990666666666	1659.9657	
1659.9831666666682	1.2180000000000746	BehavioralEpochs																-0.7515527108580784
1662.2741666666682	0.7599999999999909	BehavioralEpochs																-0.642176386025227
1662.3273	4.204760015494912	trials	1.0		0.0625	-1.0	1663.9589	1663.643166666668	1663.6657184669302	1663.6662333333334	1647.3044009999999	2.574002000000064	0.2	1663.958022500017	0.0	1666.0319666666667	1663.6656	
1663.643166666668	1.1350000000002183	BehavioralEpochs																-0.5705949954640062
1666.4241666666683	0.6389999999998963	BehavioralEpochs																-0.33363744944202267
1667.1590666666666	2.5565287892907236	trials	1.0	0.125		1.0	1668.1293666666666	1667.9231666666683	1667.6658719773657	1667.6665666666668	1650.487901	1.5863020000001598	0.2	1668.1292768332808	1.5	1669.2155333333333	1667.6657333333333	
1667.9231666666683	1.0169999999998254	BehavioralEpochs																-0.7384421636348577
1670.3401	3.442029163721145	trials	-1.0		1.0	1.0	1672.2072	1672.0111666666683	1671.9826134395403	1671.9831666666666	1654.5544	1.5750010000001566	0.2	1672.207115276482	1.5	1673.2820666666667	1671.9824666666666	
1670.7591666666683	0.5899999999999181	BehavioralEpochs																0.1603471321221832
1672.0111666666683	1.2690000000000055	BehavioralEpochs																0.6214145466847185
1674.1081666666682	0.19699999999988904	BehavioralEpochs																-0.1210540119121788
1674.4139333333333	2.5516009999998914	trials	1.0	0.25		1.0	1675.3854333333334	1675.2381666666681	1674.8991333333333	1674.8999	1657.7377999999999	1.5802009999999882	0.2	1675.3853333333332	1.5	1676.4655	1674.8989333333334	
1675.2381666666681	1.5790000000001783	BehavioralEpochs																-0.5820290634271146
1677.5923333333333	2.756428240663354	trials	-1.0		0.0	1.0	1678.7685666666666	1678.3521666666682	1678.1157385059346	1678.1164666666666	1661.1209999999999	1.580300999999963	0.2	1678.7684449563678	1.5	1679.8487666666667	1678.1156333333333	
1678.3521666666682	1.2080000000000837	BehavioralEpochs																0.31165736641401054
1679.9051666666683	1.2300000000000182	BehavioralEpochs																0.24200630171114312
1680.9652666666666	4.317060253240015	trials	-1.0		0.0625	1.0	1683.7017	1683.1081666666682	1683.24909748406	1683.2498	1666.0545009999998	1.5807019999999739	0.2	1683.701603590055	1.5	1684.7822333333334	1683.2489	
1681.7251666666682	0.7980000000000018	BehavioralEpochs																-0.7698558536598341
1683.1081666666682	1.8019999999999072	BehavioralEpochs																0.24751832878575897
1685.9058333333332	2.3597020000001976	trials	-1.0		1.0	1.0	1686.6796333333334	1686.4261666666682	1686.4153333333331	1686.4161	1669.037701	1.5860020000000077	0.2	1686.6795333333332	1.5	1687.7654333333332	1686.4152	
1686.4261666666682	1.6639999999999873	BehavioralEpochs																0.34917880849911853
1688.8551666666683	0.63799999999992	BehavioralEpochs																-0.32495637551235745
1688.8979333333334	3.0839297416630416	trials	-1.0		0.0625	1.0	1690.3949666666667	1690.0061666666682	1689.9487427859488	1689.9494333333334	1672.7540009999998	1.5870019999997567	0.2	1690.3948467989026	1.5	1691.4817666666668	1689.9485666666667	
1690.0061666666682	1.4429999999999836	BehavioralEpochs																0.30986196036897695
1692.5381666666683	0.6179999999999382	BehavioralEpochs																0.17795951015907008
1692.6034666666667	4.1283588606709145	trials	-1.0	0.0625		-1.0	1694.1540333333332	1693.8691666666682	1693.7487827187485	1693.7493666666667	1677.5039	2.57850099999996	0.2	1694.1532883880643	0.0	1696.2317333333333	1693.7486333333334	
1693.8691666666682	1.1700000000000728	BehavioralEpochs																0.624370196349048
1696.1081666666682	1.1639999999999873	BehavioralEpochs																0.4570030264196703
1697.3601333333334	4.221729958404467	trials	1.0		0.0	-1.0	1699.0007	1698.5761666666683	1697.8489366862161	1697.8497	1682.3538999999998	2.5818010000000413	0.2	1699.00004458209	0.0	1701.0817666666667	1697.8488	
1698.5761666666683	0.8379999999999654	BehavioralEpochs																-0.5063970580111459
1701.9571666666682	0.7540000000001328	BehavioralEpochs																-0.679382288863934
1702.2196666666666	2.745429194045073	trials	-1.0		0.125	1.0	1703.3800666666666	1703.2741666666682	1703.2488768612068	1703.2493666666667	1685.737101	1.5851020000000062	0.2	1703.3799781597925	1.5	1704.465	1703.2487	
1703.2741666666682	0.7950000000000728	BehavioralEpochs																0.3040906555964398
1704.4191666666682	0.525000000000091	BehavioralEpochs																0.29426747845337786
1705.5849	2.6470019999999295	trials	-1.0		0.25	1.0	1706.6458	1706.3011666666682	1706.332	1706.3326666666667	1689.0039009999998	1.5862019999999575	0.2	1706.6457	1.5	1707.7319	1706.3318666666667	
1706.3011666666682	1.4600000000000364	BehavioralEpochs																0.3526547606464021
1708.8633	3.918659245564413	trials	1.0	0.0625		1.0	1711.2001333333333	1711.0091666666683	1710.6983268069098	1710.6989666666666	1693.553901	1.5819020000001274	0.2	1711.2000341360797	1.5	1712.2818666666667	1710.6981333333333	
1709.2081666666681	0.9060000000001764	BehavioralEpochs																0.372543056529679
1711.0091666666683	2.408999999999878	BehavioralEpochs																-0.8252007262000234
1713.4268666666667	3.8712306558295495	trials	-1.0	0.125		-1.0			1714.1982723768072	1714.1989666666666	1698.0700009999998	2.5846019999999044	0.2	1714.713476190476	0.0	1716.7980333333333	1714.1981333333333	
1714.2611666666683	0.9210000000000491	BehavioralEpochs																0.3714833615140378
1716.2681666666683	0.8299999999999272	BehavioralEpochs																-0.3334241793079116
1717.93	3.1352297618566354	trials	-1.0		1.0	1.0	1719.4826		1719.2151113794143		1701.8371009999998	1.5827019999999266	0.2	1719.4825137472108	1.5	1720.5651333333333	1719.2149666666667	
1718.0391666666683	0.6209999999998672	BehavioralEpochs																-0.46540337622889183
1719.3751666666683	0.9020000000000437	BehavioralEpochs																0.5557814186662995
1721.6944333333333	3.570529237804749	trials	1.0		0.0	-1.0	1722.6862333333333	1722.4951666666682	1722.265037846003	1722.2655666666667	1706.0367999999999	2.5795009999999365	0.2	1722.685441170795	0.0	1724.7649	1722.2649	
1722.4951666666682	0.6520000000000437	BehavioralEpochs																-0.3076849319820667
1723.8661666666683	0.6739999999999782	BehavioralEpochs																0.21913673564458236
1725.4521666666683	0.8009999999999309	BehavioralEpochs																-0.4654134494133473
1725.9092666666666	4.238931045312711	trials	1.0		0.0	-1.0	1727.5755666666666	1727.2891666666683	1726.9149735578073	1726.9155666666666	1710.920001	2.573501999999962	0.2	1727.5746780781274	0.0	1729.6481	1726.9148	
1727.2891666666683	0.70699999999988	BehavioralEpochs																-0.5746449658518884
1730.774	7.174260937785903	trials	-1.0	0.0625		-1.0	1735.3711666666666	1735.1511666666684	1733.1145192277675	1733.1152	1718.720001	2.5777019999998174	0.2	1735.3705377613474	0.0	1737.4481666666666	1733.1143333333334	
1730.9651666666682	1.6040000000000418	BehavioralEpochs																0.42518367859571526
1735.1511666666684	1.9689999999998236	BehavioralEpochs																0.8489341666918904
1737.5491666666683	0.41000000000008185	BehavioralEpochs																0.1532771197292675
1738.8890666666666	4.458959324026864	trials	-1.0		1.0	1.0	1741.7781	1741.5251666666684	1741.247897520618	1741.2484666666667	1724.1197	1.5700010000000475	0.2	1741.7780044545163	1.5	1742.8479666666667	1741.2477333333334	
1739.1301666666682	1.2920000000001437	BehavioralEpochs																-0.8441903807673725
1741.5251666666684	1.2989999999999782	BehavioralEpochs																0.5086194814358009
1743.9858333333334	2.662400999999818	trials	-1.0		0.25	1.0	1745.0822333333333	1744.7861666666684	1744.5146333333334	1744.5151333333333	1727.4198999999999	1.566101000000117	0.2	1745.0821333333333	1.5	1746.1481666666666	1744.5144666666667	
1744.7861666666684	1.42899999999986	BehavioralEpochs																0.47683962329514884
1747.2804333333333	3.550957671151309	trials	1.0		0.0625	-1.0	1748.2744333333333	1748.1461666666683	1747.781141324332	1747.7817666666667	1731.6029999999998	2.5576009999997495	0.2	1748.2737491860578	0.0	1750.3313	1747.7810333333334	
1748.1461666666683	1.2260000000001128	BehavioralEpochs																-0.7519394058338378
1750.9991666666683	0.5039999999999054	BehavioralEpochs																-0.22849491276721778
1751.4577	3.9902307912059314	trials	1.0		0.0625	-1.0	1752.8937333333333	1752.5451666666684	1751.9313034172492	1751.9317666666666	1736.2195009999998	2.5549019999998563	0.2	1752.8930103563723	0.0	1754.9479	1751.9311333333333	
1752.5451666666684	0.6029999999998381	BehavioralEpochs																-0.35902355677143305
1756.0774333333334	3.787230625865277	trials	-1.0		0.25	1.0	1758.2993333333334	1758.1861666666682	1758.0144479743008	1758.0150333333333	1740.6362009999998	1.5654019999999491	0.2	1758.2992501269841	1.5	1759.3645666666666	1758.0142333333333	
1756.3821666666684	1.227999999999838	BehavioralEpochs																-0.4939060476711461
1758.1861666666682	1.0480000000000018	BehavioralEpochs																0.5218746525386848
1760.4874666666667	3.9935305842245725	trials	1.0	0.0625		1.0	1762.9377	1761.1041666666683	1761.1641715102712	1761.1647	1745.252501	1.5434020000000146	0.2	1762.9375842037077	1.5	1763.9809333333333	1761.1640333333332	
1761.1041666666683	1.3350000000000364	BehavioralEpochs																0.27378956247019914
1762.7781666666683	4.962999999999965	BehavioralEpochs																1.0778696285995863
1765.1445	5.05335999736144	trials	-1.0		0.25	1.0	1768.6565333333333	1768.5051666666684	1768.2312360372666	1768.232	1750.9693	1.541401000000178	0.2	1768.6564410014828	1.5	1769.6977666666667	1768.2310666666667	
1768.5051666666684	0.7959999999998217	BehavioralEpochs																0.28403442009630453
1770.8547666666666	4.509631228090257	trials	1.0		0.125	-1.0	1772.8249666666666	1772.0981666666682	1772.0809746140385	1772.0817333333334	1756.135801	2.540102000000161	0.2	1772.8242794315897	0.0	1774.8643	1772.0808	
1771.1251666666683	0.5139999999998963	BehavioralEpochs																-0.3385995207931103
1772.0981666666682	1.2029999999999745	BehavioralEpochs																-0.3726842240491237
1774.0281666666683	1.058999999999969	BehavioralEpochs																-0.938700269240627
1775.6301666666684	0.6920000000000073	BehavioralEpochs																-0.392630868843014
1775.9978	3.44963018371368	trials	1.0	0.25		1.0	1777.8962	1777.5881666666683	1777.1974098008939	1777.1979666666666	1760.218801	1.551302000000078	0.2	1777.8961155093673	1.5	1778.9473333333333	1777.1972	
1777.5881666666683	1.5740000000000691	BehavioralEpochs																-0.6396015236987012
1780.0777333333333	3.9695306759858795	trials	-1.0		0.25	1.0	1782.4978666666666	1782.3881666666682	1782.1975486469303	1782.1982666666668	1764.818601	1.549502000000075	0.2	1782.4977508155982	1.5	1783.5471666666667	1782.1973666666668	
1780.4121666666683	1.3050000000000637	BehavioralEpochs																-0.7943103403020757
1782.3881666666682	1.9090000000001055	BehavioralEpochs																-0.41557328198763344
1784.6919666666668	3.338529861248844	trials	1.0		0.0625	-1.0	1785.4666	1785.2451666666684	1785.2643714435933	1785.2649333333334	1768.8018009999998	2.5645019999999477	0.2	1785.4659731260328	0.0	1787.5304	1785.2642666666666	
1785.2451666666684	1.3259999999997945	BehavioralEpochs																-0.9972556934224315
1787.6981666666684	0.9729999999999563	BehavioralEpochs																-0.7485208220942638
1788.6862	3.794429481362158	trials	1.0	0.125		1.0	1790.9222333333332	1790.7971666666683	1789.4474057136852	1789.4479	1773.2519	1.5585010000002057	0.2	1790.922116783012	1.5	1791.9806	1789.4473	
1790.7971666666683	0.5080000000000382	BehavioralEpochs																-0.36941129435942344
1791.6041666666683	0.19499999999993634	BehavioralEpochs																0.014886845043236008
1793.1270333333334	2.403427353948018	trials	1.0	0.25		1.0	1793.9661666666666	1793.8231666666684	1793.630438853252	1793.6312333333333	1776.3017	1.564401000000089	0.8	1793.9660425331974	1.5	1795.0304333333333	1793.6302333333333	
1793.8231666666684	1.3289999999999509	BehavioralEpochs																-1.2047637691802322
1796.1669666666667	3.3967299612279476	trials	1.0		0.0	-1.0	1796.8315333333333		1796.830972132632		1780.334901	2.567602000000079	0.8	1796.9960734917145	0.0	1799.0636666666667	1796.8308	
1796.8011666666682	1.0	BehavioralEpochs																-0.9035859773652817
1798.6221666666684	1.018000000000029	BehavioralEpochs																-0.34326322222946715
1800.2163	2.531228491695174	trials	1.0	1.0		1.0	1801.184	1801.0021666666682	1800.7974060818237	1800.7981666666667	1783.518701	1.5636020000001736	0.8	1801.1839101269532	1.5	1802.2474666666667	1800.7972666666667	
1801.0021666666682	1.336999999999989	BehavioralEpochs																-0.9659761564301448
1802.7391666666683	0.2760000000000673	BehavioralEpochs																0.13809092824308777
1803.4012333333333	3.879130524906259	trials	1.0	0.125		1.0	1805.7135666666666	1805.5721666666684	1805.3304475196705	1805.3311666666666	1788.051501	1.5669020000000273	0.8	1805.7134503360542	1.5	1806.7802666666666	1805.3303	
1803.8581666666682	0.831000000000131	BehavioralEpochs																-0.8561018648860568
1805.5721666666684	1.643000000000029	BehavioralEpochs																-0.8314503471652301
1807.9342666666666	5.963061125746663	trials	1.0	0.0625		1.0	1812.3387	1810.0161666666684	1809.3639810825252	1809.3644666666667	1794.6683999999998	1.5587009999999282	0.8	1812.3386110758202	1.5	1813.3972666666666	1809.3638333333333	
1808.3171666666683	0.47900000000004184	BehavioralEpochs																0.16722382198469177
1810.0161666666684	0.4600000000000364	BehavioralEpochs																-0.14390641996507725
1812.2421666666683	1.8040000000000873	BehavioralEpochs																-0.8665149992912689
1814.5460333333333	6.184061281727509	trials	1.0	0.25		1.0	1819.1725666666666	1819.0211666666683	1818.7802746083737	1818.7807666666668	1801.5011	1.557600999999977	0.8	1819.1724784315447	1.5	1820.2300666666667	1818.7801	
1814.9751666666684	1.26299999999992	BehavioralEpochs																-0.7961067127465355
1817.0521666666684	1.0249999999998636	BehavioralEpochs																-0.31222910638254575
1819.0211666666683	1.400000000000091	BehavioralEpochs																-0.7223278588743653
1821.3851	2.1952020000001085	trials	1.0	1.0		1.0	1822.0264	1821.8481666666682	1821.8805	1821.8811	1804.351301	1.5540020000000823	0.8	1822.0263	1.5	1823.0802333333334	1821.8803333333333	
1821.8481666666682	1.397000000000162	BehavioralEpochs																-1.459755377741061
1824.2344	4.329159879950794	trials	1.0	0.125		1.0	1826.9965333333334	1826.8371666666683	1826.563631141327	1826.5643666666667	1809.3345009999998	1.5671019999999771	0.8	1826.996436927849	1.5	1828.0634333333333	1826.5635	
1824.8561666666683	0.9960000000000946	BehavioralEpochs																-0.8416477701452152
1826.8371666666683	1.5060000000000855	BehavioralEpochs																-0.6976897277350531
1829.2207666666666	7.609262371700652	trials	1.0	0.0625		1.0	1835.2779	1831.4741666666685	1831.4635847558786	1831.4643666666666	1817.6009	1.5522009999999682	0.8	1835.2778155191534	1.5	1836.3299666666667	1831.4634333333333	
1829.7171666666684	1.0550000000000637	BehavioralEpochs																-0.7804291591517085
1831.4741666666685	1.3719999999998436	BehavioralEpochs																-0.27623024218385694
1835.1221666666684	1.2690000000000055	BehavioralEpochs																-1.2129285088744552
1837.4491666666684	1.1520000000000437	BehavioralEpochs																-0.8816469484635547
1837.4865333333332	4.176629803747801	trials	1.0	0.0625		1.0	1840.1071666666667	1839.9221666666683	1839.546847542103	1839.5473333333334	1822.434	1.556101000000126	0.8	1840.1070514054977	1.5	1841.1631	1839.5466333333334	
1838.9121666666683	0.06600000000003092	BehavioralEpochs																-0.011463630175455819
1839.9221666666683	1.3659999999999854	BehavioralEpochs																-0.9582486006829356
1842.3199666666667	4.443430960073556	trials	1.0	0.0		1.0	1845.205	1844.7571666666684	1844.8301830270086	1844.8309666666667	1827.534201	1.5585020000000895	0.8	1845.204885469133	1.5	1846.2634	1844.8300333333334	
1842.6711666666683	1.4110000000000582	BehavioralEpochs																-1.0047159147613058
1844.7571666666684	2.2170000000000982	BehavioralEpochs																-0.6113486100279886
1847.4344	2.3789281050608224	trials	1.0	0.0		1.0	1848.2602333333334	1848.0741666666684	1847.8966050719866	1847.8972666666666	1830.584101	1.5532019999998283	0.8	1848.2601090608816	1.5	1849.3132333333333	1847.8964666666666	
1848.0741666666684	1.5799999999999272	BehavioralEpochs																-1.0410420392232425
1850.4720333333332	2.1247275090765925	trials	1.0	0.0		1.0	1851.0373333333334	1850.8761666666683	1850.9463390277579	1850.9469333333334	1833.367501	1.559502000000066	0.8	1851.037240119099	1.5	1852.0967333333333	1850.9462	
1850.8761666666683	0.9950000000001182	BehavioralEpochs																-0.9918983161502979
1853.0751666666683	1.0979999999999563	BehavioralEpochs																-1.0311009184643183
1853.2484666666667	3.3644298784731745	trials	1.0	1.0		1.0	1855.0594666666666	1854.8611666666684	1854.6964786652416	1854.6973	1837.383601	1.5535020000002078	0.8	1855.0593816723426	1.5	1856.1128	1854.6962666666666	
1854.8611666666684	1.6589999999998781	BehavioralEpochs																-0.8298590422512007
1857.2712	4.1582297386894425	trials	1.0	0.25		1.0	1859.8716333333334	1859.6901666666683	1859.4967153811597	1859.4972333333333	1842.2000999999998	1.5579009999999016	0.8	1859.8715179715252	1.5	1860.9294	1859.4965666666667	
1857.6301666666684	1.0699999999999363	BehavioralEpochs																-0.7708144535563122
1859.6901666666683	1.6040000000000418	BehavioralEpochs																-0.8371143903424922
1862.0942333333332	3.2688267011519656	trials	1.0		0.25	-1.0	1862.8119	1862.6421666666683	1862.5799371521798	1862.5805333333333	1846.1336999999999	2.5519010000000435	0.8	1862.811138970004	0.0	1864.863	1862.5798	
1862.6421666666683	1.0090000000000146	BehavioralEpochs																-0.8832323495407195
1864.4181666666684	0.9420000000000073	BehavioralEpochs																-0.7374273649463134
1866.3337666666666	2.9958293626709747	trials	1.0	1.0		1.0	1867.7748	1867.6261666666685	1867.4297766771704	1867.4305666666667	1850.100201	1.5549020000000837	0.8	1867.7746798273738	1.5	1868.8295333333333	1867.4296	
1866.5151666666684	0.38799999999991996	BehavioralEpochs																-0.31326799414526363
1867.6261666666685	1.349999999999909	BehavioralEpochs																-0.7025144542261046
1869.9833	2.4631283118189913	trials	1.0	0.0625		1.0	1870.8880333333334	1870.7341666666684	1870.629806906166	1870.6305	1853.217001	1.5585020000000895	0.8	1870.887909663291	1.5	1871.9463333333333	1870.6296666666667	
1870.7341666666684	1.155999999999949	BehavioralEpochs																-0.964380214777151
1873.1037333333334	3.626030214181583	trials	1.0	0.125		1.0	1875.1653666666666	1874.9721666666685	1874.812846631963	1874.8134666666667	1857.5003009999998	1.5645019999999477	0.8	1875.1652493740128	1.5	1876.2297333333333	1874.8126666666667	
1873.4151666666685	0.7809999999999491	BehavioralEpochs																-1.1807947330721333
1874.9721666666685	1.905999999999949	BehavioralEpochs																-0.6657506758334648
1877.3876666666667	2.8085290599874497	trials	1.0	0.0625		1.0	1878.6382	1878.4071666666684	1877.9628722087332	1877.9634666666666	1860.9667009999998	1.5581019999999626	0.8	1878.638078714302	1.5	1879.6961333333334	1877.9627666666668	
1878.4071666666684	1.1829999999999927	BehavioralEpochs																-0.6959353669473103
1880.8473	2.3825271213365795	trials	1.0	1.0		1.0	1881.665	1881.5191666666683	1881.4293063809494	1881.4297666666666	1864.0003	1.5649009999999635	0.8	1881.6649089640277	1.5	1882.7297333333333	1881.4292	
1881.5191666666683	0.734000000000151	BehavioralEpochs																-0.6363034990802419
1883.8876333333333	3.4750289547655484	trials	1.0	0.0		1.0	1885.8049333333333	1885.6281666666684	1885.579246941468	1885.5797666666667	1868.1330999999998	1.5578009999996993	0.8	1885.804848756315	1.5	1886.8626	1885.5790666666667	
1884.0911666666684	0.7880000000000109	BehavioralEpochs																-0.9440561857335013
1885.6281666666684	0.5799999999999272	BehavioralEpochs																-0.4120586608614758
1888.0312666666666	5.514761307436629	trials	1.0	0.25		1.0	1891.9917	1891.7621666666685	1891.5962050051085	1891.5967333333333	1874.3164009999998	1.5544019999999819	0.8	1891.9916092574072	1.5	1893.0459666666666	1891.5960666666667	
1888.3681666666685	0.8519999999998618	BehavioralEpochs																-1.127389830716936
1889.6181666666685	1.316000000000031	BehavioralEpochs																-0.6832548860279815
1891.7621666666685	1.5509999999999309	BehavioralEpochs																-0.8021389884725068
1894.2303333333334	3.8487303488898306	trials	1.0	0.125		1.0	1896.5240333333334	1896.3761666666685	1896.1292473203105	1896.1297333333334	1878.849401	1.5551020000000335	0.8	1896.5239502276042	1.5	1897.5789333333332	1896.1291	
1894.6671666666684	1.1109999999998763	BehavioralEpochs																-0.8882520636556421
1896.3761666666685	1.2010000000000218	BehavioralEpochs																-0.7085655357189182
1898.7557666666667	4.0901305965126085	trials	1.0	0.0		1.0	1901.2891666666667	1901.1571666666684	1900.3626779015299	1900.3633666666667	1883.6162009999998	1.5568019999998342	0.8	1901.2890843785833	1.5	1902.3458666666668	1900.3625333333334	
1899.0871666666685	0.7749999999998636	BehavioralEpochs																-1.0893783793493697
1901.1571666666684	1.3489999999999327	BehavioralEpochs																-0.8557028909411599
1903.5234	2.472128275756404	trials	1.0	0.0625		1.0	1904.4356	1904.3061666666683	1904.2460076804523	1904.2467	1886.765801	1.5600020000001678	0.8	1904.4355096946313	1.5	1905.4954	1904.2458333333334	
1904.3061666666683	1.20900000000006	BehavioralEpochs																-0.9566606012660941
1906.6595333333332	3.8863293918223007	trials	1.0	0.0		1.0	1908.9853333333333	1908.7471666666684	1908.7793488197776	1908.78	1891.3161	1.560600999999906	0.8	1908.985250324004	1.5	1910.0457666666666	1908.7792333333334	
1907.0761666666683	1.1690000000000964	BehavioralEpochs																-0.9317084093204642
1908.7471666666684	1.275000000000091	BehavioralEpochs																-0.7339449864411449
1910.9591666666684	1.2570000000000618	BehavioralEpochs																-0.9952093352673046
1911.2222666666667	3.6732291555481424	trials	-1.0		0.25	1.0	1913.3474	1912.9981666666683	1912.7792786012678	1912.7799333333332	1895.6656999999998	1.5482009999998354	0.8	1913.3472829550594	1.5	1914.3954333333334	1912.7791666666667	
1912.9981666666683	1.4350000000001728	BehavioralEpochs																0.41416115079485394
1915.571	3.6248300940137597	trials	1.0	0.25		1.0	1917.6380333333334	1917.4861666666684	1917.3625138850136	1917.3632666666667	1899.966001	1.5579020000000128	0.8	1917.6379160195002	1.5	1918.6957666666667	1917.3623666666667	
1915.9741666666685	0.7680000000000291	BehavioralEpochs																-0.8600186333311228
1917.4861666666684	1.69399999999996	BehavioralEpochs																-0.8021297024197906
1919.8718333333334	3.673830147856961	trials	1.0	1.0		1.0	1921.9869666666666	1921.7641666666684	1921.8286483259014	1921.8292333333334	1904.315801	1.5588020000000142	0.8	1921.9868495379947	1.5	1923.0455666666667	1921.8285333333333	
1920.2921666666684	0.9059999999999491	BehavioralEpochs																-0.846575554274068
1921.7641666666684	1.5899999999999181	BehavioralEpochs																-0.9725646489850988
1924.2224666666666	2.256527674745257	trials	1.0	0.25		1.0	1924.9286	1924.6731666666685	1924.7787729963134	1924.7795666666666	1907.2491009999999	1.5505020000000513	0.8	1924.9284746996175	1.5	1925.9789666666666	1924.7786	
1924.6731666666685	1.3659999999999854	BehavioralEpochs																-0.9385863186721792
1927.1521	3.7434292672298852	trials	1.0	0.25		1.0	1929.3433333333332	1929.2201666666685	1929.145415051839	1929.1462	1911.6655999999998	1.552300999999943	0.8	1929.3432165454697	1.5	1930.3955	1929.1452666666667	
1927.6201666666684	0.8840000000000146	BehavioralEpochs																-0.9949399390221743
1929.2201666666685	1.0619999999998981	BehavioralEpochs																-0.928568854811715
1931.5664333333334	2.612328566413453	trials	1.0	0.125		1.0	1932.6296666666667	1932.5071666666684	1932.1285390497403	1932.1295333333333	1914.948801	1.549201999999923	0.8	1932.6295441447764	1.5	1933.6787333333334	1932.1284	
1932.5071666666684	1.2770000000000437	BehavioralEpochs																-0.5933876963852924
1934.8131666666684	1.2619999999999436	BehavioralEpochs																-1.2407461929424528
1934.8441666666668	4.867860456296967	trials	1.0	1.0		1.0	1938.1516	1938.0411666666685	1937.8453027061755	1937.8458666666668	1920.4820009999999	1.5605020000000422	0.8	1938.1515063832596	1.5	1939.2119666666667	1937.8452	
1936.3861666666685	1.0550000000000637	BehavioralEpochs																-0.7144300613222185
1938.0411666666685	1.7519999999999527	BehavioralEpochs																-1.3851775188377644
1940.3957333333333	3.566229976794375	trials	-1.0		0.25	1.0	1942.4121333333333	1941.2161666666684	1941.0122381697654	1941.0128333333334	1924.7319009999999	1.5499019999999746	0.8	1942.4120491511728	1.5	1943.4618333333333	1941.0120666666667	
1941.2161666666684	2.240000000000009	BehavioralEpochs																0.7257955918212247
1944.6447666666666	2.450702000000092	trials	1.0	0.0		1.0	1945.5463666666667	1945.3991666666684	1945.1121666666666	1945.1128	1927.8654009999998	1.549201999999923	0.8	1945.5462666666665	1.5	1946.5954333333334	1945.1120333333333	
1945.3991666666684	1.2360000000001037	BehavioralEpochs																-0.7395304455417602
1947.7702666666667	2.1585274582359943	trials	1.0	0.125		1.0	1948.3768	1948.2201666666685	1948.3119730556932	1948.3124666666668	1930.6987009999998	1.5521020000001045	0.8	1948.3766738187908	1.5	1949.4287666666667	1948.3118	
1948.2201666666685	1.5059999999998581	BehavioralEpochs																-1.0345189100900143
1950.5965	3.265528572326957	trials	1.0	1.0		1.0	1952.3152333333333	1952.2041666666685	1952.0784125124542	1952.0791333333334	1934.6318999999999	1.5469009999999344	0.8	1952.3151145110357	1.5	1953.3620333333333	1952.0782666666667	
1950.7301666666685	1.0549999999998363	BehavioralEpochs																-0.8375653514403325
1952.2041666666685	1.446999999999889	BehavioralEpochs																-0.8345968365586884
1954.5443333333333	2.334026891055828	trials	1.0	0.125		1.0	1955.3187333333333	1955.1761666666685	1955.211840737906	1955.2124333333334	1937.6481999999999	1.5597009999999045	0.8	1955.3186419226374	1.5	1956.3782333333334	1955.2116666666666	
1955.1761666666685	0.6870000000001255	BehavioralEpochs																-0.7373642220052261
1957.1041666666686	0.19499999999993634	BehavioralEpochs																0.06299493410409696
1957.5492666666667	5.679361510882018	trials	1.0	0.0625		1.0	1961.6786	1961.3731666666686	1961.0285031236574	1961.0291	1943.9984009999998	1.5501019999999244	0.8	1961.6785099347187	1.5	1962.7285333333334	1961.0283333333334	
1957.8781666666684	1.1110000000001037	BehavioralEpochs																-0.8564824883417259
1959.3511666666684	1.0389999999999873	BehavioralEpochs																-0.688410813833741
1961.3731666666686	1.112999999999829	BehavioralEpochs																-0.4603373087460625
1963.9115333333334	5.949831872082996	trials	1.0	0.125		1.0	1968.3024666666668	1968.0891666666685	1967.8449530816965	1967.8457	1950.631101	1.5590020000001914	0.8	1968.302355378158	1.5	1969.3613	1967.8447666666666	
1964.1791666666684	1.275000000000091	BehavioralEpochs																-0.9400483054846802
1965.6741666666685	1.5470000000000255	BehavioralEpochs																-0.857767995762174
1968.0891666666685	0.6929999999999836	BehavioralEpochs																-0.5925517930675994
1968.9901666666685	0.6399999999998727	BehavioralEpochs																0.5578176759286748
1970.5507666666667	2.3939279198120857	trials	1.0	0.125		1.0	1971.3914	1971.2401666666685	1971.0451720197493	1971.0457	1953.714401	1.5534020000000055	0.8	1971.3912757671237	1.5	1972.4446	1971.0450333333333	
1971.2401666666685	1.3540000000000418	BehavioralEpochs																-0.7233427771821823
1973.6294	2.248826624733738	trials	1.0	0.25		1.0	1974.3164	1974.1301666666684	1974.1285056871661	1974.1290333333334	1956.6479	1.5619010000000344	0.8	1974.3163078271175	1.5	1975.3782	1974.1284	
1974.1301666666684	1.1130000000000564	BehavioralEpochs																-0.8269834532902962
1976.5547333333334	5.656660320560377	trials	1.0		0.25	-1.0	1979.6576666666667	1979.3971666666685	1979.5113643390855	1979.512	1962.981	2.554301000000123	0.2	1979.657065867036	0.0	1981.7113	1979.5112	
1976.7941666666684	2.0240000000001146	BehavioralEpochs																-1.7667494040099712
1979.3971666666685	1.1739999999999782	BehavioralEpochs																-0.8148984072822714
1981.8411666666684	0.5990000000001601	BehavioralEpochs																-0.4033936693697058
1982.9119	6.732859852378624	trials	1.0		0.0625	-1.0	1987.0839333333333	1985.0841666666686	1984.6949153206333	1984.6956333333333	1970.4143009999998	2.5615020000000186	0.2	1987.083235842377	0.0	1989.1446333333333	1984.6947	
1983.0351666666684	1.20900000000006	BehavioralEpochs																-0.7034605269485326
1985.0841666666686	0.6139999999998054	BehavioralEpochs																-0.21608959365434544
1986.8421666666684	0.9080000000001291	BehavioralEpochs																-0.14383166754976173
1990.4011666666686	0.9900000000000091	BehavioralEpochs																-0.5653900447442766
1990.6705666666667	3.0907292664091983	trials	-1.0		1.0	1.0	1992.2126666666666	1992.1011666666684	1991.9611780524385	1991.9619333333333	1974.5308009999999	1.5487020000000484	0.2	1992.2125802703083	1.5	1993.2612333333334	1991.961	
1992.1011666666684	0.49300000000016553	BehavioralEpochs																0.43296395970034496
1993.0141666666684	0.1610000000000582	BehavioralEpochs																0.01177437990463659
1994.449	2.6290020000001277	trials	-1.0		1.0	1.0	1995.5168	1995.2831666666684	1995.1448	1995.1453	1977.847501	1.5613020000000688	0.2	1995.5167000000001	1.5	1996.5779666666667	1995.1446666666666	
1995.2831666666684	1.1110000000001037	BehavioralEpochs																0.5833869096819342
1997.7624	5.2486599366231985	trials	-1.0		0.125	1.0	2001.4504333333334	2001.1921666666685	2000.8444346078268	2000.8452333333332	1983.7804999999998	1.5607010000001083	0.2	2001.4503414114872	1.5	2002.511	2000.8443333333332	
1998.2901666666685	0.7270000000000891	BehavioralEpochs																-0.5472873179952558
1999.4211666666686	0.8479999999999563	BehavioralEpochs																0.12112232691194436
2001.1921666666685	1.5090000000000146	BehavioralEpochs																0.2775703214290388
2003.6994666666667	2.4616271291488374	trials	-1.0		1.0	1.0	2004.6084666666666	2004.5241666666684	2004.3948740481271	2004.3955666666666	1986.9305	1.55270100000007	0.2	2004.6083763143647	1.5	2005.6610333333333	2004.3946666666666	
2004.5241666666684	0.9460000000001401	BehavioralEpochs																0.5235058070664422
2005.7111666666685	0.21900000000005093	BehavioralEpochs																0.022085738986959313
2006.7581666666686	1.9739999999999327	BehavioralEpochs																0.7681405792128544
2006.8398	4.921331182986023	trials	-1.0		0.125	1.0	2010.2117333333333	2009.8101666666685	2009.3447148538864	2009.3452	1992.530501	1.549502000000075	0.2	2010.2116199945444	1.5	2011.2611	2009.3445666666667	
2009.8101666666685	1.5119999999999436	BehavioralEpochs																0.4016866511652779
2012.0121666666685	1.219000000000051	BehavioralEpochs																0.9415694531763563
2012.4610333333333	3.3834295961798944	trials	1.0	0.25		1.0	2014.2834666666668	2014.1471666666685	2013.8943450238164	2013.8952	1996.613801	1.561102000000119	0.2	2014.2833481966331	1.5	2015.3444	2013.8941666666667	
2014.1471666666685	0.5340000000001055	BehavioralEpochs																-0.4291721153321362
2014.9981666666686	0.17699999999990723	BehavioralEpochs																-0.0766515148541771
2016.5478666666668	2.429928121237481	trials	-1.0		1.0	1.0	2017.4089	2017.2511666666685	2017.0941725393448	2017.0948333333333	1999.747101	1.5690020000001823	0.2	2017.4087759212675	1.5	2018.4777666666666	2017.0939666666666	
2017.2511666666685	1.0910000000001219	BehavioralEpochs																0.46007283754332207
2018.8421666666686	0.2079999999998563	BehavioralEpochs																0.21392065161612095
2019.6487	2.762327641792808	trials	-1.0		0.25	1.0	2020.8462333333334	2020.6021666666686	2020.3610068699786	2020.3615	2003.1803	1.5649009999999635	0.2	2020.8461115486627	1.5	2021.9109333333333	2020.3608333333334	
2020.6021666666686	0.5639999999998508	BehavioralEpochs																0.4947134459776237
2021.7431666666685	0.9020000000000437	BehavioralEpochs																0.30845308725469067
2023.1048333333333	2.7893277266584846	trials	1.0	0.0625		1.0	2024.3251333333333	2024.1331666666686	2024.0609424945385	2024.0614666666668	2006.6634	1.569101000000046	0.2	2024.3250450251044	1.5	2025.3940333333333	2024.0608333333332	
2023.2681666666685	0.28700000000003456	BehavioralEpochs																-0.10143166805062265
2024.1331666666686	1.2829999999999018	BehavioralEpochs																-0.4847945712897399
2025.8421666666686	0.17799999999988358	BehavioralEpochs																0.026942711692669263
2026.5836666666667	8.326863373148853	trials	-1.0		0.25	1.0	2033.3402333333333	2033.0901666666684	2031.677504210798	2031.6781	2015.6797009999998	1.5704019999998309	0.2	2033.340116465082	1.5	2034.4104666666667	2031.6774	
2027.0871666666685	1.2200000000000273	BehavioralEpochs																-0.6669637359646572
2028.5481666666685	2.4200000000000728	BehavioralEpochs																-0.8080842292095269
2033.0901666666684	1.1040000000000418	BehavioralEpochs																0.44015156633344077
2035.4401666666686	0.29099999999994	BehavioralEpochs																0.21909032059178912
2035.6287333333332	3.1818293491662644	trials	-1.0		0.0625	1.0	2037.2444666666668	2036.7821666666684	2036.2443386247205	2036.2451333333333	2019.579701	1.5662019999999757	0.2	2037.2443472202165	1.5	2038.3105333333333	2036.2441666666666	
2036.7821666666684	0.8790000000001328	BehavioralEpochs																0.3173477239918441
2039.5067666666666	4.320559424084649	trials	-1.0	0.25		-1.0	2041.2507333333333	2040.9491666666686	2040.8608846641016	2040.8614	2024.5964009999998	2.577301999999918	0.2	2041.249989835656	0.0	2043.3272666666667	2040.8607666666667	
2039.7571666666686	0.5829999999998563	BehavioralEpochs																-0.20665214642298224
2040.9491666666686	1.224999999999909	BehavioralEpochs																0.8620462651601315
2043.1101666666686	0.7489999999997963	BehavioralEpochs																0.19007829916108676
2044.5227333333332	4.2210294990954935	trials	1.0		0.0625	-1.0	2046.1654333333333	2046.0341666666686	2045.210537977179	2045.2110333333333	2029.5128	2.579101000000037	0.2	2046.164644419013	0.0	2048.2437333333332	2045.2103666666667	
2046.0341666666686	0.5219999999999345	BehavioralEpochs																-0.2848661322364592
2048.9391666666684	0.7020000000002256	BehavioralEpochs																0.29143861581607666
2049.459766666667	6.950662577237836	trials	1.0	0.0625		1.0	2054.8403	2051.4311666666686	2050.1439726297394	2050.1446666666666	2037.1794009999999	1.570201999999881	0.2	2054.840213558975	1.5	2055.9104	2050.1438	
2051.4311666666686	0.6610000000000582	BehavioralEpochs																0.25079892086901623
2054.6711666666683	1.0330000000003565	BehavioralEpochs																-0.5288087661982956
2056.5731666666684	1.768000000000029	BehavioralEpochs																-0.8717040824708704
2057.1091333333334	3.701430067716501	trials	-1.0		1.0	1.0	2059.2310666666667	2059.1471666666685	2059.027247878278	2059.028	2041.579501	1.57960200000025	0.2	2059.230949422934	1.5	2060.3105333333333	2059.0270666666665	
2059.1471666666685	0.5150000000003274	BehavioralEpochs																0.40648461446465944
2061.504966666667	7.08866259022534	trials	-1.0		1.0	1.0	2067.0255333333334	2066.8131666666686	2066.8604124422504	2066.8609333333334	2049.362501	1.5682020000001557	0.2	2067.0254138525975	1.5	2068.0935666666664	2066.8602666666666	
2061.7291666666683	1.0820000000003347	BehavioralEpochs																-0.6699885770042329
2063.0061666666684	3.2590000000000146	BehavioralEpochs																-0.9870369476915641
2066.8131666666686	0.7339999999999236	BehavioralEpochs																1.1609550391540893
2069.3045333333334	3.639028913941729	trials	-1.0		0.0625	1.0	2071.3762666666667	2071.1811666666686	2070.877245397154	2070.877933333333	2053.7124000000003	1.5674009999997907	0.2	2071.376149224102	1.5	2072.4434666666666	2070.8771	
2069.5231666666687	0.8049999999998363	BehavioralEpochs																-0.4370382822666272
2071.1811666666686	0.9149999999999636	BehavioralEpochs																0.39048415012163673
2072.4111666666686	0.2880000000000109	BehavioralEpochs																0.26468818270871
2073.6500666666666	3.310128553177492	trials	1.0		0.25	-1.0	2074.399933333333	2074.2251666666684	2074.177271055063	2074.1779	2057.7290000000003	2.561001000000033	0.2	2074.399172902152	0.0	2076.4601333333335	2074.1771	
2074.2251666666684	0.9520000000002256	BehavioralEpochs																-1.0082040395658112
2075.7851666666684	1.111000000000331	BehavioralEpochs																-0.624180028758559
2077.4611666666688	1.4510000000000218	BehavioralEpochs																0.24149999406699862
2077.6546	3.722530004107739	trials	-1.0		1.0	1.0	2079.8116333333332	2079.691166666669	2079.5600143341835	2079.5606	2062.1459010000003	1.5656020000001263	0.2	2079.8115162261993	1.5	2080.877033333333	2079.5599	
2079.691166666669	1.4719999999997526	BehavioralEpochs																0.6990977238230016
2082.0855333333334	2.941428972966605	trials	-1.0		0.125	1.0	2083.462666666667	2083.3371666666685	2082.726639212288	2082.7272	2065.795701	1.5644019999999728	0.2	2083.4625459605686	1.5	2084.5269333333335	2082.7265	
2083.3371666666685	0.8029999999998836	BehavioralEpochs																0.4307868795546881
2085.720566666667	2.4228278771720397	trials	-1.0		0.0	1.0	2086.5726	2086.2931666666686	2086.4765747412607	2086.4772	2068.9121010000003	1.5709019999999327	0.2	2086.572475765538	1.5	2087.6433333333334	2086.4764333333333	
2086.2931666666686	0.8789999999999054	BehavioralEpochs																0.45786459070049546
2088.8415	4.201829589515	trials	-1.0		0.25	1.0	2091.4763333333335	2091.3591666666684	2091.2600164557393	2091.260533333333	2073.8120000000004	1.5671010000000933	0.2	2091.4762179267877	1.5	2092.5432666666666	2091.2598333333335	
2089.2601666666687	1.462999999999738	BehavioralEpochs																0.45260824248614995
2091.3591666666684	1.5820000000003347	BehavioralEpochs																0.5219872637294429
2093.740533333333	3.53575648155811	trials	-1.0		0.25	1.0	2095.6999666666666	2095.6101666666686	2095.459860312267	2095.460466666667	2078.0449000000003	1.57640100000026	0.2	2095.6998640783017	1.5	2096.7762	2095.459733333333	
2093.8201666666687	0.987999999999829	BehavioralEpochs																0.4647340392141359
2095.6101666666686	1.293999999999869	BehavioralEpochs																0.6214280740582012
2097.9891	3.487228790005247	trials	-1.0		1.0	1.0	2099.9094	2099.8281666666685	2099.676713448727	2099.6774333333333	2082.2449	1.567000999999891	0.2	2099.909315302349	1.5	2100.9762666666666	2099.6765	
2098.0961666666685	0.8389999999999418	BehavioralEpochs																-0.2959989161597889
2099.8281666666685	0.831000000000131	BehavioralEpochs																0.4280614886703802
2102.1719333333335	2.7544286025554356	trials	-1.0		0.25	1.0	2103.3544333333334	2103.084166666669	2102.9101404630137	2102.9108	2085.6949010000003	1.572001999999884	0.2	2103.354344753185	1.5	2104.426233333333	2102.9099333333334	
2103.084166666669	0.9049999999997453	BehavioralEpochs																0.48891985963129514
2105.6232666666665	3.5535297511110002	trials	-1.0		1.0	1.0	2107.614466666667	2107.4071666666687	2107.459981010394	2107.4607333333333	2089.945301	1.56240200000002	0.2	2107.614382216183	1.5	2108.6766666666667	2107.4598666666666	
2106.1031666666686	0.7759999999998399	BehavioralEpochs																0.3652372500432648
2107.4071666666687	0.7640000000001237	BehavioralEpochs																0.6554631001467897
2109.8916	5.768031661636996	trials	-1.0		1.0	1.0	2114.0970333333335	2113.892166666669	2113.7262197192226	2113.7267333333334	2096.428101	1.5627019999997174	0.2	2114.096921625527	1.5	2115.1595333333335	2113.7260666666666	
2110.2951666666686	2.7739999999998872	BehavioralEpochs																1.2033450543361823
2113.892166666669	1.2449999999998909	BehavioralEpochs																0.5733153551529995
2116.373633333333	3.7857570719984324	trials	-1.0	0.0625		-1.0	2117.5960333333333	2117.3601666666686	2116.8596405317335	2116.8604	2100.9278	2.5640009999997346	0.2	2117.595351428571	0.0	2119.6593	2116.8594333333335	
2117.3601666666686	0.6320000000000618	BehavioralEpochs																0.5764645436846934
2118.9721666666687	0.18299999999999272	BehavioralEpochs																0.061350138732166215
2120.4271666666687	0.7319999999999709	BehavioralEpochs																0.3755456520806888
2120.8747	4.518230702851724	trials	-1.0	0.0625		-1.0	2122.8236666666667	2122.5411666666687	2121.8263060452437	2121.8270666666667	2106.161301	2.5698019999995267	0.8	2122.823112377631	0.0	2124.8928	2121.8261666666667	
2122.5411666666687	0.3989999999998872	BehavioralEpochs																0.3464298709887146
2125.3551666666685	0.36200000000008004	BehavioralEpochs																-0.15192828279819537
2126.121833333333	2.7044260635138926	trials	1.0	0.125		1.0	2127.257833333333	2127.0111666666685	2126.7596390084173	2126.7604	2109.5946010000002	1.5685020000000804	0.8	2127.2577434404643	1.5	2128.3262	2126.759466666667	
2127.0111666666685	0.8330000000000837	BehavioralEpochs																-0.5188613383351139
2128.1441666666688	0.600999999999658	BehavioralEpochs																0.23537905286355
2129.7491666666688	0.3419999999996435	BehavioralEpochs																-0.021239300528236527
2129.868066666667	2.9914289780035688	trials	1.0	0.125		1.0	2131.292066666667	2131.1151666666688	2130.8926759070373	2130.8933666666667	2113.627801	1.5675020000003315	0.8	2131.2919795081298	1.5	2132.3594333333335	2130.892566666667	
2131.1151666666688	2.806999999999789	BehavioralEpochs																-0.7471149980743235
2133.5642	5.694961260783202	trials	1.0	0.0625		1.0	2137.7107333333333	2134.8281666666685	2134.509609837771	2134.510333333333	2120.0274010000003	1.5485020000000986	0.8	2137.710643147171	1.5	2138.7590333333333	2134.5094	
2134.8281666666685	1.1179999999999382	BehavioralEpochs																0.23049236410176377
2137.4731666666685	1.413000000000011	BehavioralEpochs																-0.9739846313030966
2139.9708666666666	3.788129020156248	trials	1.0	1.0		1.0	2142.210866666667	2142.0021666666685	2142.0093817452216	2142.0102666666667	2124.5272	1.548200999999608	0.8	2142.2107832349548	1.5	2143.2589333333335	2142.0091666666667	
2140.0671666666685	1.143000000000029	BehavioralEpochs																-0.9152408455018701
2142.0021666666685	1.8470000000002074	BehavioralEpochs																-0.7891901320519707
2144.4773	2.5156269599910956	trials	1.0	0.0625		1.0	2145.4329	2145.1241666666688	2145.026205664427	2145.0269333333335	2127.7611	1.5601010000000315	0.8	2145.432809860376	1.5	2146.4928	2145.0260333333335	
2145.1241666666688	1.1790000000000873	BehavioralEpochs																-0.6372589044478616
2147.6551666666687	2.382000000000062	BehavioralEpochs																-1.2464211213665521
2147.7074333333335	4.818431028266787	trials	1.0	0.0625		1.0	2150.976633333333	2150.5501666666687	2150.57575061329	2150.576233333333	2133.294001	1.5493019999998978	0.8	2150.9765530278933	1.5	2152.025833333333	2150.5756	
2150.5501666666687	1.3110000000001492	BehavioralEpochs																-0.5198506073186877
2153.2404666666666	3.3020294207112784	trials	1.0	1.0		1.0	2154.9845666666665	2154.8371666666685	2154.8091796935723	2154.8098666666665	2137.310601	1.5580019999997603	0.8	2154.984481149311	1.5	2156.0424666666668	2154.809	
2153.4351666666685	0.7450000000003456	BehavioralEpochs																-0.9316073345414679
2154.8371666666685	1.2510000000002037	BehavioralEpochs																-0.906586247598824
2157.2545	2.55482813955814	trials	1.0	0.125		1.0	2158.2642	2158.1001666666684	2157.742504992991	2157.7432	2140.577401	1.5452020000002449	0.8	2158.2641103297624	1.5	2159.3093	2157.742333333333	
2158.1001666666684	1.081000000000131	BehavioralEpochs																-0.7203082119403916
2160.5124333333333	2.3297274779306463	trials	1.0	0.125		1.0	2161.2850333333336	2161.1571666666687	2161.0588393088365	2161.059566666667	2143.610201	1.5572019999999611	0.8	2161.284941781496	1.5	2162.3421	2161.0586333333335	
2161.1571666666687	1.3989999999998872	BehavioralEpochs																-0.9955648535762975
2163.560466666667	2.531926981005654	trials	-1.0		1.0	1.0	2164.5472666666665	2164.296166666669	2164.12607247055	2164.1268333333333	2146.8604	1.5452009999999063	0.8	2164.5471767916515	1.5	2165.5923	2164.1258666666668	
2164.296166666669	1.5989999999997053	BehavioralEpochs																0.47059413227088953
2166.8089	2.2502009999998336	trials	1.0	0.125		1.0	2167.5042	2167.3911666666686	2167.4088	2167.4095	2149.8271	1.55500099999972	0.8	2167.5041	1.5	2168.5590333333334	2167.4086333333335	
2167.3911666666686	1.8859999999999673	BehavioralEpochs																-0.841228635966047
2169.7874	3.4214294705498105	trials	1.0	0.0625		1.0	2171.6604333333335	2171.4061666666685	2171.4920136862897	2171.4928666666665	2153.9768010000003	1.5485020000000986	0.8	2171.660315037576	1.5	2172.7088	2171.4918333333335	
2169.9841666666684	1.218000000000302	BehavioralEpochs																-0.8539265808879293
2171.4061666666685	1.6840000000001965	BehavioralEpochs																-0.7574751476392976
2173.9390333333336	7.38619283208709	trials	1.0	0.0625		1.0	2179.7772	2179.6451666666685	2179.3588999844233	2179.3594333333335	2162.093101	1.5481019999997443	0.8	2179.7771051273226	1.5	2180.8251	2179.3587666666667	
2174.0871666666685	1.4900000000002365	BehavioralEpochs																-0.815902600321607
2175.8531666666686	1.206000000000131	BehavioralEpochs																-0.8474195791661998
2177.7281666666686	0.88799999999992	BehavioralEpochs																-0.7029945399875146
2179.6451666666685	1.155999999999949	BehavioralEpochs																-0.7438903689819085
2182.0707333333335	3.3544293998720605	trials	1.0		1.0	-1.0			2182.8089393631967	2182.8094	2166.193001	2.545901999999842	0.8	2182.8792399374306	0.0	2184.9250666666667	2182.8087333333333	
2182.7661666666686	1.305000000000291	BehavioralEpochs																-0.49242683186548675
2184.899166666669	0.83199999999988	BehavioralEpochs																-0.745364444165233
2186.1515666666664	2.5070010000004004	trials	1.0	0.125		1.0	2187.1040666666668	2186.9891666666686	2186.7256666666663	2186.7263666666668	2169.4264000000003	1.5546009999998205	0.8	2187.1039666666666	1.5	2188.1585	2186.7255333333333	
2186.9891666666686	1.26299999999992	BehavioralEpochs																-1.2558642230216321
2189.388066666667	2.2874262422360516	trials	1.0	0.0		1.0	2190.1281	2189.881166666669	2189.892272230683	2189.8930666666665	2172.4433	1.5475009999995564	0.8	2190.1279748317115	1.5	2191.1754333333333	2189.8921	
2189.881166666669	1.0679999999997563	BehavioralEpochs																-0.7879207558352732
2192.2811666666685	0.9940000000001419	BehavioralEpochs																-0.7944457557419184
2192.4087	3.250029235186048	trials	1.0	0.125		1.0	2194.1008333333334	2193.8681666666685	2193.7417111706095	2193.742366666667	2176.426501	1.5580019999997603	0.8	2194.1007141790483	1.5	2195.1586666666667	2193.7415333333333	
2193.8681666666685	1.1020000000003165	BehavioralEpochs																-1.0067469760113568
2196.386433333333	6.071761412907108	trials	1.0	1.0		1.0	2200.913466666667	2200.7791666666685	2200.6083746455306	2200.609	2183.2259010000002	1.5448020000003453	0.8	2200.913377630021	1.5	2201.9581333333335	2200.608166666667	
2196.9241666666685	2.981999999999971	BehavioralEpochs																-0.7587411568300411
2200.7791666666685	1.2540000000003602	BehavioralEpochs																-0.7498776462895194
2203.1995	2.4421276736366053	trials	-1.0		1.0	1.0	2204.0974	2203.9021666666686	2203.7255055297987	2203.7260333333334	2186.409301	1.5443019999997887	0.8	2204.097309438505	1.5	2205.1416	2203.7253	
2203.9021666666686	1.0799999999999272	BehavioralEpochs																0.4573205308597039
2206.3702333333335	2.4881278184889197	trials	1.0	0.25		1.0	2207.3013333333333	2207.1811666666686	2206.925439094522	2206.926	2189.626001	1.5571019999997588	0.8	2207.301242994117	1.5	2208.3582333333334	2206.9252666666666	
2207.1811666666686	1.2650000000003274	BehavioralEpochs																-0.766719362610047
2209.5825666666665	4.225930412481375	trials	-1.0	0.0		-1.0	2211.2622666666666	2211.042166666669	2210.8752753580216	2210.8759666666665	2194.576101	2.547002000000248	0.8	2211.2614779546034	0.0	2213.308433333333	2210.8751	
2209.700166666669	0.8150000000000546	BehavioralEpochs																-0.8939266485931512
2211.042166666669	0.544999999999618	BehavioralEpochs																0.5065534378528582
2212.8191666666685	1.0650000000000546	BehavioralEpochs																-0.7513131236726167
2214.5404	3.017827818461228	trials	1.0	0.0		1.0	2216.0	2215.785166666669	2215.0250043065216	2215.0255666666667	2198.3258	1.5583010000000286	0.8	2215.99991297022	1.5	2217.0581333333334	2215.0248333333334	
2215.785166666669	1.1089999999999236	BehavioralEpochs																-0.6804048730996044
2218.291333333333	3.4834295771047437	trials	-1.0		0.125	1.0	2220.2319666666667	2219.9901666666688	2219.758344947156	2219.7589	2202.542301	1.5429019999996854	0.8	2220.231848695721	1.5	2221.2747	2219.7581666666665	
2218.4131666666685	0.9130000000000109	BehavioralEpochs																-0.7132168301008335
2219.9901666666688	0.9529999999999745	BehavioralEpochs																0.3616101796181681
2222.5018666666665	3.623129647559381	trials	1.0	1.0		1.0	2224.5834	2224.263166666669	2224.3249805785754	2224.325533333333	2206.8925010000003	1.5417019999999866	0.8	2224.583282549639	1.5	2225.6249666666668	2224.3248	
2222.955166666669	0.7719999999999345	BehavioralEpochs																-0.5751808180853857
2224.263166666669	2.4159999999997126	BehavioralEpochs																-0.9061718725426147
2226.8701	2.4878277368588897	trials	1.0	0.25		1.0	2227.8150333333333	2227.5381666666685	2227.3747052201984	2227.3752	2210.1254010000002	1.5430019999998876	0.8	2227.8149097741643	1.5	2228.8579	2227.3746	
2227.5381666666685	1.3880000000003747	BehavioralEpochs																-0.5265644758997325
2230.0922333333333	2.5825270070590705	trials	1.0	0.0625		1.0	2231.1293333333333	2230.910166666669	2230.6083385307147	2230.608833333333	2213.4422	1.5455010000000584	0.8	2231.1292437764346	1.5	2232.174666666667	2230.608166666667	
2230.910166666669	0.9130000000000109	BehavioralEpochs																-0.5732369332685607
2233.4022666666665	6.172160297805476	trials	1.0		0.0625	-1.0			2236.1082926642744	2236.108833333333	2220.3418	2.5494010000002163	0.8	2237.0250014713724	0.0	2239.0743666666667	2236.108166666667	
2233.8241666666686	0.7640000000001237	BehavioralEpochs																-0.7447308142538702
2235.008166666669	0.5279999999997926	BehavioralEpochs																-0.42197458239078856
2236.6551666666687	1.0670000000000073	BehavioralEpochs																-0.3947429115913508
2238.3221666666686	0.31300000000010186	BehavioralEpochs																-0.08687994287086553
2239.6301666666686	1.1510000000002947	BehavioralEpochs																-0.7084441993082748
2240.3414333333335	2.799628332590146	trials	1.0	0.25		1.0	2241.594633333333		2241.2414417985838		2223.908401	1.546502000000146	0.8	2241.594545119783	1.5	2242.640966666667	2241.2413	
2241.419166666669	1.018000000000029	BehavioralEpochs																-0.8743630060848204
2243.885366666667	3.489329578618708	trials	-1.0		1.0	1.0	2245.8196666666668	2245.7241666666687	2245.5747800192858	2245.5754333333334	2228.142001	1.5551019999998061	0.8	2245.819581954127	1.5	2246.8746333333333	2245.5746	
2244.256166666669	0.7999999999997272	BehavioralEpochs																-0.8385994933343852
2245.7241666666687	1.3350000000000364	BehavioralEpochs																0.38608868836342936
2248.1028	3.605129625937934	trials	1.0	0.25		1.0	2250.1463	2250.0051666666686	2249.9744143420926	2249.975066666667	2232.475201	1.5617019999999684	0.8	2250.1462156585976	1.5	2251.2078333333334	2249.9742333333334	
2248.6231666666686	0.66800000000012	BehavioralEpochs																-1.036550080977321
2250.0051666666686	1.5529999999998836	BehavioralEpochs																-0.9031192279483093
2252.4527333333335	2.1714268822806844	trials	1.0	1.0		1.0	2253.0660333333335		2252.974339310392		2235.3914010000003	1.5582020000006196	0.8	2253.0659403600444	1.5	2254.1240666666667	2252.9742	
2252.9051666666687	1.5239999999998872	BehavioralEpochs																-0.9459053615811683
2255.1811666666686	0.6430000000000291	BehavioralEpochs																-0.8783808896625374
2255.3616666666667	3.029327729677334	trials	1.0	0.125		1.0	2256.8195666666666		2256.4081759006804		2239.1582000000003	1.5715009999998983	0.8	2256.8194795298728	1.5	2257.890933333333	2256.4079666666667	
2256.6081666666687	1.4090000000001055	BehavioralEpochs																-0.7542857689053051
2259.1394	6.834862069008977	trials	1.0	0.25		1.0	2264.400633333333	2264.2821666666687	2264.074543373102	2264.0750333333335	2246.741401	1.5737020000001394	0.8	2264.400546238218	1.5	2265.4742	2264.0743666666667	
2259.495166666669	0.6709999999998217	BehavioralEpochs																-0.7120486870406637
2260.7311666666687	0.9650000000001455	BehavioralEpochs																-1.0082287464255728
2262.0431666666686	0.14400000000023283	BehavioralEpochs																-0.05546245296838492
2262.7501666666685	0.6620000000002619	BehavioralEpochs																-0.6105206834160981
2264.2821666666687	1.1520000000000437	BehavioralEpochs																-0.6168574129272599
2266.7249666666667	3.332626860516484	trials	1.0	0.25		1.0	2268.4990666666667	2268.3361666666688	2268.124377105899	2268.125	2250.824701	1.5586020000000644	0.8	2268.498979900337	1.5	2269.5575	2268.1242333333334	
2266.957166666669	0.4849999999996726	BehavioralEpochs																0.15610789646112266
2268.3361666666688	1.0019999999999527	BehavioralEpochs																-0.8203960361526583
2270.745166666669	0.7480000000000473	BehavioralEpochs																-0.7328727786651825
2271.1934	8.130863050994776	trials	1.0	0.0		1.0	2277.7545666666665	2274.4431666666687	2273.9744208814354	2273.975	2260.091301	1.5698019999995267	0.8	2277.7544492639695	1.5	2278.8242	2273.9742333333334	
2272.325166666669	0.8780000000001564	BehavioralEpochs																-0.7674841257816922
2274.4431666666687	0.8279999999999745	BehavioralEpochs																-0.2705028028565266
2277.703166666669	1.1279999999997017	BehavioralEpochs																-0.47063192072337756
2279.9511666666685	1.4950000000003456	BehavioralEpochs																-1.165292901091533
2280.072166666667	3.8685289269787972	trials	1.0	0.125		1.0	2282.3826	2282.2591666666685	2281.9574802767793	2281.957966666667	2264.7077	1.5582009999998263	0.8	2282.382483344884	1.5	2283.440633333333	2281.9573666666665	
2282.2591666666685	1.3320000000003347	BehavioralEpochs																-0.8959048985997526
2284.6896	3.7176574961226834	trials	1.0	0.0		1.0	2286.8330333333333	2286.6211666666686	2286.4409261432934	2286.4416	2269.1742010000003	1.5743019999999888	0.8	2286.832931995044	1.5	2287.907166666667	2286.4407333333334	
2284.991166666669	0.9089999999996508	BehavioralEpochs																-0.6708864379302781
2286.6211666666686	0.6580000000003565	BehavioralEpochs																-0.4442837274177691
2287.6351666666687	0.13400000000001455	BehavioralEpochs																0.007394171962829432
2288.069166666669	0.3769999999999527	BehavioralEpochs																0.23788041190564968
2289.155566666667	2.4687019999996664	trials	1.0	0.25		1.0	2290.055066666667	2289.8221666666686	2289.690866666667	2289.6916	2272.391201	1.5693019999998796	0.8	2290.0549666666666	1.5	2291.1241666666665	2289.690666666667	
2289.8221666666686	1.2570000000000618	BehavioralEpochs																-0.7668145092210352
2292.348166666669	1.1889999999998508	BehavioralEpochs																-0.7824011492371596
2292.3544666666667	3.969258082374381	trials	1.0	0.0		1.0	2294.7629	2294.6141666666686	2294.224193084374	2294.2249	2277.0906010000003	1.5609020000001692	0.8	2294.762800694459	1.5	2295.8236666666667	2294.224	
2294.6141666666686	0.8500000000003638	BehavioralEpochs																-0.6199458991572158
2297.072833333333	2.267801999999847	trials	1.0	0.0		1.0	2297.7687333333333	2297.622166666669	2297.6574333333333	2297.6579333333334	2280.107501	1.572001999999884	0.8	2297.768633333333	1.5	2298.8406333333332	2297.6573	
2297.622166666669	1.0700000000001637	BehavioralEpochs																-0.8129102115520368
2300.0906333333332	2.3166271744366895	trials	1.0	0.0625		1.0	2300.8445666666667	2300.667166666669	2300.707240033905	2300.7078666666666	2283.174101	1.5628019999999196	0.8	2300.8444415248528	1.5	2301.9072333333334	2300.7071	
2300.667166666669	0.7309999999997672	BehavioralEpochs																-0.6362516328474612
2301.721166666669	0.23099999999976717	BehavioralEpochs																0.08757457765653953
2303.1481666666687	4.09900000000016	BehavioralEpochs																-1.1982084093623655
2303.158066666667	9.799094591911398	trials	1.0		0.0625	-1.0	2309.8742		2309.8736301222084		2293.7239010000003	2.564202000000023	0.8	2310.392935029135	0.0	2312.4571333333333	2309.8734666666664	
2308.1661666666687	0.9760000000001128	BehavioralEpochs																-0.8595883902641219
2310.2401666666688	0.7359999999998763	BehavioralEpochs																-0.7081245895682002
2311.892166666669	0.2199999999997999	BehavioralEpochs																-0.04561388892690843
2313.7411666666667	3.3327291992918617	trials	1.0	1.0		1.0	2315.507666666667	2315.310166666669	2315.1406780884527	2315.141166666667	2297.8406010000003	1.566302000000178	0.8	2315.5075810828457	1.5	2316.5738333333334	2315.140533333333	
2313.8581666666687	0.7840000000001055	BehavioralEpochs																-0.49001759206322504
2315.310166666669	1.4849999999996726	BehavioralEpochs																-0.8128390923869802
2317.8255	2.2815270667679215	trials	1.0	1.0		1.0	2318.5478	2318.4001666666686	2318.423506570201	2318.4241333333334	2300.873701	1.5593019999996613	0.8	2318.5477079347816	1.5	2319.6069333333335	2318.423366666667	
2318.4001666666686	1.481999999999971	BehavioralEpochs																-1.0121507583582456
2320.4141666666687	1.9459999999999127	BehavioralEpochs																-0.5222185270893078
2320.8594333333335	3.9972299634123374	trials	1.0	1.0		1.0	2323.296333333333	2323.1121666666686	2322.957048007612	2322.9578	2305.623301	1.5604020000000673	0.8	2323.296250380569	1.5	2324.3566	2322.9569	
2323.1121666666686	2.09900000000016	BehavioralEpochs																-1.3094839200185788
2325.6242666666667	2.4990266181675906	trials	1.0	1.0		1.0	2326.5619666666666	2326.337166666669	2326.157072128593	2326.1577666666667	2308.8899	1.5614009999999325	0.8	2326.561876278345	1.5	2327.6232	2326.156933333333	
2326.337166666669	1.2669999999998254	BehavioralEpochs																-0.8141930020558448
2328.8759	5.163730098486212	trials	1.0	1.0		1.0	2332.473033333333	2332.3241666666686	2332.173418582071	2332.1740666666665	2314.8062	1.566700999999739	0.8	2332.4729202698136	1.5	2333.539566666667	2332.1733	
2329.288166666669	0.9779999999996107	BehavioralEpochs																-0.8564052843811396
2330.596166666669	0.9109999999996035	BehavioralEpochs																-0.4584994807476619
2332.3241666666686	0.6640000000002146	BehavioralEpochs																-0.826445625771953
2333.276166666669	0.5210000000001855	BehavioralEpochs																0.23887826118919975
2334.791133333333	3.9818580678993385	trials	-1.0		0.25	1.0	2337.207966666667	2336.748166666669	2336.540057959658	2336.5407666666665	2319.539501	1.5651020000000244	0.8	2337.207867362974	1.5	2338.272966666667	2336.5399333333335	
2335.0701666666687	0.9120000000002619	BehavioralEpochs																-0.961224724022884
2336.748166666669	1.40099999999984	BehavioralEpochs																0.3841200406044436
2339.5257	3.5641295658733725	trials	1.0		0.125	-1.0	2340.5203666666666	2340.301166666669	2340.2570056561017	2340.2577	2323.8563010000003	2.5703020000000834	0.8	2340.5195076863583	0.0	2342.5898	2340.2568	
2340.301166666669	0.7539999999999054	BehavioralEpochs																-0.5836942951370361
2343.609166666669	0.8479999999999563	BehavioralEpochs																-0.7832208483181375
2343.8355333333334	3.0380287124066854	trials	-1.0		1.0	1.0	2345.3094333333333	2345.191166666669	2345.023643780005	2345.0243666666665	2327.640001	1.564202000000023	0.8	2345.3093462920956	1.5	2346.3734666666664	2345.0234666666665	
2345.191166666669	0.7970000000000255	BehavioralEpochs																0.3347328797610203
2347.626566666667	4.963029849289796	trials	-1.0		1.0	1.0	2351.035	2350.877166666669	2350.7064845697314	2350.707	2333.356	1.5547010000000228	0.2	2351.0348864786783	1.5	2352.0895666666665	2350.7063333333335	
2348.0121666666687	0.7590000000000146	BehavioralEpochs																-0.8660640889794422
2349.210166666669	0.7859999999996035	BehavioralEpochs																0.2972247061634903
2350.877166666669	4.045999999999822	BehavioralEpochs																-1.3157695017512765
2353.361	3.8121566592349154	trials	-1.0		0.25	1.0	2355.6143333333334	2355.500166666669	2355.306728408527	2355.3073	2337.9395	1.558900999999878	0.2	2355.6142328982332	1.5	2356.6731	2355.3065666666666	
2355.500166666669	1.1299999999996544	BehavioralEpochs																0.40802840896344605
2357.9270666666666	2.3961020000001554	trials	1.0	1.0		1.0	2358.7644666666665	2358.611166666669	2358.5063666666665	2358.506966666667	2341.089501	1.5588019999995595	0.2	2358.764366666667	1.5	2359.8231	2358.5061666666666	
2358.611166666669	1.268999999999778	BehavioralEpochs																-0.8814441355905274
2361.059366666667	3.71382961211566	trials	-1.0		0.125	1.0	2363.2158	2361.6481666666687	2361.5395702369538	2361.5403	2345.539501	1.5575020000001132	0.2	2363.215682698756	1.5	2364.2732	2361.5394	
2361.6481666666687	2.044000000000324	BehavioralEpochs																0.42826904607977667
2364.0681666666687	1.0289999999999964	BehavioralEpochs																-0.0710148398346746
2365.5427	2.529927684544873	trials	-1.0		0.25	1.0	2366.501333333333	2366.252166666669	2366.056205213251	2366.0569666666665	2348.838901	1.5714019999995799	0.2	2366.5012097310637	1.5	2367.5726	2366.0561	
2366.252166666669	1.4279999999998836	BehavioralEpochs																0.33674969054970916
2368.8260333333333	3.9801578328701908	trials	1.0	0.25		1.0	2371.2442666666666	2371.056166666669	2370.923162751452	2370.9239333333335	2353.572401	1.5620020000001205	0.2	2371.2441672544396	1.5	2372.3060666666665	2370.923	
2369.348166666669	0.8730000000000473	BehavioralEpochs																-0.27209684061938333
2371.056166666669	1.5339999999996508	BehavioralEpochs																-1.0475540727248926
2373.5785	3.92752898740855	trials	1.0		0.0625	-1.0	2374.9459	2374.795166666669	2374.0560034026694	2374.0565666666666	2358.2722000000003	2.560801000000083	0.2	2374.945209739117	0.0	2377.0059666666666	2374.0558333333333	
2374.795166666669	2.4349999999999454	BehavioralEpochs																-0.8710650867698746
2378.2562333333335	3.349628118761757	trials	-1.0		0.25	1.0	2380.0462333333335		2379.3731423758863		2362.3720000000003	1.559701000000132	0.2	2380.0461478245734	1.5	2381.1057666666666	2379.3729333333335	
2378.3761666666687	0.38599999999996726	BehavioralEpochs																-0.04700550556867711
2379.582166666669	1.849999999999909	BehavioralEpochs																0.4617824969185449
2382.3734666666664	3.849229883069711	trials	1.0		0.125	-1.0	2383.6602		2382.922970647166		2366.988801	2.5633020000000215	0.2	2383.6593759815423	0.0	2385.7226	2382.9228333333335	
2383.531166666669	1.2300000000000182	BehavioralEpochs																-0.899969260490991
2385.600166666669	0.7460000000000946	BehavioralEpochs																-0.6928125143596731
2386.9751	2.3641271430665256	trials	1.0	1.0		1.0	2387.7784	2387.651166666669	2387.456305117734	2387.456866666667	2370.105301	1.5609020000001692	0.2	2387.778308542318	1.5	2388.8392	2387.456166666667	
2387.651166666669	1.2100000000000364	BehavioralEpochs																-0.8110897815469116
2389.091166666669	0.45299999999997453	BehavioralEpochs																0.1577967924904442
2390.1093333333333	5.729760719199021	trials	1.0		0.0625	-1.0	2393.2785	2393.064166666669	2390.822940646457	2390.823533333333	2376.605101	2.561402000000271	0.2	2393.277665802742	0.0	2395.339033333333	2390.822833333333	
2391.301166666669	0.5019999999999527	BehavioralEpochs																-0.09528962197293822
2393.064166666669	0.9540000000001783	BehavioralEpochs																-0.6744853322869631
2396.6146	3.741228622979179	trials	-1.0		0.125	1.0	2398.7998	2398.598166666669	2398.156011380853	2398.1565	2381.1218000000003	1.556101000000126	0.2	2398.7997161335816	1.5	2399.8557666666666	2398.1558333333332	
2396.937166666669	0.7229999999999563	BehavioralEpochs																-0.3154873068114057
2398.598166666669	1.069999999999709	BehavioralEpochs																0.3388977714470798
2401.1292333333336	3.4265281808616237	trials	-1.0		0.25	1.0	2402.9960333333333	2402.299166666669	2401.7059379080306	2401.7065333333335	2385.3217	1.5598009999998794	0.2	2402.995948141009	1.5	2404.055733333333	2401.7058	
2402.299166666669	3.18100000000004	BehavioralEpochs																0.644675934058796
2405.331366666667	4.924230827859446	trials	-1.0		1.0	1.0	2408.6887	2408.5211666666687	2408.3726844714133	2408.3734666666664	2391.021501	1.5670020000002296	0.2	2408.6885863207935	1.5	2409.7555666666667	2408.3725	
2406.2821666666687	1.34900000000016	BehavioralEpochs																0.8030040342731581
2408.5211666666687	0.9039999999999964	BehavioralEpochs																0.6895414590364339
2409.803166666669	0.11200000000008004	BehavioralEpochs																-0.003697875642217241
2411.0252	3.6807569822162804	trials	1.0		0.0	-1.0	2412.1511	2411.785166666669	2411.5894084280026	2411.5901	2395.471801	2.5557020000001103	0.2	2412.150216805216	0.0	2414.205933333333	2411.589233333333	
2411.785166666669	0.9230000000002292	BehavioralEpochs																-0.3356289921731559
2413.4631666666687	0.9080000000003565	BehavioralEpochs																0.3406216877367001
2415.4881666666665	5.0510298397912266	trials	-1.0		0.25	1.0	2418.9801	2418.402166666669	2418.3555830387118	2418.3561	2401.3050000000003	1.5592010000004848	0.2	2418.9799866038593	1.5	2420.0391666666665	2418.355466666667	
2415.970166666669	1.624000000000251	BehavioralEpochs																-0.3401935043973481
2418.402166666669	2.2280000000000655	BehavioralEpochs																0.30791268335411814
2421.3262	3.8790288441828125	trials	1.0		0.125	-1.0	2422.6434	2422.236166666669	2421.9889047569823	2421.9894	2405.971	2.562500999999884	0.2	2422.642709450079	0.0	2424.7051666666666	2421.9888	
2422.236166666669	1.2460000000000946	BehavioralEpochs																-0.4611725983832571
2425.9699333333333	2.5519276446784716	trials	1.0	0.25		1.0	2426.9612666666667	2426.7021666666687	2426.4890385498943	2426.4897333333333	2409.287601	1.5607019999997647	0.2	2426.961143294141	1.5	2428.0218333333332	2426.4889333333335	
2426.7021666666687	1.1730000000002292	BehavioralEpochs																-0.550764358075071
2429.2869666666666	2.6020248896334124	trials	1.0	1.0		1.0	2430.3308	2430.161166666669	2430.005672989021	2430.0063666666665	2412.654701	1.5583019999994576	0.2	2430.3306758480244	1.5	2431.388966666667	2430.0055	
2430.161166666669	1.80600000000004	BehavioralEpochs																-0.7222221171376759
2432.813166666669	0.49399999999968713	BehavioralEpochs																-0.10921133186906218
2433.0762	3.162628780151863	trials	1.0	0.0		1.0	2434.6819333333333	2434.422166666669	2433.7887060332782	2433.789333333333	2417.0045010000003	1.557002000000466	0.2	2434.681813595834	1.5	2435.738733333333	2433.7885	
2434.422166666669	1.3989999999998872	BehavioralEpochs																-0.4088770910599351
2437.0127333333335	3.175828831943363	trials	1.0		0.25	-1.0			2437.5384377749056	2437.539	2420.954201	2.5546019999997043	0.2	2437.633938581773	0.0	2439.6884666666665	2437.5383	
2437.457166666669	1.1320000000000618	BehavioralEpochs																-0.9870314158503106
2439.201166666669	1.1619999999998072	BehavioralEpochs																-0.6980930542303554
2440.9580666666666	2.813727085394021	trials	-1.0		1.0	1.0	2442.2135	2441.560166666669	2441.572172359894	2441.5726666666665	2424.5374	1.5584010000002309	0.2	2442.213378304362	1.5	2443.2717	2441.571966666667	
2441.560166666669	2.2910000000001673	BehavioralEpochs																0.5610127463373829
2444.462166666669	0.25300000000015643	BehavioralEpochs																-0.06524687119809869
2444.5536	3.068128581604924	trials	1.0	0.125		1.0	2446.0598333333332	2445.6951666666687	2445.4888081024415	2445.4893666666667	2428.387301	1.5620020000001205	0.2	2446.059713048639	1.5	2447.121633333333	2445.4886333333334	
2445.6951666666687	1.5900000000001455	BehavioralEpochs																-0.5978149487306723
2448.4010333333335	3.7041296021789094	trials	-1.0	0.0		-1.0	2449.5469333333335	2449.044166666669	2448.8885369660798	2448.8893333333335	2432.8707010000003	2.5591020000001663	0.2	2449.5460418656294	0.0	2451.6051	2448.8884333333335	
2449.044166666669	1.0770000000002256	BehavioralEpochs																0.3149205134565136
2451.661166666669	0.7469999999998436	BehavioralEpochs																-0.5926326489359326
2452.8742666666667	3.5806567995405203	trials	-1.0		0.125	1.0	2454.8924	2454.727166666669	2454.5550923905726	2454.5556	2437.220401	1.5626019999999698	0.2	2454.89229755127	1.5	2455.9549	2454.5549333333333	
2453.0881666666687	0.8000000000001819	BehavioralEpochs																-0.8016524886555771
2454.091166666669	0.12199999999984357	BehavioralEpochs																-0.008429886861904379
2454.727166666669	0.680000000000291	BehavioralEpochs																0.40085968090090773
2455.822166666669	0.10399999999981446	BehavioralEpochs																0.010906823527648157
2457.2303333333334	4.44103030358292	trials	-1.0		0.0625	1.0	2460.1060333333335	2458.3361666666688	2457.755336679286	2457.7559	2442.4368010000003	1.5654020000001765	0.2	2460.1059516602295	1.5	2461.1712666666667	2457.7551333333336	
2458.3361666666688	0.6089999999999236	BehavioralEpochs																-0.17541476234100628
2459.754166666669	1.106000000000222	BehavioralEpochs																0.44864207571276893
2461.287166666669	0.9270000000001346	BehavioralEpochs																-0.2843819413891424
2462.4605666666666	3.144228680600463	trials	-1.0		0.25	1.0	2464.0394666666666	2463.569166666669	2463.0886719965038	2463.0892	2446.370201	1.5654020000001765	0.2	2464.039380063812	1.5	2465.104766666667	2463.088566666667	
2463.569166666669	1.52599999999984	BehavioralEpochs																0.40237068190663194
2466.3888	4.032928990511664	trials	-1.0		0.125	1.0	2468.866233333333	2467.102166666669	2466.8551032363744	2466.8559	2451.1871	1.5556010000000242	0.2	2468.8661171938006	1.5	2469.9216333333334	2466.8549333333335	
2467.102166666669	0.43499999999994543	BehavioralEpochs																-0.21335182384643758
2468.527166666669	1.1779999999998836	BehavioralEpochs																0.5124747304575976
2471.191533333333	2.696626784314958	trials	-1.0		0.125	1.0	2472.3254666666667	2472.156166666669	2471.7215384010788	2471.7222	2454.6535000000003	1.5628010000000359	0.2	2472.3253441744832	1.5	2473.388066666667	2471.721433333333	
2472.156166666669	0.7950000000000728	BehavioralEpochs																0.5136235949671573
2474.215166666669	0.8789999999999054	BehavioralEpochs																0.4816970158486811
2474.6776666666665	2.810127859993372	trials	-1.0		0.25	1.0	2475.9245666666666	2475.803166666669	2475.6383755075185	2475.639166666667	2458.2531010000002	1.5633020000000215	0.2	2475.9244781403563	1.5	2476.9877666666666	2475.6381666666666	
2475.803166666669	3.286000000000058	BehavioralEpochs																1.1658373003679117
2478.2999	4.304430260240679	trials	1.0		0.0	-1.0	2480.0378333333333	2479.824166666669	2479.6885091167533	2479.6891666666666	2463.3696010000003	2.567102000000432	0.2	2480.0372114061174	0.0	2482.1043	2479.6883666666668	
2479.824166666669	1.4710000000000036	BehavioralEpochs																-0.7639212523804986
2483.061166666669	0.06399999999985084	BehavioralEpochs																-0.004910858572827692
2483.377033333333	4.27775812787786	trials	1.0		0.0625	-1.0	2485.0744666666665	2484.776166666669	2483.9548409146673	2483.955466666667	2468.420001	2.581101999999646	0.2	2485.0736555944814	0.0	2487.1547	2483.9547333333335	
2484.776166666669	0.9190000000003238	BehavioralEpochs																-0.5978691305065809
2486.337166666669	0.6549999999997453	BehavioralEpochs																0.5698120916611629
2488.160166666669	0.7420000000001892	BehavioralEpochs																-0.4893286965467496
2488.458	8.529762044382096	trials	1.0		0.0	-1.0	2494.4064	2494.286166666669	2489.571407968253	2489.5721	2477.7529	2.5822009999997135	0.2	2494.4055425643837	0.0	2496.4877333333334	2489.5712	
2494.286166666669	0.775000000000091	BehavioralEpochs																-0.7480864377097873
2497.773366666667	3.6645294716772696	trials	-1.0		0.25	1.0	2499.8642	2499.485166666669	2498.354671024499	2498.3554	2482.2030010000003	1.573801999999887	0.2	2499.8640823400206	1.5	2500.9379	2498.354533333333	
2499.485166666669	0.9229999999997744	BehavioralEpochs																0.31148284149111305
2502.2198	2.851428070914608	trials	-1.0		0.125	1.0	2503.504033333333	2503.256166666669	2502.970906867451	2502.9714	2485.8363010000003	1.5673020000003817	0.2	2503.503911740772	1.5	2504.5712	2502.970766666667	
2503.256166666669	3.7730000000001382	BehavioralEpochs																1.8750953132178552
2505.865533333333	4.07225788885944	trials	1.0	1.0		1.0	2508.361066666667	2507.9811666666687	2507.68765834071	2507.6883666666668	2490.702801	1.5768020000000433	0.8	2508.360967581403	1.5	2509.4377	2507.6875	
2507.9811666666687	1.5020000000004075	BehavioralEpochs																-0.4662199738474442
2510.7231	3.647828346474853	trials	1.0	0.125		1.0	2512.7873	2512.506166666669	2512.4043126034544	2512.405	2495.1359	1.5837010000000191	0.8	2512.7872154739416	1.5	2513.8708666666666	2512.4041666666667	
2510.930166666669	0.88799999999992	BehavioralEpochs																-0.6576884305433168
2512.506166666669	2.0109999999999673	BehavioralEpochs																-0.7274943332327553
2515.169533333333	2.5845275744422906	trials	1.0	0.25		1.0	2516.169733333333	2515.852166666669	2515.7544391210986	2515.7550333333334	2498.519001	1.5844019999999546	0.8	2516.1696432296308	1.5	2517.254	2515.7543	
2515.852166666669	1.3630000000002838	BehavioralEpochs																-0.6732081333515794
2518.5381666666667	3.882929621175208	trials	1.0	0.0		1.0	2520.8505666666665	2520.638166666669	2520.2210786380415	2520.2216333333336	2503.186001	1.5706019999997807	0.8	2520.8504831153036	1.5	2521.9210333333335	2520.2209333333335	
2518.6061666666687	1.175000000000182	BehavioralEpochs																-0.7894156564308901
2520.638166666669	1.2290000000002692	BehavioralEpochs																-0.6916440466972631
2523.2241	2.5302274105229117	trials	1.0	1.0		1.0	2524.188	2523.912166666669	2523.9541073313044	2523.9546333333333	2506.519201	1.5664019999999255	0.8	2524.1879096793305	1.5	2525.2542333333336	2523.953933333333	
2523.912166666669	1.4239999999999782	BehavioralEpochs																-0.8258296195620574
2526.5432333333333	2.493827317272917	trials	1.0	0.0625		1.0	2527.4717333333333	2527.325166666669	2527.154139535238	2527.1546	2509.8019010000003	1.5654020000001765	0.8	2527.4716427585226	1.5	2528.5370333333335	2527.1540333333332	
2527.325166666669	1.3640000000000327	BehavioralEpochs																-0.727437156178155
2529.826666666667	2.3942019999994955	trials	1.0	1.0		1.0	2530.6596666666665	2530.520166666669	2530.4875666666667	2530.4882666666667	2512.985701	1.5613020000000688	0.8	2530.6595666666667	1.5	2531.720766666667	2530.4874333333332	
2530.520166666669	1.0140000000001237	BehavioralEpochs																-0.7620884981936911
2532.723166666669	1.3679999999999382	BehavioralEpochs																-0.8285258066305801
2533.0180666666665	3.602555705192117	trials	1.0	0.25		1.0	2535.0605	2534.848166666669	2534.737292773298	2534.7379	2517.3854	1.560200999999779	0.8	2535.0603976796806	1.5	2536.1205333333332	2534.737166666667	
2534.848166666669	1.2699999999999818	BehavioralEpochs																-0.6570645419513426
2537.343166666669	1.2229999999999563	BehavioralEpochs																-0.7324584618486369
2537.4083333333333	7.778861426554158	trials	1.0		0.0	-1.0	2542.6242	2542.494166666669	2540.8376599725007	2540.8382	2525.9519	2.563800999999785	0.8	2542.6233738440087	0.0	2544.6871333333333	2540.837466666667	
2539.322166666669	0.694999999999709	BehavioralEpochs																-0.5735383657699913
2542.494166666669	1.1219999999998436	BehavioralEpochs																-0.8416622548576811
2544.421166666669	0.7560000000003129	BehavioralEpochs																-0.5995412086889473
2545.9905	5.846460555953399	trials	1.0	0.0625		1.0	2550.2829333333334	2546.723166666669	2546.5707058111234	2546.5712	2532.6016010000003	1.5541020000000572	0.8	2550.2828429904953	1.5	2551.3369	2546.5705333333335	
2546.723166666669	0.7469999999998436	BehavioralEpochs																0.22925353454087372
2549.949166666669	0.9940000000001419	BehavioralEpochs																-0.6422658861589525
2552.6467666666667	2.623501999999462	trials	-1.0		0.25	1.0	2553.7164666666667	2553.369166666669	2553.1539666666667	2553.1545333333333	2536.034901	1.5539020000001074	0.8	2553.7163666666665	1.5	2554.7702	2553.1538	
2553.369166666669	1.6790000000000873	BehavioralEpochs																0.3522912475586395
2556.0551666666665	2.2820267130391585	trials	1.0	0.25		1.0	2556.7747	2556.643166666669	2556.6540731524797	2556.6549	2539.1018010000003	1.5626019999999698	0.8	2556.77457445744	1.5	2557.8372	2556.6539	
2556.643166666669	1.4450000000001637	BehavioralEpochs																-0.9063053955222813
2559.1332	6.020659672601596	trials	1.0	1.0		1.0	2563.5994333333333	2563.200166666669	2563.020237880007	2563.0208333333335	2545.9184	1.5545009999996182	0.8	2563.5993435235137	1.5	2564.6538333333333	2563.0200666666665	
2559.284166666669	3.3530000000000655	BehavioralEpochs																-0.7275727601664812
2563.200166666669	1.473000000000411	BehavioralEpochs																-0.6365842662988825
2565.974166666667	2.962728303564745	trials	1.0	0.0		1.0	2567.3737666666666	2567.211166666669	2566.4536709237805	2566.4544333333333	2549.7014010000003	1.563202000000274	0.8	2567.373679091757	1.5	2568.436833333333	2566.4535333333333	
2567.211166666669	0.7369999999996253	BehavioralEpochs																-0.486781988712778
2568.141166666669	0.12100000000009459	BehavioralEpochs																-0.004050671949642037
2569.7287	3.5414291396759836	trials	1.0	1.0		1.0	2571.7173333333335	2571.580166666669	2571.436913090859	2571.4374666666668	2554.0346010000003	1.5529020000003584	0.8	2571.7172152389494	1.5	2572.7700666666665	2571.4367333333334	
2570.055166666669	0.7800000000002001	BehavioralEpochs																-0.6883030794495539
2571.580166666669	1.125	BehavioralEpochs																-0.7405002338889517
2574.0783333333334	3.67492935889868	trials	1.0	1.0		1.0	2576.1919666666668	2576.0371666666692	2576.0203477911286	2576.0211	2558.517701	1.561402000000271	0.8	2576.1918490679113	1.5	2577.2532333333334	2576.0202	
2574.529166666669	0.7359999999998763	BehavioralEpochs																-0.9048575756057176
2576.0371666666692	2.3029999999998836	BehavioralEpochs																-1.1405656623794584
2578.555766666667	2.54732734931531	trials	1.0	0.25		1.0	2579.5488	2579.289166666669	2579.0702717866816	2579.071066666667	2561.867501	1.5544019999997545	0.8	2579.548676547449	1.5	2580.6031	2579.070166666667	
2579.289166666669	1.6329999999998108	BehavioralEpochs																-0.7438798771363508
2581.9054	2.6815267151719127	trials	1.0	0.0		1.0	2583.024733333333	2582.8451666666692	2582.5870065364365	2582.5877333333333	2565.3513000000003	1.562300999999934	0.8	2583.0246107329517	1.5	2584.0868666666665	2582.5868666666665	
2582.8451666666692	1.1329999999998108	BehavioralEpochs																-0.631700702930516
2585.3813333333333	3.2720276738482426	trials	1.0		0.125	-1.0	2586.0953666666665	2585.9411666666692	2585.9032375879415	2585.9037333333335	2569.4177	2.558600999999726	0.8	2586.0947391490786	0.0	2588.153333333333	2585.9030666666667	
2585.9411666666692	0.8179999999997563	BehavioralEpochs																-0.8503182224520742
2588.034166666669	0.9899999999997817	BehavioralEpochs																-0.6101954010998156
2589.4702666666667	2.7829269536023276	trials	1.0	0.125		1.0	2590.6982	2590.521166666669	2590.136472879712	2590.1370666666667	2573.0175	1.5551009999994676	0.8	2590.698078117248	1.5	2591.7531	2590.1363333333334	
2590.521166666669	1.1269999999999527	BehavioralEpochs																-0.751531925752488
2593.0445	2.3751239654488927	trials	1.0	0.25		1.0	2593.8553	2593.626166666669	2593.5201043984503	2593.5207	2576.1839010000003	1.5644020000004275	0.8	2593.855207497526	1.5	2594.919533333333	2593.5199	
2593.626166666669	1.1859999999996944	BehavioralEpochs																-0.91355903695802
2596.648833333333	3.554329192273144	trials	-1.0		0.125	1.0	2598.6377666666667	2598.291166666669	2598.0365439499656	2598.0373666666665	2580.9674010000003	1.565501999999924	0.8	2598.637648548696	1.5	2599.7031333333334	2598.036433333333	
2597.006166666669	0.5390000000002146	BehavioralEpochs																-0.617675701971848
2598.291166666669	1.0329999999999018	BehavioralEpochs																0.32414465460129804
2601.005866666667	9.097292775967617	trials	1.0		0.125	-1.0	2607.5419666666667	2602.821166666669	2602.5867826153776	2602.5873333333334	2590.8673000000003	2.5620010000002367	0.8	2607.5411325962095	0.0	2609.6031333333335	2602.5866	
2601.293166666669	0.8579999999997199	BehavioralEpochs																-0.6304282790676439
2602.821166666669	1.0340000000001055	BehavioralEpochs																0.23522036252921907
2604.039166666669	0.3389999999999418	BehavioralEpochs																0.1307747682934064
2607.2961666666693	1.1449999999999818	BehavioralEpochs																-0.6357176212719651
2610.9183666666668	2.5347262805216815	trials	1.0	0.125		1.0	2611.893866666667	2611.707166666669	2611.40277149796	2611.4032666666667	2594.2172	1.5593010000002323	0.8	2611.8937763950807	1.5	2612.9529666666667	2611.402666666667	
2611.707166666669	1.2440000000001419	BehavioralEpochs																-0.5222241421865306
2614.2605	3.4090288662287094	trials	1.0		0.0	-1.0	2615.1066	2614.980166666669	2614.7700040153522	2614.7709333333332	2598.433601	2.5635019999999713	0.8	2615.1060066633563	0.0	2617.1694333333335	2614.7698333333333	
2614.980166666669	0.9410000000002583	BehavioralEpochs																-0.652062826221254
2617.4011666666693	0.9269999999996799	BehavioralEpochs																-0.3978986776967872
2618.4901333333332	2.729427740576284	trials	1.0	0.125		1.0	2619.6660333333334	2619.495166666669	2619.0530386419578	2619.0536	2601.983601	1.5536019999999553	0.8	2619.6659444221245	1.5	2620.7195	2619.0529	
2619.495166666669	1.368000000000393	BehavioralEpochs																-0.804760588907186
2621.487166666669	0.15299999999979264	BehavioralEpochs																-0.08390228569646752
2622.0246666666667	3.994629750119657	trials	1.0		0.0625	-1.0	2623.4538666666667	2623.294166666669	2622.536070219314	2622.5365333333334	2606.783301	2.5662019999999757	0.8	2623.453076589625	0.0	2625.5192666666667	2622.5359333333336	
2623.294166666669	0.9170000000003711	BehavioralEpochs																-0.5256812914793159
2626.823	5.063258399073675	trials	1.0	1.0		1.0	2630.3258333333333		2629.919635104664	2629.9202	2612.6502	1.560500999999931	0.8	2630.3257397084244	1.5	2631.3861333333334	2629.9195	
2627.1041666666692	4.533999999999651	BehavioralEpochs																-1.6948853104017871
2632.150166666669	0.125	BehavioralEpochs																-0.0048883057975217525
2632.7037666666665	2.715426622308314	trials	1.0	0.0625		1.0	2633.8531666666668	2633.636166666669	2633.319172473532	2633.3199	2616.1831	1.5661009999998896	0.8	2633.85307751137	1.5	2634.9191333333333	2633.319	
2633.636166666669	1.5480000000002292	BehavioralEpochs																-0.5821293642778755
2636.2364	2.5328020000001743	trials	1.0	0.25		1.0	2637.2059	2637.0551666666693	2636.7862999999998	2636.786866666667	2619.533101	1.563401999999769	0.8	2637.2057999999997	1.5	2638.2691333333332	2636.7861	
2637.0551666666693	1.2519999999999527	BehavioralEpochs																-0.7479829312187007
2639.5908	3.444955756877789	trials	-1.0		1.0	1.0	2641.4798333333333	2641.348166666669	2641.1863248973987	2641.1871666666666	2623.799601	1.5560020000002623	0.8	2641.479729475836	1.5	2642.535733333333	2641.186166666667	
2639.806166666669	1.06899999999996	BehavioralEpochs																-0.8601894740465923
2641.348166666669	0.8610000000003311	BehavioralEpochs																0.5323543525992136
2642.4971666666693	0.10799999999971988	BehavioralEpochs																0.011243850224673224
2643.863066666667	2.489701999999852	trials	1.0	0.125		1.0	2644.7943666666665	2644.667166666669	2644.4194666666667	2644.4201333333335	2627.116601	1.5585019999998622	0.8	2644.7942666666668	1.5	2645.8527	2644.4192666666668	
2644.667166666669	1.0710000000003674	BehavioralEpochs																-0.6023090156974718
2647.1617666666666	4.090457349002463	trials	1.0	0.0625		1.0	2649.6959	2649.201166666669	2648.9522908946983	2648.952766666667	2632.016001	1.5564019999997072	0.8	2649.695800955319	1.5	2650.7521	2648.9521666666665	
2647.2271666666693	1.1839999999997417	BehavioralEpochs																-0.556009441427932
2649.201166666669	1.349999999999909	BehavioralEpochs																-0.4886920053243671
2652.0886333333333	2.330525637139999	trials	1.0	1.0		1.0	2652.8620333333333	2652.6511666666693	2652.585838589536	2652.5864333333334	2635.1829000000002	1.5572010000000773	0.8	2652.8619415083567	1.5	2653.919066666667	2652.585666666667	
2652.6511666666693	2.3409999999998945	BehavioralEpochs																-0.7998830769167853
2655.2417666666665	2.4273010000001705	trials	1.0	1.0		1.0	2656.1127666666666	2655.961166666669	2655.8023666666663	2655.803066666667	2638.4328	1.5564009999998234	0.8	2656.1126666666664	1.5	2657.169	2655.802166666667	
2655.961166666669	1.1449999999999818	BehavioralEpochs																-1.2084666760578102
2657.425166666669	0.07999999999992724	BehavioralEpochs																-0.03078543502078901
2658.495266666667	2.3570255682166135	trials	1.0	0.125		1.0	2659.2967	2659.0841666666693	2658.9858717804395	2658.9864	2641.616	1.5557009999997717	0.8	2659.2965750190233	1.5	2660.3522333333335	2658.9856666666665	
2659.0841666666693	2.6859999999996944	BehavioralEpochs																-1.7933217828613692
2661.6932	3.8089292033337188	trials	1.0		0.0625	-1.0	2662.954366666667	2662.617166666669	2662.352604709462	2662.3533666666667	2646.265801	2.548601999999846	0.8	2662.953509001114	0.0	2665.0021	2662.3524333333335	
2662.617166666669	6.844000000000051	BehavioralEpochs																2.898456873461214
2666.3604333333333	4.008156898362813	trials	-1.0	0.125		-1.0			2667.435948064293	2667.4367	2651.1322010000004	2.558302000000367	0.8	2667.810253191023	0.0	2669.868466666667	2667.4357666666665	
2670.0731666666693	3.606999999999971	BehavioralEpochs																1.4235308807672027
2671.2278	5.391129825408825	trials	1.0	0.0625		1.0	2675.0587333333333		2674.235816083325		2657.3825	1.5603009999999813	0.8	2675.0586204827136	1.5	2676.1188333333334	2674.235633333333	
2674.931166666669	0.34700000000020736	BehavioralEpochs																-0.6803672109491572
2675.632166666669	1.356999999999971	BehavioralEpochs																-0.3057378678506666
2677.293166666669	1.643000000000029	BehavioralEpochs																0.2393018175769157
2677.4620333333332	4.073556329190524	trials	1.0	0.25		1.0	2679.9881666666665	2679.809166666669	2679.585462174864	2679.5859666666665	2662.2991	1.5475010000000111	0.8	2679.9880676432635	1.5	2681.0355	2679.5852666666665	
2679.809166666669	1.2429999999999382	BehavioralEpochs																-0.7688748347602541
2682.3703	5.065230612595315	trials	1.0	0.25		1.0	2685.8715333333334	2685.6041666666692	2685.3851170301705	2685.3856	2668.199001	1.5641019999998207	0.8	2685.871419777209	1.5	2686.9355	2685.3849333333333	
2682.5241666666693	0.9629999999997381	BehavioralEpochs																-0.725571944919011
2683.858166666669	1.0659999999998035	BehavioralEpochs																-0.8531195387416233
2685.6041666666692	1.38799999999992	BehavioralEpochs																-0.8472817041845815
2688.2712333333334	2.3139266998000494	trials	1.0	1.0		1.0	2689.033933333333	2688.815166666669	2688.8852398874906	2688.8859333333335	2671.348601	1.5513019999998505	0.8	2689.033841473725	1.5	2690.0850666666665	2688.8851	
2688.815166666669	1.0540000000000873	BehavioralEpochs																-0.7523093986511071
2691.3939666666665	2.224626252952021	trials	1.0	1.0		1.0	2692.0673666666667	2691.891166666669	2691.9356725723633	2691.9362333333333	2674.382001	1.5513019999998505	0.8	2692.0672740070863	1.5	2693.1185333333333	2691.935466666667	
2691.891166666669	1.6920000000000073	BehavioralEpochs																-1.0868397373054677
2694.4515	4.900430492366013	trials	-1.0		1.0	1.0	2697.7889333333333	2697.4391666666693	2697.1683157962675	2697.1689	2680.1153010000003	1.5631020000000717	0.8	2697.788819404035	1.5	2698.851866666667	2697.168133333333	
2695.030166666669	1.4679999999998472	BehavioralEpochs																-0.19076186729557776
2697.4391666666693	0.6859999999996944	BehavioralEpochs																0.35528857802376024
2698.387166666669	0.13799999999991996	BehavioralEpochs																-0.08088645860749466
2700.1845333333335	4.100256373699722	trials	1.0	0.25		1.0	2702.7224666666666	2702.548166666669	2702.535165078465	2702.5358666666666	2685.0481	1.5624009999996815	0.8	2702.7223676066233	1.5	2703.7847	2702.5349666666666	
2700.619166666669	1.2089999999998327	BehavioralEpochs																-1.1269189348835766
2702.548166666669	1.1410000000000764	BehavioralEpochs																-0.48611043288718747
2704.179166666669	0.38400000000001455	BehavioralEpochs																-0.0744580853799448
2705.121	4.013929671967617	trials	1.0	0.0625		1.0	2707.5805	2707.418166666669	2707.0852135412574	2707.0858333333335	2689.898201	1.554501999999502	0.8	2707.580416955182	1.5	2708.6348333333335	2707.0850666666665	
2705.520166666669	1.0770000000002256	BehavioralEpochs																-0.7987933277375419
2707.418166666669	0.512000000000171	BehavioralEpochs																-0.4288286573467417
2708.192166666669	0.4940000000001419	BehavioralEpochs																0.17993102322208188
2709.954166666669	1.768999999999778	BehavioralEpochs																-1.0146157280175316
2709.956133333333	5.978760386331942	trials	1.0	0.0625		1.0	2714.374566666667	2714.090166666669	2712.518558357015	2712.5191666666665	2696.698101	1.5604020000000673	0.8	2714.3744764812154	1.5	2715.4348	2712.5183666666667	
2714.090166666669	0.9529999999999745	BehavioralEpochs																-0.5032645905479853
2715.311166666669	0.3420000000000982	BehavioralEpochs																0.033217316092247984
2716.7828	4.118529645220406	trials	1.0	1.0		1.0	2719.3307	2719.125166666669	2718.918214333756	2718.9188	2701.664501	1.5707020000004377	0.8	2719.3306171019685	1.5	2720.4012333333335	2718.9180666666666	
2716.8631666666693	0.8699999999998909	BehavioralEpochs																-0.5733279335524912
2719.125166666669	1.66800000000012	BehavioralEpochs																-0.5307611516760176
2721.7487333333333	3.569627956050226	trials	1.0	0.0		1.0	2723.7482666666665	2723.605166666669	2722.30163750859	2722.3024333333333	2706.0815000000002	1.5702009999999973	0.8	2723.748148431919	1.5	2724.8182666666667	2722.301466666667	
2723.605166666669	0.6759999999999309	BehavioralEpochs																-0.35688136053397557
2726.1628666666666	2.5385261379042277	trials	1.0	1.0		1.0	2727.119366666667	2726.865166666669	2726.9347743105277	2726.9354	2709.4645	1.582100999999966	0.8	2727.119276137568	1.5	2728.2013	2726.9346	
2726.865166666669	1.7640000000001237	BehavioralEpochs																-0.7041033458661445
2729.529	5.522059796289341	trials	1.0		0.25	-1.0	2732.4773666666665	2732.023166666669	2732.051426400816	2732.0520666666666	2715.814101	2.574501999999484	0.8	2732.4765308501455	0.0	2734.551	2732.0513	
2729.933166666669	1.425000000000182	BehavioralEpochs																-1.0011489714541995
2732.023166666669	0.6269999999999527	BehavioralEpochs																-0.33655124821848403
2734.7251666666693	0.76299999999992	BehavioralEpochs																-0.3197213313662246
2735.8985666666667	2.6528273822646042	trials	1.0	0.25		1.0	2736.986066666667	2736.664166666669	2736.4349717989935	2736.4356666666667	2719.314401	1.5654020000001765	0.8	2736.9859770710145	1.5	2738.0513	2736.4348	
2736.664166666669	0.6030000000000655	BehavioralEpochs																-0.3523877402402604
2737.940166666669	1.1330000000002656	BehavioralEpochs																0.1195558728864512
2739.3824	2.6189271459652446	trials	1.0	0.0625		1.0	2740.4395	2740.244166666669	2739.901304982333	2739.902	2722.764301	1.561902000000373	0.8	2740.4394101490184	1.5	2741.5012333333334	2739.9011333333333	
2740.244166666669	0.5210000000001855	BehavioralEpochs																-0.3754579592248888
2741.130166666669	9.373000000000047	BehavioralEpochs																-2.530659980012331
2742.8540333333335	10.380093087412206	trials	1.0	0.25		1.0	2751.6698	2751.384166666669	2751.184607238354	2751.185266666667	2733.9970000000003	1.564401000000089	0.8	2751.6697115419765	1.5	2752.734033333333	2751.1844	
2751.384166666669	1.2409999999999854	BehavioralEpochs																-0.5353110280604483
2754.1260333333335	2.6414019999997436	trials	1.0	0.125		1.0	2755.199833333333	2754.972166666669	2754.7181333333333	2754.7186	2737.5303010000002	1.5677020000002813	0.8	2755.1997333333334	1.5	2756.2673666666665	2754.7179666666666	
2754.972166666669	1.0549999999998363	BehavioralEpochs																-0.5443716495884701
2757.600733333333	2.5502270602082717	trials	1.0	0.25		1.0	2758.5785666666666	2758.3191666666694	2758.1179384157304	2758.1186	2740.913801	1.5725019999999859	0.8	2758.578442940951	1.5	2759.6509333333333	2758.1178	
2758.3191666666694	1.461999999999989	BehavioralEpochs																-0.498650169779296
2760.9928666666665	3.45822880153446	trials	1.0		0.0625	-1.0			2761.500870603735	2761.501566666667	2745.213901	2.5659019999998236	0.8	2761.8851735821127	0.0	2763.951	2761.5007666666666	
2761.567166666669	1.1990000000000691	BehavioralEpochs																-0.5653925295114277
2763.433166666669	1.1520000000000437	BehavioralEpochs																-0.7292686792257541
2765.2939	3.373455500205637	trials	1.0	0.0625		1.0	2767.099333333333		2765.884009358645		2749.430101	1.568101999999726	0.8	2767.0992286310147	1.5	2768.1673	2765.8838333333333	
2766.903166666669	1.2899999999999636	BehavioralEpochs																-0.5990471382907003
2769.4975666666664	2.5700010000000475	trials	1.0	0.0		1.0	2770.5062666666668	2770.1581666666693	2770.2178666666664	2770.218533333333	2752.8303	1.5614009999999325	0.8	2770.5061666666666	1.5	2771.5675	2770.2176666666664	
2770.1581666666693	1.3979999999996835	BehavioralEpochs																-0.5767576014842462
2772.9137666666666	2.5870231947769753	trials	1.0	1.0		1.0	2773.9306	2773.712166666669	2773.517171843444	2773.5178333333333	2756.2635	1.5703009999997448	0.8	2773.930475389288	1.5	2775.0007666666666	2773.517066666667	
2773.712166666669	1.2290000000002692	BehavioralEpochs																-0.98580397237032
2776.7991	4.001457036132251	trials	1.0	0.0625		1.0	2779.223233333333	2778.851166666669	2778.66752569837	2778.668133333333	2761.563201	1.5774019999998927	0.8	2779.2231333402106	1.5	2780.3004666666666	2778.6673333333333	
2777.103166666669	1.1330000000002656	BehavioralEpochs																-0.8352480553477903
2778.851166666669	1.331000000000131	BehavioralEpochs																-0.7616410920218755
2781.646166666667	2.671327344661222	trials	1.0	1.0		1.0	2782.7428666666665	2782.3791666666693	2782.1842717720288	2782.1848	2765.080101	1.5747019999998884	0.8	2782.74277707094	1.5	2783.8173666666667	2782.1841	
2782.3791666666693	1.362999999999829	BehavioralEpochs																-0.6545205307807009
2785.1595	3.6080289971114325	trials	1.0		0.125	-1.0	2786.205466666667	2785.891166666669	2785.8005047963247	2785.8011	2769.5301010000003	2.5627019999997174	0.8	2786.204807821526	0.0	2788.2674333333334	2785.800366666667	
2785.891166666669	1.1260000000002037	BehavioralEpochs																-0.8482771458228626
2787.789166666669	1.3780000000001564	BehavioralEpochs																-0.9835095228779096
2789.6143333333334	2.569327066849837	trials	1.0	0.25		1.0	2790.604733333333	2790.3631666666693	2790.1672387275853	2790.1678333333334	2772.946201	1.5790019999999458	0.8	2790.604642994985	1.5	2791.6836333333335	2790.167033333333	
2790.3631666666693	1.224999999999909	BehavioralEpochs																-0.973492150929701
2793.0309666666667	2.7031263548033166	trials	-1.0		1.0	1.0	2794.1569666666664	2793.916166666669	2793.750773418315	2793.7514	2776.4966	1.5772009999996044	0.8	2794.1568772274904	1.5	2795.234	2793.7506	
2793.916166666669	1.1920000000000073	BehavioralEpochs																0.5079553648233173
2796.5847	3.9990284930454436	trials	1.0	0.0		1.0	2799.0193	2798.8391666666694	2798.6673143178305	2798.6680333333334	2781.3462	1.5645009999998365	0.8	2799.0192167371347	1.5	2800.083633333333	2798.6671	
2797.090166666669	0.8350000000000364	BehavioralEpochs																-0.8788303765517753
2798.8391666666694	1.5719999999996617	BehavioralEpochs																-0.5722443897030871
2801.433233333333	2.8336275120868777	trials	1.0	0.0		1.0	2802.687033333333	2802.427166666669	2801.917337691885	2801.9180333333334	2785.029301	1.5799019999994925	0.8	2802.6869446209116	1.5	2803.7667333333334	2801.9171333333334	
2802.427166666669	1.4320000000002437	BehavioralEpochs																-0.7567148500054941
2805.135566666667	2.4316266963437556	trials	1.0	0.125		1.0	2805.9919666666665	2805.8611666666693	2805.6172715590087	2805.618	2788.329601	1.5753019999997377	0.8	2805.9918753636	1.5	2807.0671	2805.617133333333	
2805.8611666666693	1.4719999999997526	BehavioralEpochs																-1.00046016764162
2808.4176	4.516030062076879	trials	1.0	0.0625		1.0	2811.356533333333	2811.0821666666693	2811.0337162562373	2811.0343	2793.6960010000003	1.5772020000003977	0.8	2811.356418261469	1.5	2812.4335333333333	2811.0335666666665	
2808.818166666669	1.530999999999949	BehavioralEpochs																-1.0305084242488647
2811.0821666666693	1.3079999999999927	BehavioralEpochs																-0.6740870216447661
2812.6621666666692	0.5799999999999272	BehavioralEpochs																0.16361332949986718
2813.781933333333	2.501526854954136	trials	1.0	1.0		1.0	2814.719866666667	2814.5151666666693	2814.383839313819	2814.3846	2797.045801	1.563701999999921	0.8	2814.7197426513253	1.5	2815.7834333333335	2814.3837	
2814.5151666666693	1.7460000000000946	BehavioralEpochs																-0.8290251565481981
2817.1367666666665	2.879826761732147	trials	-1.0		1.0	1.0	2818.4445666666666	2817.958166666669	2817.8002726021145	2817.8009333333334	2800.7789000000002	1.5721010000002025	0.8	2818.444478364911	1.5	2819.5165333333334	2817.8001	
2817.958166666669	1.68100000000004	BehavioralEpochs																0.3380385047579466
2819.902166666669	0.3240000000000691	BehavioralEpochs																0.05100227491215037
2820.863	2.520225974492405	trials	-1.0		1.0	1.0	2821.8117	2821.536166666669	2821.3669049935093	2821.3676	2804.1455	1.5716009999996459	0.8	2821.8116094003626	1.5	2822.8832	2821.3667666666665	
2821.536166666669	1.6560000000004038	BehavioralEpochs																0.4276375871464779
2824.2267333333334	9.32319342447181	trials	1.0		0.0	-1.0	2830.9723	2830.7501666666694	2828.7005772044404	2828.7012	2814.312101	2.5784019999996417	0.8	2830.9714994734054	0.0	2833.0499	2828.7004	
2824.5661666666692	1.8380000000001928	BehavioralEpochs																-1.6711609554818097
2826.735166666669	1.5880000000001928	BehavioralEpochs																0.35929829281298
2830.7501666666694	1.587999999999738	BehavioralEpochs																-0.3231292500203722
2834.424433333333	3.2923284639609847	trials	1.0	0.25		1.0	2836.1437333333333	2836.0061666666693	2835.783244255548	2835.7838666666667	2818.478901	1.5731019999998352	0.8	2836.143647152491	1.5	2837.2166666666667	2835.783033333333	
2834.791166666669	0.32900000000017826	BehavioralEpochs																-0.23590512965245125
2836.0061666666693	0.5779999999999745	BehavioralEpochs																-0.42242387941377046
2838.5713666666666	2.6117261064746344	trials	1.0	0.0625		1.0	2839.620266666667	2839.481166666669	2839.099771746215	2839.1005	2821.9452	1.5629009999997834	0.8	2839.6201767488583	1.5	2840.6830666666665	2839.0996333333333	
2839.481166666669	1.4389999999998508	BehavioralEpochs																-0.5061620281744581
2842.0389	2.6445262434231154	trials	1.0	0.0625		1.0	2843.1069	2842.914166666669	2842.6168055164185	2842.6174666666666	2825.4455000000003	1.5766010000002098	0.8	2843.1068101937763	1.5	2844.1833	2842.616666666667	
2842.914166666669	0.6770000000001346	BehavioralEpochs																-0.5164570771137278
2843.9191666666693	0.31300000000010186	BehavioralEpochs																0.11369222727284978
2845.5309333333335	3.78562919248634	trials	1.0	0.0		1.0	2847.7557333333334	2847.4791666666692	2847.533247716123	2847.5337666666665	2830.078601	1.5609019999997145	0.8	2847.7556493136517	1.5	2848.8164666666667	2847.533033333333	
2845.936166666669	0.930000000000291	BehavioralEpochs																-0.6315378981894355
2847.4791666666692	1.4540000000001783	BehavioralEpochs																-0.5170843116437709
2850.1714666666667	5.261430629273491	trials	1.0		0.0625	-1.0	2852.8671	2852.5491666666694	2852.3330784287477	2852.3337333333334	2836.1949010000003	2.5664019999999255	0.2	2852.866481331179	0.0	2854.9328666666665	2852.332933333333	
2850.4121666666692	1.1829999999999927	BehavioralEpochs																-0.7076343797443201
2852.5491666666694	1.0079999999998108	BehavioralEpochs																-0.6225321991250325
2855.9601666666695	1.1199999999998909	BehavioralEpochs																-0.5070335014831926
2856.2974	4.302157494524181	trials	-1.0		0.125	1.0	2859.0233333333335	2858.499166666669	2857.7996193774748	2857.8004	2841.3615010000003	1.5763019999999415	0.2	2859.023235161178	1.5	2860.0995	2857.799433333333	
2858.499166666669	1.9200000000000728	BehavioralEpochs																0.3499573070981228
2861.4656666666665	2.650726244771704	trials	-1.0		0.125	1.0	2862.5513666666666	2862.4191666666693	2861.949571275238	2861.9500666666668	2844.8783000000003	1.5651010000001406	0.2	2862.551277005714	1.5	2863.6163	2861.9493666666667	
2862.4191666666693	0.29100000000016735	BehavioralEpochs																0.29137298661532895
2863.2571666666695	0.07199999999966167	BehavioralEpochs																0.008730636759310073
2864.9657	9.050362791281259	trials	1.0	0.0625		1.0	2872.4468666666667	2865.501166666669	2865.616204369438	2865.6167	2854.777901	1.5693019999994249	0.2	2872.4467502502107	1.5	2873.516	2865.6160333333332	
2865.501166666669	0.9780000000000655	BehavioralEpochs																-0.19549483878267893
2868.461166666669	1.0280000000002474	BehavioralEpochs																-0.3154557439750647
2872.409166666669	0.32600000000002183	BehavioralEpochs																-0.25067345117344075
2873.278166666669	0.4299999999998363	BehavioralEpochs																0.16464648744789656
2874.890766666667	5.825260110520503	trials	-1.0		0.125	1.0	2879.1458	2875.9011666666693	2875.3665714131093	2875.3673	2861.477801	1.5703020000000834	0.2	2879.145709112311	1.5	2880.2159333333334	2875.3664	
2875.9011666666693	0.3229999999998654	BehavioralEpochs																-0.1008736667232597
2878.6121666666695	0.7889999999997599	BehavioralEpochs																0.35017189179257
2879.7251666666693	0.5349999999998545	BehavioralEpochs																0.13572976673816584
2880.570166666669	0.1750000000001819	BehavioralEpochs																-0.06588903670893842
2880.9591666666693	0.3000000000001819	BehavioralEpochs																-0.016789371485003812
2881.573733333333	3.208928046705296	trials	1.0		0.125	-1.0	2882.2099333333335	2881.947166666669	2882.099637602071	2882.1006	2865.544401	2.573601999999937	0.2	2882.2090384900725	0.0	2884.2825666666668	2882.0995	
2881.947166666669	1.8850000000002183	BehavioralEpochs																-0.548684338446094
2884.2251666666693	3.0920000000000982	BehavioralEpochs																-0.9135436448165137
2885.6803666666665	4.2185286826324955	trials	1.0	1.0		1.0	2888.328	2888.1131666666693	2887.9660816658793	2887.9666	2870.6606	1.5710009999997965	0.2	2888.327884040082	1.5	2889.398866666667	2887.9659	
2888.1131666666693	1.5770000000002256	BehavioralEpochs																-0.744665649155138
2890.76	2.5727257565526997	trials	1.0	0.25		1.0	2891.7625333333335	2891.559166666669	2891.2829050317555	2891.2835333333333	2874.0944	1.5703009999997448	0.2	2891.7624096458817	1.5	2892.8326666666667	2891.2827333333335	
2891.559166666669	1.1840000000001965	BehavioralEpochs																-0.5549366429506222
2893.0171666666693	2.6080000000001746	BehavioralEpochs																-1.09731271433526
2894.2240333333334	4.19185710055126	trials	1.0	0.0625		1.0	2896.8406666666665	2896.6141666666695	2896.4157621428712	2896.4165333333335	2879.177501	1.5753019999997377	0.2	2896.840567726798	1.5	2897.9158	2896.4156333333335	
2896.6141666666695	0.6909999999998035	BehavioralEpochs																-0.5148931420935696
2897.6361666666694	0.6439999999997781	BehavioralEpochs																0.16172460538132327
2899.2958	2.5533269436023147	trials	-1.0		1.0	1.0	2900.2722	2899.972166666669	2899.7995049207234	2899.800166666667	2882.610701	1.5770019999999931	0.2	2900.2721095376255	1.5	2901.3490333333334	2899.7993	
2899.972166666669	1.0840000000002874	BehavioralEpochs																0.4145608391235669
2902.707933333333	4.307729676278541	trials	-1.0		0.0625	1.0	2905.4455333333335	2905.048166666669	2904.465844627552	2904.4665	2887.7772010000003	1.570201999999881	0.2	2905.4454509213215	1.5	2906.5156	2904.4656333333332	
2902.9121666666692	1.1159999999999854	BehavioralEpochs																-0.7864985751460267
2905.048166666669	1.9549999999999272	BehavioralEpochs																0.46536365399407487
2907.896166666667	5.669259731769216	trials	-1.0		0.25	1.0	2911.9919	2911.7471666666693	2910.015788251408	2910.0164666666665	2894.326901	1.5736019999994824	0.2	2911.991808373813	1.5	2913.0653	2910.0156333333334	
2908.0731666666693	1.362999999999829	BehavioralEpochs																-0.12046803409975837
2911.7471666666693	0.8290000000001783	BehavioralEpochs																0.3192814281998153
2914.4428333333335	6.039460309456899	trials	-1.0		0.0625	1.0	2918.9189666666666	2918.780166666669	2915.748945943519	2915.7494333333334	2901.2437010000003	1.5634020000002238	0.2	2918.918876548395	1.5	2919.982233333333	2915.7488	
2914.7481666666695	0.5489999999999782	BehavioralEpochs																-0.36050783335764436
2915.9381666666695	0.48099999999976717	BehavioralEpochs																0.09061808299662744
2918.780166666669	0.9470000000001164	BehavioralEpochs																0.24053027925322112
2921.3479	5.867531079141827	trials	-1.0		0.0	1.0	2925.6462333333334	2925.327166666669	2921.982003142579	2921.9827	2907.9768010000003	1.5693019999998796	0.2	2925.6461213017346	1.5	2926.7153333333335	2921.9818666666665	
2922.0311666666694	0.41600000000016735	BehavioralEpochs																-0.09079492233507835
2925.327166666669	1.193000000000211	BehavioralEpochs																0.4144007264468428
2928.0738333333334	2.3747264084900053	trials	-1.0		0.0	1.0	2928.888466666667	2928.751166666669	2928.765540443005	2928.7663333333335	2911.209901	1.5602020000001176	0.2	2928.888341705211	1.5	2929.948533333333	2928.7654333333335	
2928.751166666669	0.27500000000009095	BehavioralEpochs																0.36174926989792766
2931.3168666666666	2.581726001946663	trials	-1.0		0.25	1.0	2932.3517666666667	2932.010166666669	2931.7985713315898	2931.7993333333334	2914.6599	1.5469010000001617	0.2	2932.351676687972	1.5	2933.3985	2931.7984666666666	
2932.010166666669	0.7029999999999745	BehavioralEpochs																0.3702088946263302
2933.3161666666692	0.5350000000003092	BehavioralEpochs																-0.6209171865435223
2934.7589	2.889926619689504	trials	1.0	0.25		1.0	2936.1001	2935.5931666666693	2935.33210508156	2935.3326333333334	2918.4101	1.5488009999999122	0.2	2936.1000118891843	1.5	2937.1487666666667	2935.3319666666666	
2935.5931666666693	1.4549999999999272	BehavioralEpochs																-0.5713989665249528
2937.472166666669	1.4909999999999854	BehavioralEpochs																-0.13925109038694927
2938.5189333333333	3.0462269037302576	trials	-1.0		1.0	1.0	2940.021366666667	2939.8841666666694	2939.715443507913	2939.7159666666666	2922.3264	1.5439009999995505	0.2	2940.0212461083192	1.5	2941.0651333333335	2939.7152666666666	
2939.8841666666694	0.5180000000000291	BehavioralEpochs																0.35195927835354723
2942.438866666667	4.326429723749698	trials	-1.0		1.0	1.0	2945.2197	2945.099166666669	2944.9484827482793	2944.9492666666665	2927.5265010000003	1.5457020000003467	0.2	2945.2195844854987	1.5	2946.2652	2944.9483666666665	
2942.8481666666694	1.1709999999998217	BehavioralEpochs																0.380633206699315
2944.309166666669	0.14600000000018554	BehavioralEpochs																-0.047128059031933844
2945.099166666669	1.1550000000002	BehavioralEpochs																0.5003664574127811
2947.6407	6.307560454756185	trials	-1.0		0.0625	1.0	2952.3870666666667	2950.1091666666694	2948.365206714301	2948.3659	2934.709401	1.5613020000000688	0.2	2952.3869439853943	1.5	2953.4481666666666	2948.3650666666667	
2950.1091666666694	0.35599999999976717	BehavioralEpochs																0.19274827055943433
2950.7551666666695	0.2529999999997017	BehavioralEpochs																-0.05978686618561824
2952.166166666669	0.5940000000000509	BehavioralEpochs																0.2697450364132692
2954.8343666666665	3.980656486996395	trials	-1.0		0.25	1.0	2957.2499	2956.9501666666692	2956.748592868484	2956.7492	2939.576101	1.5652020000002267	0.2	2957.2497997289747	1.5	2958.315	2956.748433333333	
2954.9501666666692	0.443000000000211	BehavioralEpochs																0.5395148613977767
2955.6381666666693	0.3760000000002037	BehavioralEpochs																0.02748411463693401
2956.9501666666692	0.9250000000001819	BehavioralEpochs																0.3955336996345977
2959.704833333333	3.82662803662015	trials	1.0		0.0	-1.0	2960.9558333333334	2960.6701666666695	2960.1817367028416	2960.1825	2944.2925	2.576300999999603	0.8	2960.955142167253	0.0	2963.0313333333334	2960.1815666666666	
2960.6701666666695	1.0859999999997854	BehavioralEpochs																-0.4279533843442209
2962.9871666666695	1.4789999999998145	BehavioralEpochs																-0.4106984289630873
2964.422666666667	2.9419277350480115	trials	1.0	0.125		1.0	2965.7918666666665	2965.4151666666694	2964.9985717045006	2964.9991333333332	2948.125601	1.572802000000138	0.8	2965.7917786432226	1.5	2966.8645666666666	2964.9984	
2965.4151666666694	0.931999999999789	BehavioralEpochs																-0.39730721985557693
2968.2332	2.598126862457775	trials	1.0	1.0		1.0	2969.2633	2969.0081666666692	2968.8316057263705	2968.8321	2951.592301	1.568101999999726	0.8	2969.263209856554	1.5	2970.3312666666666	2968.8314666666665	
2969.0081666666692	1.099999999999909	BehavioralEpochs																-0.5654144011994049
2971.7165333333332	2.8646274916795846	trials	1.0	0.25		1.0	2973.0097333333333		2972.4316396969048		2955.342101	1.5715020000002369	0.8	2973.0096448404433	1.5	2974.081133333333	2972.431466666667	
2972.7191666666695	0.5239999999998872	BehavioralEpochs																-0.3690547552039334
2973.483166666669	0.6090000000003783	BehavioralEpochs																0.14414852304844317
2975.4623666666666	2.969027703642041	trials	-1.0		1.0	1.0	2976.8593666666666		2976.2316733267535		2959.192301	1.5721019999996315	0.8	2976.859278760097	1.5	2977.9313333333334	2976.2315	
2976.550166666669	0.705000000000382	BehavioralEpochs																0.42918338769692355
2977.637166666669	0.48800000000028376	BehavioralEpochs																-0.2081349707739264
2979.3127	4.235528631001671	trials	-1.0	0.125		-1.0	2980.9877	2980.5531666666693	2979.8984038209123	2979.899066666667	2964.3091	2.5613009999997303	0.8	2980.986910921925	0.0	2983.0482	2979.8982666666666	
2980.5531666666693	1.724999999999909	BehavioralEpochs																0.39305334299865535
2984.4223333333334	4.4255576215646215	trials	1.0	1.0		1.0	2987.2811666666666	2987.0561666666695	2986.814363396992	2986.8150333333333	2969.608701	1.566801999999825	0.8	2987.281069262674	1.5	2988.3478666666665	2986.8142333333335	
2984.510166666669	1.75	BehavioralEpochs																0.4305726527618958
2987.0561666666695	1.19399999999996	BehavioralEpochs																-0.501252197402664
2989.7267	4.92103029576856	trials	-1.0	0.0625		-1.0	2992.0783333333334	2991.867166666669	2990.231502902601	2990.232	2975.4085010000003	2.570201999999881	0.8	2992.077513517104	0.0	2994.1476666666667	2990.2313	
2990.5421666666693	0.5500000000001819	BehavioralEpochs																-0.052944307910081534
2991.867166666669	1.1000000000003638	BehavioralEpochs																0.33890502451026805
2995.523833333333	3.1240280040951802	trials	-1.0		0.25	1.0	2997.0841666666665	2996.7711666666696	2996.0815379756104	2996.0823	2979.408601	1.5638020000001234	0.8	2997.0840463203895	1.5	2998.1478333333334	2996.0813333333335	
2996.309166666669	0.15399999999999636	BehavioralEpochs																0.0847776834576166
2996.7711666666696	0.7459999999996398	BehavioralEpochs																0.23371293003918936
2997.7751666666695	0.08300000000008367	BehavioralEpochs																-0.005813870619590489
2999.5283666666664	6.585859829108358	trials	1.0	0.125		1.0	3004.5421333333334	3000.2471666666693	3000.014371007968	3000.015	2986.8749000000003	1.57220099999995	0.8	3004.5420114517456	1.5	3005.6141666666667	3000.0142333333333	
3000.2471666666693	0.8520000000003165	BehavioralEpochs																0.14114034074168558
3004.434166666669	0.3420000000000982	BehavioralEpochs																-0.2569943034014841
3006.9916333333335	3.006126817625045	trials	1.0	0.25		1.0	3008.4348666666665	3008.1831666666694	3007.5478381102066	3007.5486	2990.7584	1.5630009999999857	0.8	3008.4347457272665	1.5	3009.4977	3007.5477333333333	
3008.1831666666694	0.5050000000001091	BehavioralEpochs																-0.3221089399025914
3009.3891666666696	0.2699999999999818	BehavioralEpochs																-0.07672619892764487
3010.8728666666666	5.541559315605355	trials	1.0	0.0625		1.0	3014.8411	3014.5271666666695	3014.080699844855	3014.0812	2997.175001	1.5734019999999873	0.8	3014.841007708618	1.5	3015.914366666667	3014.0805333333333	
3011.3841666666694	1.9529999999999745	BehavioralEpochs																-1.8554356029880523
3014.5271666666695	1.4420000000000073	BehavioralEpochs																-0.5396102973842289
3017.0331666666693	0.16800000000012005	BehavioralEpochs																-0.006948351421044663
3017.318533333333	2.6119268880570417	trials	1.0	0.25		1.0	3018.367333333333	3018.1671666666693	3017.930839167762	3017.9315333333334	3000.691001	1.563202000000274	0.8	3018.3672433260913	1.5	3019.4303666666665	3017.9306666666666	
3018.1671666666693	0.66800000000012	BehavioralEpochs																-0.45330753527105117
3019.1671666666693	0.3850000000002183	BehavioralEpochs																-0.06983611761933162
3020.1161666666694	0.22100000000000364	BehavioralEpochs																0.02257813778135187
3020.816766666667	4.013829289738169	trials	1.0	1.0		1.0	3023.2665	3023.1131666666693	3022.980981381008	3022.9815	3005.591101	1.564202000000023	0.8	3023.266383321435	1.5	3024.3305	3022.9808333333335	
3021.2941666666693	0.9510000000000218	BehavioralEpochs																-0.6055481276587784
3023.1131666666693	1.3640000000000327	BehavioralEpochs																-0.6825237940823285
3025.7195	3.761128967104014	trials	-1.0	0.0		-1.0	3026.9214666666667	3026.2801666666696	3026.3809047422387	3026.3815	3010.241101	2.559801999999763	0.8	3026.920808613322	0.0	3028.9805666666666	3026.3807666666667	
3026.2801666666696	0.9019999999995889	BehavioralEpochs																0.33989575157357876
3028.3091666666696	0.7479999999995925	BehavioralEpochs																-0.316778493815832
3030.3685333333333	2.3622252627901617	trials	1.0	0.0		1.0	3031.1716666666666	3030.8791666666693	3030.8471382491603	3030.8478	3013.4912	1.55920100000003	0.8	3031.171541581158	1.5	3032.230666666667	3030.8470333333335	
3030.8791666666693	0.6730000000002292	BehavioralEpochs																-0.3552739344971769
3033.6138666666666	3.5834287176808175	trials	1.0	0.0625		1.0	3035.6309	3035.481166666669	3035.3971799628694	3035.3977666666665	3017.9577010000003	1.5665020000001277	0.8	3035.6307817045804	1.5	3036.6972333333333	3035.397066666667	
3034.0101666666696	0.7919999999999163	BehavioralEpochs																-0.38622174382248886
3035.481166666669	0.5040000000003602	BehavioralEpochs																-0.6133310992331644
3036.2831666666693	0.20100000000002183	BehavioralEpochs																-0.058563430351682655
3038.0846	2.4461265696181727	trials	1.0	0.25		1.0	3038.9728333333333	3038.8191666666694	3038.814307329396	3038.8150666666666	3021.2911010000003	1.558002000000215	0.8	3038.9727089204284	1.5	3040.0306666666665	3038.8141333333333	
3038.8191666666694	1.125	BehavioralEpochs																-0.579596584266028
3041.3411666666693	1.7510000000002037	BehavioralEpochs																-0.5869354042222881
3041.4032333333334	4.860658365588733	trials	1.0	0.125		1.0	3044.7008666666666	3043.9301666666693	3043.597158774722	3043.5977333333335	3027.024201	1.5631020000000717	0.8	3044.700771572533	1.5	3045.7638666666667	3043.5969666666665	
3043.9301666666693	0.9420000000000073	BehavioralEpochs																-0.4481098685345728
3045.2501666666694	1.0399999999999636	BehavioralEpochs																-0.1731203023637704
3047.1522	2.6616269557162013	trials	1.0	1.0		1.0	3048.2508	3047.8901666666693	3047.68040495251	3047.6810333333333	3030.574101	1.5631020000000717	0.8	3048.250710299757	1.5	3049.3138	3047.6802666666667	
3047.8901666666693	2.25400000000036	BehavioralEpochs																-0.7972421719249496
3050.7073333333333	2.606325834686686	trials	1.0	0.125		1.0	3051.753833333333	3051.5331666666693	3051.2136381577193	3051.2143666666666	3034.0739000000003	1.5599010000000817	0.8	3051.7537433041757	1.5	3052.813633333333	3051.2134666666666	
3051.5331666666693	1.1100000000001273	BehavioralEpochs																-0.7010065108564163
3054.2055666666665	2.874726534513229	trials	1.0	0.0		1.0	3055.509466666667	3055.2911666666696	3054.7306713308635	3054.731333333333	3037.8405000000002	1.570901000000049	0.8	3055.5093782476615	1.5	3056.5802	3054.730466666667	
3055.2911666666696	0.9780000000000655	BehavioralEpochs																-0.687240462516229
3057.9583	8.738462281470674	trials	-1.0		1.0	1.0	3065.137166666667	3064.7911666666696	3064.597045796771	3064.5976333333333	3047.456901	1.5597020000000157	0.8	3065.1370495219367	1.5	3066.1967	3064.5968333333335	
3058.3721666666693	1.4039999999999964	BehavioralEpochs																-0.75334318036073
3060.3341666666693	1.3949999999999818	BehavioralEpochs																-0.8938364511628833
3062.4501666666692	1.4450000000001637	BehavioralEpochs																-0.8752520713688341
3064.7911666666696	1.4169999999999163	BehavioralEpochs																0.30203632498893285
3067.6223666666665	3.3244282939922414	trials	1.0	0.125		1.0	3069.3876	3069.1431666666695	3068.146970815933	3068.1476333333335	3051.706901	1.5593019999996613	0.8	3069.387480627531	1.5	3070.446733333333	3068.1468	
3069.1431666666695	0.8710000000000946	BehavioralEpochs																-0.4577474439661273
3071.8368	4.176555844272116	trials	1.0	0.125		1.0	3074.4438333333333	3074.0511666666694	3073.8634266125646	3073.863966666667	3056.7734	1.5696009999996932	0.8	3074.4437342328506	1.5	3075.5133333333333	3073.8633	
3072.2621666666696	1.0160000000000764	BehavioralEpochs																-0.5616244549065073
3074.0511666666694	2.076000000000022	BehavioralEpochs																-0.7807113970426371
3076.913666666667	2.8831264902569274	trials	1.0	0.25		1.0	3078.229766666667	3077.8691666666696	3077.6132728520147	3077.6139333333335	3060.5568000000003	1.567101000000548	0.8	3078.2296783017696	1.5	3079.296733333333	3077.613066666667	
3077.8691666666696	1.2359999999998763	BehavioralEpochs																-0.6056552009540042
3080.6839	2.5462266024114797	trials	-1.0		1.0	1.0	3081.668	3081.3281666666694	3081.1966049539105	3081.1972333333333	3063.9901010000003	1.5622020000000703	0.8	3081.6679095077975	1.5	3082.7300666666665	3081.1964333333335	
3081.3281666666694	0.6509999999998399	BehavioralEpochs																0.3925868392010443
3082.2871666666692	0.11500000000023647	BehavioralEpochs																0.017757395366743367
3084.133733333333	3.663128700940433	trials	1.0	1.0		1.0	3086.2263333333335	3086.0051666666695	3085.896646183395	3085.8972	3068.556801	1.5706019999997807	0.8	3086.226248585903	1.5	3087.296766666667	3085.8964666666666	
3084.6891666666693	0.5620000000003529	BehavioralEpochs																-0.5963623223918262
3086.0051666666695	2.0540000000000873	BehavioralEpochs																-0.7936747397621957
3088.7067666666667	3.1233278697113747	trials	1.0	0.0625		1.0	3090.266666666667	3090.0721666666695	3089.279971414372	3089.2805	3072.590001	1.5635019999999713	0.8	3090.266579586191	1.5	3091.330066666667	3089.2798333333335	
3090.0721666666695	0.4940000000001419	BehavioralEpochs																-0.39238428958896066
3091.2481666666695	0.45299999999997453	BehavioralEpochs																0.1085080032115684
3092.7312	2.6655269880657215	trials	1.0	0.25		1.0	3093.8392	3093.5971666666696	3093.3965062369343	3093.3971666666666	3076.156601	1.5576019999998607	0.8	3093.839110386141	1.5	3094.8966666666665	3093.396333333333	
3093.5971666666696	0.5609999999996944	BehavioralEpochs																-0.3434420736099355
3094.7171666666695	0.6269999999999527	BehavioralEpochs																0.18809675989211883
3096.2869333333333	3.5092274759435895	trials	1.0		0.0625	-1.0	3097.2278333333334	3097.0551666666693	3097.0463390627947	3097.0468	3080.556	2.5690009999998438	0.8	3097.2271404268804	0.0	3099.2961333333333	3097.0462	
3097.0551666666693	1.042000000000371	BehavioralEpochs																-0.7658141185783052
3100.0271666666695	0.6149999999997817	BehavioralEpochs																-0.2972750268909863
3100.705066666667	5.22485867520345	trials	1.0	0.0625		1.0	3104.3676	3104.0921666666695	3101.1800718191535	3101.1808	3086.6897010000002	1.56240200000002	0.8	3104.367506393965	1.5	3105.4298	3101.179866666667	
3104.0921666666695	0.4719999999997526	BehavioralEpochs																-0.3681257226489265
3104.7931666666695	0.05999999999994543	BehavioralEpochs																-0.004729841791572653
3105.4951666666693	0.6860000000001492	BehavioralEpochs																0.6520559397235957
3106.8510333333334	6.1120311568374746	trials	-1.0	0.0625		-1.0	3110.4051	3109.9631666666696	3107.4462361726896	3107.4467666666665	3093.7228010000003	2.558602000000519	0.8	3110.4044502845554	0.0	3112.4630333333334	3107.4461	
3109.9631666666696	1.4020000000000437	BehavioralEpochs																0.706277049075652
3113.4831666666696	0.11299999999982901	BehavioralEpochs																-0.03412550125761982
3113.838566666667	9.090691842419801	trials	1.0	0.0625		1.0	3121.3612333333335	3118.1001666666693	3115.6128843972556	3115.6134333333334	3103.6889	1.5681009999998423	0.8	3121.361141839046	1.5	3122.4292333333333	3115.6128	
3113.9181666666695	0.8849999999997635	BehavioralEpochs																0.31812469385647546
3118.1001666666693	0.5190000000002328	BehavioralEpochs																-0.10966413657240537
3119.1331666666697	0.1519999999995889	BehavioralEpochs																-0.013615062813585155
3120.9591666666697	4.484999999999673	BehavioralEpochs																0.7987537663088915
3123.8456666666666	7.150261202421007	trials	-1.0		0.125	1.0	3129.4371333333333	3128.9201666666695	3126.146185714404	3126.1466666666665	3111.755501	1.5589019999997618	0.8	3129.4370129616523	1.5	3130.4959	3126.1460666666667	
3128.9201666666695	0.9819999999999709	BehavioralEpochs																0.3923229589316293
3130.1861666666696	0.27999999999974534	BehavioralEpochs																0.06331790740750876
3131.8974333333335	3.2985281960509383	trials	1.0	0.25		1.0	3133.6340666666665	3132.6861666666696	3132.4128374265388	3132.4133666666667	3115.955501	1.5620019999996657	0.8	3133.6339471242736	1.5	3134.6959	3132.4126333333334	
3132.6861666666696	2.480999999999767	BehavioralEpochs																-0.4673463811719216
3136.094666666667	4.284357015820206	trials	1.0		0.0625	-1.0			3136.829576103706	3136.8303	3121.138501	2.5625019999997676	0.8	3137.816488776742	0.0	3139.8789333333334	3136.8294	
3137.4161666666696	1.0169999999998254	BehavioralEpochs																-0.545037953169242
3139.9271666666696	0.6709999999998217	BehavioralEpochs																-0.13375860309105292
3141.2863333333335	2.65932689283909	trials	1.0	1.0		1.0	3142.3868333333335		3141.779337948142		3124.705101	1.5589020000002165	0.8	3142.3867436338105	1.5	3143.4456	3141.7791666666667	
3141.9821666666694	2.3760000000002037	BehavioralEpochs																-0.5275334150952631
3144.847366666667	2.6318257159236964	trials	1.0	0.25		1.0	3145.919766666667	3145.7041666666696	3145.3792716618773	3145.379933333333	3128.2386	1.559501000000182	0.8	3145.919676736913	1.5	3146.9791	3145.379066666667	
3145.7041666666696	1.0050000000001091	BehavioralEpochs																-0.6405932150302647
3148.3968	3.6154275846129167	trials	1.0	1.0		1.0	3150.4488	3150.1591666666695	3150.079312371687	3150.0799	3132.7716	1.5635010000000875	0.8	3150.4487150879436	1.5	3151.5122	3150.079166666667	
3148.7621666666696	0.7899999999999636	BehavioralEpochs																-0.24957163454587317
3150.1591666666695	1.336999999999989	BehavioralEpochs																-0.5452774046107152
3152.2781666666697	0.1289999999999054	BehavioralEpochs																0.03589599309867708
3152.9300333333335	2.5655267036809164	trials	1.0	0.125		1.0	3153.9292333333333	3153.6771666666696	3153.4959387824865	3153.4965666666667	3136.2549010000002	1.5664019999999255	0.8	3153.9291429538475	1.5	3154.9954333333335	3153.4957666666664	
3153.6771666666696	1.1799999999998363	BehavioralEpochs																-0.4448425775107694
3156.3917666666666	2.6874269103382176	trials	1.0	0.25		1.0	3157.5237666666667	3157.1931666666696	3156.9293716498432	3156.9299	3139.838501	1.5555020000001605	0.8	3157.5236771585883	1.5	3158.5791	3156.929166666667	
3157.1931666666696	1.1610000000000582	BehavioralEpochs																-0.4810728233597388
3159.9879	2.2912019999998847	trials	1.0	0.25		1.0	3160.713	3160.5711666666693	3160.579	3160.5795333333335	3143.0384010000002	1.5662020000004304	0.8	3160.7129	1.5	3161.779	3160.5788	
3160.5711666666693	1.2590000000000146	BehavioralEpochs																-0.6145661838744445
3163.1972	2.714726851715568	trials	1.0	0.125		1.0	3164.3514333333333	3164.1931666666696	3163.7455050194076	3163.7462	3146.671201	1.5606019999995624	0.8	3164.3513105651987	1.5	3165.411833333333	3163.7453333333333	
3164.1931666666696	2.51299999999992	BehavioralEpochs																-0.6089123440768844
3166.8384333333333	3.5572541040446595	trials	1.0	0.0625		1.0	3168.8369666666667	3168.4711666666694	3167.362341154429	3167.362833333333	3151.1549	1.5588010000001304	0.8	3168.8368631666553	1.5	3169.8956	3167.3622333333333	
3168.4711666666694	1.331000000000131	BehavioralEpochs																-0.4563333023996847
3171.3042	2.757726131466825	trials	1.0	0.0625		1.0	3172.4944	3172.1851666666694	3171.8288047807823	3171.8294666666666	3154.8211	1.5676010000001952	0.8	3172.494310845613	1.5	3173.5618666666664	3171.8286333333335	
3172.1851666666694	1.9630000000001928	BehavioralEpochs																-0.6205796290457783
3174.9619333333335	3.0503276409776845	trials	1.0	0.0625		1.0	3176.4563333333335	3176.1171666666696	3175.629038941007	3175.6298	3158.771401	1.5560019999998076	0.8	3176.4562458944874	1.5	3177.5122333333334	3175.628833333333	
3176.1171666666696	1.4719999999997526	BehavioralEpochs																-0.4749404954613965
3178.927366666667	2.9014242283665226	trials	1.0	0.125		1.0	3180.2718666666665	3179.9311666666695	3179.5952717836158	3179.595766666667	3162.5879010000003	1.557002000000466	0.8	3180.2717769664514	1.5	3181.328666666667	3179.5951333333333	
3179.9311666666695	0.54300000000012	BehavioralEpochs																-0.3952092620295389
3181.2281666666695	0.5360000000000582	BehavioralEpochs																0.04800768828550872
3183.2271666666697	0.05499999999983629	BehavioralEpochs																0.008741753646745565
3183.2783	2.9001272857803997	trials	1.0	1.0		1.0	3184.6202	3184.2501666666694	3184.0787069786297	3184.0794333333333	3166.9375010000003	1.5583019999999124	0.8	3184.6201116990574	1.5	3185.6783333333333	3184.0785	
3184.2501666666694	6.367000000000189	BehavioralEpochs																1.2130943450691802
3187.1014333333333	7.110659966808271	trials	1.0	0.0625		1.0	3192.6489666666666	3192.3511666666695	3191.0287659016553	3191.029433333333	3174.9711	1.5632009999999354	0.8	3192.648879336825	1.5	3193.712	3191.0286333333333	
3192.3511666666695	1.3449999999998	BehavioralEpochs																-0.36824593957169327
3195.1406	3.2212268999360276	trials	1.0	0.125		1.0	3196.7978	3196.3921666666697	3195.8618057987796	3195.8623666666667	3179.1208	1.564100999999937	0.8	3196.7977133238455	1.5	3197.861766666667	3195.8616333333334	
3196.3921666666697	0.7329999999997199	BehavioralEpochs																-0.33372467898192326
3197.3261666666695	1.1590000000001055	BehavioralEpochs																0.42567937970579806
3199.2863333333335	3.642128575762854	trials	1.0		0.0625	-1.0	3200.367333333333	3199.84116666667	3199.9617382616057	3199.9623333333334	3183.687401	2.561801999999716	0.8	3200.3666412160883	0.0	3202.4284333333335	3199.9616333333333	
3199.84116666667	1.1279999999997017	BehavioralEpochs																-0.4811179013119613
3203.854566666667	3.256927993870704	trials	1.0	0.25		1.0	3205.5406	3204.6921666666694	3204.3786708495954	3204.3793	3187.870401	1.571002000000135	0.8	3205.540480122112	1.5	3206.6114666666667	3204.3785333333335	
3204.6921666666694	1.9630000000001928	BehavioralEpochs																-0.3313534889756511
3208.0311	2.613826505465113	trials	1.0	1.0		1.0	3209.0740333333333	3208.7881666666694	3208.561704974593	3208.5623	3191.403801	1.5710019999996803	0.8	3209.0739097766777	1.5	3210.1449	3208.5615666666667	
3208.7881666666694	4.303000000000338	BehavioralEpochs																2.4056314466595268
3211.586533333333	5.025057089486836	trials	1.0	1.0		1.0	3215.0261666666665	3214.6411666666695	3214.4615654243266	3214.4623	3197.3704000000002	1.585501000000022	0.8	3215.026071725323	1.5	3216.1115	3214.4614	
3214.6411666666695	3.1779999999998836	BehavioralEpochs																-1.4327101653241243
3217.5592	3.7024277041796267	trials	1.0	0.125		1.0	3219.6766	3219.3691666666696	3218.4281062670852	3218.4286	3202.0204000000003	1.5851010000001224	0.8	3219.6765152713765	1.5	3220.7615333333333	3218.4279333333334	
3219.3691666666696	1.2210000000000036	BehavioralEpochs																-0.3765033732593679
3222.180733333333	5.897059692421863	trials	1.0		0.0625	-1.0	3225.4982	3224.6591666666695	3222.86133999188	3222.8619	3208.836501	2.5803020000003016	0.8	3225.4974657817625	0.0	3227.5777	3222.8612	
3224.6591666666695	1.9380000000001019	BehavioralEpochs																-0.9666605961206187
3228.9951	2.9327274005954678	trials	1.0	1.0		1.0	3230.3434	3229.9291666666695	3229.728206349495	3229.7289333333333	3212.686501	1.5845020000001568	0.8	3230.3433116769734	1.5	3231.4277666666667	3229.7281	
3229.9291666666695	1.318000000000211	BehavioralEpochs																-0.4505907953296173
3232.843733333333	4.067229167384539	trials	1.0	0.0		1.0	3235.3344666666667	3234.4301666666697	3233.5282379055366	3233.5289	3217.669601	1.5766019999996388	0.8	3235.334349969608	1.5	3236.4109	3233.5281	
3234.4301666666697	1.5450000000000728	BehavioralEpochs																-0.41957414449802855
3237.834066666667	6.977059900758377	trials	1.0	0.125		1.0	3243.2256333333335	3242.5391666666696	3238.3948714010144	3238.3955	3225.5697	1.5856009999997696	0.8	3243.225512181574	1.5	3244.311133333333	3238.3947333333335	
3242.5391666666696	0.88799999999992	BehavioralEpochs																-0.27377471490927974
3243.90616666667	1.1289999999999054	BehavioralEpochs																-0.10232771029859578
3245.7310333333335	4.896857953220206	trials	1.0		0.0	-1.0	3248.0517666666665	3247.6121666666695	3246.3441403389097	3246.3448	3231.386401	2.5768020000000433	0.8	3248.051059842772	0.0	3250.1278666666667	3246.3440333333333	
3247.6121666666695	2.242999999999938	BehavioralEpochs																-0.5245486225841205
3251.5655	3.328727934165272	trials	1.0	0.0		1.0	3253.3171	3253.1431666666695	3252.3275059367993	3252.3281	3235.652701	1.577201999999943	0.8	3253.317013646067	1.5	3254.3941666666665	3252.327333333333	
3253.1431666666695	1.8890000000001237	BehavioralEpochs																-0.47643560219364645
3255.3751666666694	1.3510000000001128	BehavioralEpochs																-0.4726559157016368
3255.8439333333336	4.850356875825128	trials	1.0	0.0625		1.0	3259.1143666666667	3258.03316666667	3257.2279492771154	3257.2287333333334	3241.4527000000003	1.580000999999811	0.8	3259.1142710074305	1.5	3260.194233333333	3257.227766666667	
3258.03316666667	1.8519999999998618	BehavioralEpochs																-0.4134350489281928
3260.2021666666697	0.4169999999999163	BehavioralEpochs																0.24321356700232855
3261.631	14.479527076897739	trials	1.0		0.25	-1.0	3273.5336666666667	3262.5241666666698	3262.1441044322933	3262.1447	3256.868801	2.577502000000095	0.8	3273.5330028117546	0.0	3275.6105	3262.1439	
3262.5241666666698	1.9549999999999272	BehavioralEpochs																0.1514283116313777
3267.6351666666696	0.6149999999997817	BehavioralEpochs																-0.14406524099871376
3272.9141666666696	2.0839999999998327	BehavioralEpochs																-0.7615950494005119
3277.066333333333	6.761059514767112	trials	1.0	0.125		1.0	3282.2456666666667	3281.6821666666697	3277.79413963226	3277.7946333333334	3264.5856000000003	1.5818010000002687	0.8	3282.2455781580097	1.5	3283.3272666666667	3277.794	
3281.6821666666697	1.59900000000016	BehavioralEpochs																-0.456932065280796
3283.5251666666695	0.25600000000031287	BehavioralEpochs																-0.09450736122249737
3284.7693	4.208028251068754	trials	1.0	0.25		1.0	3287.4004	3286.9431666666696	3285.477304585017	3285.477933333333	3269.7355000000002	1.5770010000001093	0.8	3287.40031703839	1.5	3288.4772333333335	3285.4771666666666	
3286.9431666666696	1.6089999999999236	BehavioralEpochs																-0.516553038378504
3289.9165333333335	2.7107258649384676	trials	1.0	0.0625		1.0	3291.0497333333333	3290.8111666666696	3290.627139851583	3290.6279	3273.3854	1.5776009999999587	0.8	3291.0496437271254	1.5	3292.1272	3290.627	
3290.8111666666696	1.5	BehavioralEpochs																-0.5237704701270331
3293.5504666666666	4.660157652312137	trials	1.0	0.125		1.0	3296.6335	3296.1501666666695	3294.127173553788	3294.1279	3278.9687010000002	1.5772020000003977	0.8	3296.6334034835672	1.5	3297.7105666666666	3294.1269666666667	
3296.1501666666695	1.7950000000000728	BehavioralEpochs																-0.48940137490916413
3299.1329333333333	2.827527037208256	trials	1.0	1.0		1.0	3300.3774333333336	3300.0151666666698	3299.7604388897744	3299.7612	3282.7185010000003	1.5831020000000535	0.8	3300.3773443523537	1.5	3301.4603333333334	3299.7602333333334	
3300.0151666666698	1.587999999999738	BehavioralEpochs																-0.5322539678203952
3302.8973666666666	2.4630019999999604	trials	1.0	1.0		1.0	3303.7820666666667	3303.5301666666696	3303.3770666666665	3303.3778666666667	3286.118401	1.5784020000000965	0.8	3303.7819666666664	1.5	3304.8602666666666	3303.3769333333335	
3303.5301666666696	0.9920000000001892	BehavioralEpochs																-0.5407319870370202
3304.6811666666695	1.805000000000291	BehavioralEpochs																1.0039634966550466
3306.2988666666665	2.677825692254828	trials	1.0	1.0		1.0	3307.3936	3307.0351666666697	3306.993873075327	3306.9945	3289.7347	1.5832009999999173	0.8	3307.3934767600763	1.5	3308.4766	3306.9937333333332	
3307.0351666666697	1.1349999999997635	BehavioralEpochs																-0.5888128539740478
3309.9138	2.513025332394136	trials	1.0	0.0		1.0	3310.848233333333	3310.5091666666694	3310.577006421503	3310.5778	3293.1848	1.57870099999991	0.8	3310.848109046457	1.5	3311.9267666666665	3310.576866666667	
3310.5091666666694	1.8390000000003965	BehavioralEpochs																-0.4311422519081134
3313.3564333333334	3.237227940989669	trials	1.0	0.25		1.0	3315.022266666667		3313.943638038801		3297.3516010000003	1.5715020000002369	0.8	3315.022146681251	1.5	3316.0936666666666	3313.9435	
3314.1981666666697	2.75	BehavioralEpochs																-0.4989451202118289
3317.516166666667	2.494126020321346	trials	1.0	0.25		1.0	3318.4373		3318.243573672147		3300.7682010000003	1.57310200000029	0.8	3318.437175536679	1.5	3319.5102333333334	3318.243466666667	
3318.15416666667	4.5229999999996835	BehavioralEpochs																-0.997887656177852
3320.9773	5.866159511649585	trials	1.0	0.0		1.0	3325.2854333333335	3325.05116666667	3323.1935217277705	3323.1940666666665	3307.601301	1.5581019999999626	0.8	3325.2853422359153	1.5	3326.3434	3323.193333333333	
3325.05116666667	0.7289999999998145	BehavioralEpochs																-0.4562679622734436
3327.7772666666665	3.999127989950921	trials	1.0	0.125		1.0	3330.2196	3330.0181666666695	3330.009881734494	3330.010366666667	3312.5342	1.5569009999999253	0.8	3330.2194831490856	1.5	3331.2763333333332	3330.0097	
3327.94216666667	1.3049999999998363	BehavioralEpochs																-0.5694002754000849
3330.0181666666695	1.4520000000002256	BehavioralEpochs																-0.5887770090583899
3332.7163	4.077155112429864	trials	1.0		0.125	-1.0	3334.2310333333335	3333.9901666666697	3333.4437096542574	3333.4443666666666	3317.5512000000003	2.56320100000039	0.8	3334.2302200929057	0.0	3336.2934333333333	3333.443566666667	
3333.9901666666697	0.9059999999999491	BehavioralEpochs																-0.7081426601992007
3337.7393666666667	2.3204257318152486	trials	1.0	0.0625		1.0	3338.4940666666666		3338.2596719880135		3320.817501	1.5658019999996213	0.8	3338.4939743843074	1.5	3339.5597333333335	3338.2595333333334	
3338.15616666667	1.9409999999998035	BehavioralEpochs																-0.5589036895019035
3340.9986	3.511228395450871	trials	1.0	0.125		1.0	3342.947		3341.476803594867		3325.2675010000003	1.562902000000122	0.8	3342.9469146463393	1.5	3344.0097	3341.4766666666665	
3342.7271666666697	0.9049999999997453	BehavioralEpochs																-0.3690944042238016
3345.4327333333335	2.6435266170501563	trials	1.0	0.125		1.0	3346.5167333333334	3346.1701666666695	3346.1264397932673	3346.127	3328.833901	1.5596019999998134	0.8	3346.5166434269217	1.5	3347.5762	3346.1262666666667	
3346.1701666666695	0.7300000000000182	BehavioralEpochs																-0.37469242662302804
3347.5301666666696	0.36200000000008004	BehavioralEpochs																-0.18249056832394217
3349.0122666666666	3.0807275740567093	trials	1.0	0.0625		1.0	3350.5262666666667	3350.10016666667	3349.759972873603	3349.7606333333333	3332.850601	1.566801999999825	0.8	3350.5261792341153	1.5	3351.5929	3349.7597666666666	
3350.10016666667	1.5639999999998508	BehavioralEpochs																-0.43621970436959145
3353.0277	2.698625662325867	trials	1.0	0.125		1.0	3354.1596	3353.9111666666695	3353.64290562227	3353.6436	3336.4839	1.5668009999999413	0.8	3354.159510343441	1.5	3355.2263	3353.642766666667	
3353.9111666666695	0.5480000000002292	BehavioralEpochs																-0.31606100708665963
3354.7291666666697	0.4119999999998072	BehavioralEpochs																-0.043336597709981106
3356.675133333333	4.4345284481833005	trials	1.0	0.0625		1.0	3359.545166666667	3358.82616666667	3357.1429362288695	3357.1435666666666	3341.8672	1.5646010000000388	0.8	3359.5450510971223	1.5	3360.6096333333335	3357.1428	
3358.82616666667	0.70699999999988	BehavioralEpochs																-0.28584794935147784
3360.0501666666696	0.4410000000002583	BehavioralEpochs																-0.16095263133166782
3362.060466666667	4.532257205788483	trials	1.0	0.125		1.0	3365.0298	3364.2061666666696	3362.7260747741984	3362.7265666666667	3347.350201	1.5630019999998694	0.8	3365.0297028338605	1.5	3366.0926666666664	3362.7258666666667	
3364.2061666666696	0.7830000000003565	BehavioralEpochs																-0.2776815538520623
3365.3851666666696	0.680000000000291	BehavioralEpochs																-0.1910227160040563
3367.5336333333335	3.0761274282149316	trials	1.0	0.0625		1.0	3369.046333333333	3368.49816666667	3368.143238372516	3368.1439	3351.367201	1.5635019999999713	0.8	3369.0462458370534	1.5	3370.1096333333335	3368.1430666666665	
3368.49816666667	3.543999999999869	BehavioralEpochs																-1.5711848050340222
3371.5660666666668	3.593328326871415	trials	1.0	0.125		1.0	3373.596666666667	3372.87016666667	3372.576074066585	3372.576866666667	3355.9168010000003	1.5628020000003744	0.2	3373.5965815434324	1.5	3374.6593666666668	3372.5759	
3372.87016666667	2.1599999999998545	BehavioralEpochs																-0.4906121739433047
3376.1157	2.6937256175451694	trials	-1.0		1.0	1.0	3377.2485	3376.85016666667	3376.62610466451	3376.6268333333333	3359.5668	1.561001000000033	0.2	3377.248410351666	1.5	3378.3094	3376.6259	
3376.85016666667	1.2820000000001528	BehavioralEpochs																0.3023469753554764
3379.7631333333334	3.4294270282262005	trials	-1.0		1.0	1.0	3381.6397333333334	3381.3831666666697	3381.2260444363487	3381.226833333333	3363.9499	1.5529010000000198	0.2	3381.639647575461	1.5	3382.6925333333334	3381.2258333333334	
3379.93516666667	0.8229999999998654	BehavioralEpochs																-0.5729163473206427
3381.3831666666697	1.0720000000001164	BehavioralEpochs																0.448050157760008
3383.53116666667	0.8159999999998035	BehavioralEpochs																1.3464511761289941
3384.1550666666667	5.2876586439774655	trials	1.0		0.0	-1.0	3386.8808	3386.3141666666697	3384.9925756384714	3384.9931333333334	3370.200001	2.56260199999997	0.2	3386.880095858508	0.0	3388.9426	3384.9924666666666	
3386.3141666666697	1.599999999999909	BehavioralEpochs																-0.7572472634562928
3390.3783333333336	3.547728232637837	trials	-1.0		0.25	1.0	3392.3675333333335	3392.17016666667	3391.958945020704	3391.9594	3374.683301	1.5586020000000644	0.2	3392.36744804126	1.5	3393.4259333333334	3391.9588	
3390.57416666667	0.8679999999999382	BehavioralEpochs																-0.5547957263652847
3392.17016666667	1.0519999999996799	BehavioralEpochs																0.3466331303929451
3394.8863666666666	2.206225091678334	trials	-1.0		0.125	1.0	3395.5383666666667	3395.41716666667	3395.458972659905	3395.459766666667	3377.8498010000003	1.5543020000004617	0.2	3395.538273489915	1.5	3396.5924666666665	3395.4588	
3395.41716666667	1.3820000000000618	BehavioralEpochs																0.7260443914029224
3397.3511666666695	4.300000000000182	BehavioralEpochs																2.672125274770849
3398.0711	8.97096093246364	trials	-1.0		1.0	1.0	3405.4874666666665	3403.73416666667	3402.259127979036	3402.2597	3387.7992	1.554700999999568	0.2	3405.487349545875	1.5	3406.542	3402.259	
3402.60516666667	0.3240000000000691	BehavioralEpochs																0.03241264212573469
3403.73416666667	3.269999999999982	BehavioralEpochs																0.6503861890560074
3407.66316666667	6.904999999999745	BehavioralEpochs																-2.2428325485421965
3408.0500666666667	9.191792081165659	trials	-1.0		0.25	1.0	3415.6874333333335	3415.4611666666697	3415.225736989488	3415.2263333333335	3397.998901	1.554501999999502	0.2	3415.6873415132927	1.5	3416.7418	3415.2255666666665	
3415.4611666666697	0.9110000000000582	BehavioralEpochs																0.40243075608242407
3418.2539666666667	2.9547271487545004	trials	1.0	0.125		1.0	3419.644	3419.1311666666697	3418.858971816085	3418.8596333333335	3401.965701	1.5648019999998724	0.2	3419.6438784967104	1.5	3420.7086	3418.8588	
3419.1311666666697	0.8479999999999563	BehavioralEpochs																-0.5814485119357187
3420.99516666667	0.13299999999981083	BehavioralEpochs																0.0832063821952147
3422.1703	4.021649339746091	trials	1.0		0.125	-1.0	3423.6302666666666	3423.27716666667	3422.858808275788	3422.8593	3406.9489000000003	2.562401000000591	0.2	3423.629517539621	0.0	3425.6919333333335	3422.8586666666665	
3423.27716666667	1.306999999999789	BehavioralEpochs																-0.6133937050086047
3427.6821666666697	2.405999999999949	BehavioralEpochs																-1.0571821971985855
3427.7166666666667	6.792160452327153	trials	-1.0		1.0	1.0	3432.9544		3430.492290553275		3415.2657010000003	1.5545020000004115	0.2	3432.9543117410644	1.5	3434.0087	3430.492166666667	
3432.5931666666697	1.0979999999999563	BehavioralEpochs																0.4735062990705501
3435.463333333333	7.195460847263348	trials	-1.0		0.125	1.0	3441.093966666667		3435.991937656464		3423.415601	1.5649019999996199	0.2	3441.093879382118	1.5	3442.1587	3435.9917333333333	
3436.6661666666696	0.9770000000003165	BehavioralEpochs																0.228503865968662
3440.89116666667	1.0489999999999782	BehavioralEpochs																0.2975362136789954
3443.6149	3.610427210758644	trials	-1.0		0.25	1.0	3445.6581	3444.22516666667	3444.225104429925	3444.2258333333334	3427.9821	1.5673010000000431	0.2	3445.65801483248	1.5	3446.7253	3444.2249333333334	
3444.22516666667	8.954000000000178	BehavioralEpochs																-2.783907508095467
3448.2064333333333	17.76825978889019	trials	1.0		0.0	-1.0	3463.3977666666665	3459.4391666666697	3453.6418816021765	3453.6424666666667	3446.7313010000003	2.5778019999997923	0.2	3463.39686823016	0.0	3465.4746666666665	3453.6417	
3459.4391666666697	0.9160000000001673	BehavioralEpochs																-0.16795722898353915
3463.22116666667	0.9130000000000109	BehavioralEpochs																-0.484854922688271
3466.9744	17.567059822740248	trials	1.0		0.0625	-1.0	3481.9699666666666	3474.4921666666696	3467.508304796609	3467.5090666666665	3465.297901	2.5723019999995813	0.2	3481.9691347129315	0.0	3484.0414	3467.5081333333333	
3474.4921666666696	0.6080000000001746	BehavioralEpochs																0.17019268151045708
3481.52716666667	0.9389999999998508	BehavioralEpochs																-0.981024665258758
3485.525866666667	7.19866071927936	trials	1.0	0.25		1.0	3491.148133333333	3489.9861666666698	3486.0912712786567	3486.091966666667	3473.480901	1.5765019999998913	0.2	3491.1480125263574	1.5	3492.2244333333333	3486.091066666667	
3489.9861666666698	1.7380000000002838	BehavioralEpochs																-0.31620437689224445
3493.6988333333334	2.9922271468790314	trials	-1.0		0.25	1.0	3495.113766666667		3494.1742373286606		3477.447401	1.5774019999998927	0.2	3495.1136452235082	1.5	3496.1910333333335	3494.1740666666665	
3494.24316666667	0.39800000000013824	BehavioralEpochs																0.22290726805579197
3494.9631666666696	1.3730000000000473	BehavioralEpochs																-0.1749035825926626
3497.6651666666667	5.359158457360536	trials	1.0		0.0	-1.0	3500.4572333333335		3498.191372210107		3483.780601	2.567802000000029	0.2	3500.456496072606	0.0	3502.5243	3498.1912	
3498.8741666666697	1.0820000000003347	BehavioralEpochs																0.15455375281067063
3500.2941666666698	1.5900000000001455	BehavioralEpochs																-0.29210813323760476
3503.9934333333335	14.313825865448507	trials	1.0		0.125	-1.0	3515.7408	3508.6421666666697	3504.5078378206977	3504.508533333333	3499.0634	2.567200999999841	0.2	3515.7400358038262	0.0	3517.8072	3504.507633333333	
3508.6421666666697	0.46800000000030195	BehavioralEpochs																-0.24276677500120059
3515.51316666667	0.5880000000001928	BehavioralEpochs																-0.23746562993915177
3519.2779666666665	6.062958287704987	trials	1.0		0.0625	-1.0	3522.7678	3522.36216666667	3519.774271356152	3519.7748	3506.097	2.5739010000002054	0.2	3522.7669996338554	0.0	3524.840833333333	3519.7741333333333	
3522.36216666667	7.498000000000047	BehavioralEpochs																-3.185771782465281
3526.3335333333334	12.440094498286271	trials	1.0	0.25		1.0	3537.205033333333	3536.89316666667	3530.540564614702	3530.5411	3519.529601	1.568702000000485	0.2	3537.2049141674534	1.5	3538.2735666666667	3530.5403666666666	
3536.89316666667	0.9459999999999127	BehavioralEpochs																-0.38753204393060514
3538.58816666667	0.2969999999995707	BehavioralEpochs																0.2227650045869609
3539.7825333333335	3.1080516651177277	trials	-1.0		1.0	1.0	3541.3263666666667	3540.62716666667	3540.50754515193	3540.5080333333335	3523.6465000000003	1.5643009999998867	0.2	3541.326258497979	1.5	3542.3905666666665	3540.5073666666667	
3540.62716666667	1.75	BehavioralEpochs																0.3388910548824242
3542.74516666667	0.30700000000024374	BehavioralEpochs																0.362232801405014
3543.8722	8.984962149569128	trials	1.0		0.0625	-1.0	3550.291	3549.05216666667	3544.4238036926945	3544.4243666666666	3533.613001	2.5670020000002296	0.2	3550.290142964733	0.0	3552.3570666666665	3544.4236333333333	
3549.05216666667	1.8350000000000364	BehavioralEpochs																-0.43622906358802993
3551.31816666667	0.4339999999997417	BehavioralEpochs																-0.2307241664714752
3553.8306666666667	5.0931574713499685	trials	1.0	0.125		1.0	3557.345	3556.86916666667	3554.356872397756	3554.3577	3539.6796010000003	1.5789020000001983	0.2	3557.3449049414585	1.5	3558.4237	3554.3567	
3556.86916666667	0.6959999999999127	BehavioralEpochs																-0.28678200160169354
3557.7361666666698	0.45600000000013097	BehavioralEpochs																-0.12365844011850413
3558.5571666666697	0.27300000000013824	BehavioralEpochs																-0.0282989079509548
3559.9517333333333	19.08846035184979	trials	1.0		0.0625	-1.0	3576.4655666666667	3576.1241666666697	3560.5236380776746	3560.5243	3559.795801	2.5755020000001423	0.2	3576.464670319453	0.0	3578.5401333333334	3560.5234333333333	
3576.1241666666697	6.5460000000002765	BehavioralEpochs																-1.2833989640586765
3580.0425	59.19652460443331	trials	-1.0	0.0625		-1.0	3636.6763	3636.38716666667	3583.339929166383	3583.3405333333335	3619.9941000000003	2.56340100000034	0.2	3636.6756009304668	0.0	3638.739	3583.3397333333332	
3600.32016666667	0.19000000000005457	BehavioralEpochs																-0.020899515110386346
3635.23316666667	0.29899999999997817	BehavioralEpochs																-0.06187921801614493
3636.38716666667	3.45699999999988	BehavioralEpochs																2.750266412678286
3640.3389333333334	2.4001245900713	trials	1.0	1.0		1.0	3641.1714666666667	3641.0641666666697	3640.939339234534	3640.939966666667	3623.4941000000003	1.5677010000003975	0.2	3641.171341514812	1.5	3642.238966666667	3640.9392	
3641.0641666666697	1.7570000000000618	BehavioralEpochs																-1.5296617797550311
3643.10116666667	1.84900000000016	BehavioralEpochs																-1.4275900078192763
3643.7303666666667	10.775193502857292	trials	1.0		0.25	-1.0	3651.9292333333333	3651.73716666667	3648.839210050924	3648.839933333333	3635.260501	2.577201999999943	0.2	3651.9283362837596	0.0	3654.0055	3648.839033333333	
3645.36916666667	2.83199999999988	BehavioralEpochs																-1.6696697998191325
3651.73716666667	1.0729999999998654	BehavioralEpochs																-1.1180496846022834
3655.5061666666666	3.8325540182122495	trials	1.0		0.125	-1.0	3656.7735333333335	3656.54816666667	3656.2225765772305	3656.223233333333	3640.0936	2.56590099999994	0.2	3656.7727841886103	0.0	3658.8386666666665	3656.2224666666666	
3656.54816666667	2.4429999999997563	BehavioralEpochs																-1.0075026709229178
3660.325333333333	7.6464610540115245	trials	1.0		0.125	-1.0	3665.3995	3665.2071666666698	3661.0390388453175	3661.0395	3648.7266010000003	2.57310200000029	0.2	3665.398672514992	0.0	3667.4717	3661.0389	
3665.2071666666698	1.48700000000008	BehavioralEpochs																0.7341872829808835
3668.9575	3.1146274467182593	trials	-1.0		0.25	1.0	3670.5064	3670.03116666667	3669.539004750933	3669.5395	3652.826901	1.5658019999996213	0.2	3670.506312653905	1.5	3671.5720666666666	3669.5388	
3670.03116666667	1.9520000000002256	BehavioralEpochs																0.7269908979962452
3673.0374333333334	2.6010263546359056	trials	-1.0		0.25	1.0	3674.066333333333	3673.83816666667	3673.5888384963996	3673.589466666667	3656.3932010000003	1.5722020000002885	0.2	3674.0662429665626	1.5	3675.1384333333335	3673.5886666666665	
3673.83816666667	0.5619999999998981	BehavioralEpochs																0.4537502071988797
3674.62916666667	0.6159999999999854	BehavioralEpochs																-0.028025503619176106
3676.597366666667	3.141227508985139	trials	1.0	0.0625		1.0	3678.1712666666667	3677.94316666667	3677.1721713344864	3677.1728	3660.493301	1.5674019999996744	0.2	3678.171179447138	1.5	3679.2385	3677.1720333333333	
3677.94316666667	0.27799999999979264	BehavioralEpochs																-0.3464644011812652
3678.49716666667	0.3269999999997708	BehavioralEpochs																-0.05082987403631023
3679.16716666667	0.13300000000026557	BehavioralEpochs																-0.02488836421622409
3679.62116666667	0.3890000000001237	BehavioralEpochs																-0.07546809120867692
3680.7021	3.069627236173801	trials	-1.0		1.0	1.0	3682.2017	3681.53916666667	3681.405505782875	3681.4061	3664.526401	1.5701020000001336	0.2	3682.201612327866	1.5	3683.2717	3681.4053	
3681.53916666667	1.7219999999997526	BehavioralEpochs																0.39328835715144805
3684.20616666667	1.4420000000000073	BehavioralEpochs																0.23463828712692703
3684.7566333333334	3.731927244029521	trials	-1.0		0.125	1.0	3686.911866666667	3686.35616666667	3686.338644458509	3686.3394333333335	3669.2432000000003	1.5768010000001595	0.2	3686.9117484887483	1.5	3687.988566666667	3686.3384666666666	
3686.35616666667	4.449999999999818	BehavioralEpochs																0.44889978300716393
3689.4966666666664	3.708554523521343	trials	-1.0		1.0	1.0	3691.6276	3691.46916666667	3691.3217925155614	3691.3224	3673.959801	1.5777020000000448	0.2	3691.627496845191	1.5	3692.7051333333334	3691.3216333333335	
3691.46916666667	0.7449999999998909	BehavioralEpochs																0.3554628920377354
3694.2038333333335	3.4679279622082504	trials	-1.0		0.25	1.0	3696.0922333333333	3694.60516666667	3694.7720375871236	3694.7727	3678.426301	1.5796019999997952	0.2	3696.0921474699608	1.5	3697.1717	3694.7718333333332	
3694.60516666667	2.3640000000000327	BehavioralEpochs																0.30304005191578653
3698.6563666666666	2.5156259759246495	trials	-1.0		1.0	1.0	3699.586366666667	3699.40516666667	3699.27157253007	3699.2723666666666	3681.926501	1.5857019999998556	0.2	3699.586275529441	1.5	3700.6719	3699.2714666666666	
3699.40516666667	0.6349999999997635	BehavioralEpochs																0.46161866124577955
3702.08516666667	3.117999999999938	BehavioralEpochs																0.40829640567488923
3702.1538	5.917758068334933	trials	-1.0		0.25	1.0	3706.4883333333332	3706.36516666667	3705.705134247553	3705.7056666666667	3688.826	1.5833009999996648	0.2	3706.488241799508	1.5	3707.5714666666668	3705.7049666666667	
3706.36516666667	1.1449999999999818	BehavioralEpochs																0.3838313555507398
3709.0668666666666	2.887725846209378	trials	-1.0		0.25	1.0	3710.3668666666667	3710.0331666666702	3709.7716727308707	3709.7723	3692.7090000000003	1.5878010000001268	0.2	3710.3667778512	1.5	3711.4545333333335	3709.7715333333335	
3710.0331666666702	2.1109999999998763	BehavioralEpochs																0.802425526750369
3712.941	2.463625200380193	trials	-1.0		1.0	1.0	3713.8162	3713.72816666667	3713.5885060976757	3713.589	3696.159001	1.5885019999996075	0.2	3713.8161082410443	1.5	3714.9045666666666	3713.588366666667	
3713.72816666667	1.1510000000002947	BehavioralEpochs																0.503272569016417
3716.480633333333	2.4741258476856274	trials	-1.0		0.125	1.0	3717.361533333333	3717.02316666667	3717.0551388708964	3717.0556333333334	3699.709101	1.5933019999997668	0.2	3717.361441823299	1.5	3718.4547	3717.0549666666666	
3717.02316666667	0.8170000000000073	BehavioralEpochs																0.3691236647842402
3718.43916666667	0.5889999999999418	BehavioralEpochs																0.47551436505477795
3719.938866666667	5.549430223995387	trials	-1.0		0.25	1.0	3723.9115	3723.57816666667	3721.871676496796	3721.8722666666667	3706.242601	1.5769019999997909	0.2	3723.9113868706136	1.5	3724.9882	3721.8715333333334	
3720.02016666667	1.300000000000182	BehavioralEpochs																0.36883422862911175
3723.57816666667	1.999000000000251	BehavioralEpochs																0.38721825692601897
3726.17516666667	0.18800000000010186	BehavioralEpochs																0.08719564502229105
3726.4929	2.895025835297929	trials	-1.0		0.125	1.0	3727.8044333333332	3727.32716666667	3727.071204961053	3727.0719	3710.1422000000002	1.5836010000002716	0.2	3727.804311250086	1.5	3728.8879	3727.0711	
3727.32716666667	1.6739999999999782	BehavioralEpochs																0.2811055163879246
3730.3785333333335	5.809157878362839	trials	-1.0	0.0		-1.0	3733.623866666667	3733.2251666666702	3732.30475219324	3732.305533333333	3716.9419000000003	2.564701000000241	0.2	3733.6229651000667	0.0	3735.6876666666667	3732.3045666666667	
3730.57416666667	1.2739999999998872	BehavioralEpochs																-0.8038629753669397
3733.2251666666702	0.6239999999997963	BehavioralEpochs																0.42764169086120773
3737.1874	2.9169267959978242	trials	-1.0		0.0625	1.0	3738.541333333333	3738.24716666667	3737.8879059548094	3737.8885333333333	3720.858501	1.5631020000000717	0.2	3738.5412115083814	1.5	3739.6042333333335	3737.8878	
3738.24716666667	1.3989999999998872	BehavioralEpochs																0.34977784699327685
3739.97616666667	0.83199999999988	BehavioralEpochs																0.8717477522108084
3741.1086333333333	2.546026005525164	trials	-1.0		1.0	1.0	3742.0918333333334	3741.86016666667	3741.621338167435	3741.621833333333	3724.408801	1.562902000000122	0.2	3742.091742602702	1.5	3743.1546	3741.6212	
3741.86016666667	2.22400000000016	BehavioralEpochs																2.156998665094534
3744.6439666666665	2.910526894596842	trials	-1.0		0.0625	1.0	3745.9889	3745.86616666667	3745.320972457297	3745.3214666666668	3728.308601	1.5657020000003286	0.2	3745.9887781692364	1.5	3747.0544333333332	3745.3208	
3745.86616666667	0.73700000000008	BehavioralEpochs																0.3036612952297446
3746.79016666667	0.1590000000001055	BehavioralEpochs																0.015927870693019486
3748.5411	3.9465275510901847	trials	-1.0		0.25	1.0	3750.9219333333335	3750.70916666667	3750.4710129838936	3750.4717666666666	3733.2417	1.5658009999997375	0.2	3750.9218160167657	1.5	3751.9876	3750.4709	
3748.77916666667	1.1950000000001637	BehavioralEpochs																0.8031210650612479
3750.70916666667	1.900000000000091	BehavioralEpochs																0.5750962767573924
3752.90016666667	1.3409999999998945	BehavioralEpochs																0.2471005061287883
3753.495733333333	3.7753538054748788	trials	-1.0		0.125	1.0	3755.7047666666667	3755.52816666667	3754.954253733504	3754.9547666666667	3738.0251000000003	1.5664010000000417	0.2	3755.7046642294163	1.5	3756.7710333333334	3754.9541	
3755.52816666667	1.4070000000001528	BehavioralEpochs																0.3166542697966861
3758.2621	2.525725908802997	trials	-1.0		1.0	1.0	3759.2188	3759.03416666667	3758.854105603991	3758.854766666667	3741.5418010000003	1.5691020000003846	0.2	3759.2187090553675	1.5	3760.287733333333	3758.8539333333333	
3759.03416666667	0.6950000000001637	BehavioralEpochs																0.3528278086917567
3761.7834333333335	5.804358943441912	trials	-1.0	0.0		-1.0	3765.0194	3764.74916666667	3763.5874510315803	3763.5880666666667	3748.3417010000003	2.56910199999993	0.2	3765.0186650724513	0.0	3767.0877	3763.5873333333334	
3762.19816666667	0.6849999999999454	BehavioralEpochs																0.6073990959791331
3764.74916666667	0.6659999999997126	BehavioralEpochs																0.33998758102796955
3768.5789	2.591801999999916	trials	1.0	1.0		1.0	3769.6071	3769.02816666667	3769.0539	3769.0543666666667	3751.924601	1.563701999999921	0.2	3769.607	1.5	3770.670666666667	3769.053733333333	
3769.02816666667	2.6669999999999163	BehavioralEpochs																-1.0102612028880458
3772.191	4.913056207220961	trials	1.0		0.0625	-1.0	3774.5403666666666	3774.24616666667	3772.737606142125	3772.7384	3757.8579	2.5643009999998867	0.2	3774.53972639226	0.0	3776.604	3772.7374666666665	
3774.24616666667	1.1590000000001055	BehavioralEpochs																-0.3403395251243637
3775.84616666667	2.6200000000003456	BehavioralEpochs																-1.5026227715954406
3778.123866666667	6.6302598407810365	trials	-1.0		0.25	1.0	3783.1897	3782.5021666666703	3778.770472307498	3778.7709666666665	3765.507901	1.5645019999997203	0.2	3783.1896108589926	1.5	3784.254066666667	3778.770266666667	
3782.5021666666703	1.8229999999998654	BehavioralEpochs																0.6848804239157289
3785.7658333333334	2.671526363236808	trials	-1.0		0.25	1.0	3786.875433333333	3786.61916666667	3786.370538848002	3786.3713	3769.1911010000003	1.5620020000001205	0.2	3786.8753434516157	1.5	3787.937266666667	3786.3703333333333	
3786.61916666667	1.4510000000000218	BehavioralEpochs																0.4475384063356955
3789.4209666666666	2.666222983968055	trials	-1.0		0.0625	1.0	3790.5282666666667	3790.22016666667	3790.036971514808	3790.0376	3772.840901	1.559001999999964	0.2	3790.5281753807285	1.5	3791.5871666666667	3790.036866666667	
3790.22016666667	1.6149999999997817	BehavioralEpochs																0.4475376222731029
3793.6563	4.064454418513378	trials	-1.0		0.0625	1.0	3796.1581333333334	3796.03016666667	3795.537224720711	3795.5379333333335	3778.4744	1.5627010000002883	0.2	3796.1580328798987	1.5	3797.2206333333334	3795.5370666666668	
3793.9751666666702	1.0899999999996908	BehavioralEpochs																0.41081132945481613
3796.03016666667	1.22400000000016	BehavioralEpochs																0.32335602100823735
3798.7287666666666	4.241428067704419	trials	-1.0	0.0625		-1.0	3800.4072333333334	3799.8211666666703	3799.470371399397	3799.4709	3783.7238	2.5638010000002396	0.2	3800.406377372747	0.0	3802.4701333333333	3799.4702	
3799.8211666666703	1.0839999999998327	BehavioralEpochs																0.3327748644681492
3803.6381666666703	0.6069999999999709	BehavioralEpochs																0.1697572176134372
3803.952	22.06819214438019	trials	1.0		0.0625	-1.0	3823.4518	3807.8571666666703	3804.6205057902857	3804.6212	3806.7736	2.5690009999998438	0.2	3823.4511688927005	0.0	3825.5201333333334	3804.6203333333333	
3807.8571666666703	1.2219999999997526	BehavioralEpochs																-0.2812707431190802
3823.15716666667	0.8510000000001128	BehavioralEpochs																-0.8629524135822635
3824.42016666667	1.5670000000000073	BehavioralEpochs																-0.45236558298972795
3827.0426	20.660391514050843	trials	1.0		0.0625	-1.0	3845.1417	3844.9081666666702	3827.5534047102437	3827.5541	3828.4562	2.562100999999984	0.2	3845.1408668881318	0.0	3847.2029333333335	3827.553266666667	
3844.9081666666702	1.031999999999698	BehavioralEpochs																-0.5530112866561581
3848.7317	24.354325632900327	trials	1.0	0.125		1.0	3871.524	3855.69016666667	3849.403206166086	3849.4037	3853.8390010000003	1.5621020000003227	0.2	3871.523909288811	1.5	3872.5859	3849.4030333333335	
3855.69016666667	0.8110000000001492	BehavioralEpochs																0.23090245206338977
3867.43216666667	0.45299999999997453	BehavioralEpochs																0.07438241278765645
3871.17316666667	2.09900000000016	BehavioralEpochs																-0.7083764471729523
3873.7051666666703	0.1999999999998181	BehavioralEpochs																0.15693182400337946
3874.1424333333334	6.359859425885588	trials	1.0		0.0625	-1.0	3877.9369	3877.63116666667	3876.169651637953	3876.1702333333333	3861.255201	2.566002000000026	0.2	3877.936267589482	0.0	3880.002266666667	3876.1694333333335	
3874.26916666667	1.3519999999998618	BehavioralEpochs																0.3940208151533966
3877.63116666667	0.6460000000001855	BehavioralEpochs																-0.7536759004478881
3878.59316666667	0.2130000000001928	BehavioralEpochs																0.14755873003610986
3881.5257	12.409793351950611	trials	1.0		0.0	-1.0	3891.3702333333335	3891.15316666667	3882.0027035497938	3882.0032	3874.6883000000003	2.566001000000142	0.2	3891.369473255987	0.0	3893.4354333333335	3882.0025666666666	
3891.15316666667	1.1950000000001637	BehavioralEpochs																-0.5042638737289167
3894.9632	12.588825114481551	trials	1.0	0.25		1.0	3905.9843	3902.9891666666704	3895.4359046228924	3895.4365	3888.304701	1.5678020000000288	0.2	3905.984207781755	1.5	3907.051966666667	3895.4357666666665	
3902.9891666666704	0.4519999999997708	BehavioralEpochs																-0.21713383817291287
3905.61316666667	2.961999999999989	BehavioralEpochs																0.3308218934719207
3908.5969333333333	7.021959187084576	trials	1.0		0.125	-1.0	3913.0627666666664	3912.8791666666702	3909.168838072391	3909.1694333333335	3896.3715	2.5569009999999253	0.2	3913.0619703326206	0.0	3915.1188	3909.1687	
3912.8791666666702	2.369999999999891	BehavioralEpochs																-0.8881013121060732
3916.6422	41.259459296749355	trials	-1.0		0.25	1.0	3956.3160666666668	3927.99016666667	3917.1687045593994	3917.1694	3938.653901	1.5857019999998556	0.2	3956.3159435648417	1.5	3957.4015666666664	3917.1685	
3927.99016666667	0.17799999999988358	BehavioralEpochs																-0.13132770461834298
3955.9001666666704	1.0549999999998363	BehavioralEpochs																0.7185109441245459
3957.2591666666704	0.33599999999978536	BehavioralEpochs																0.026282458240018514
3957.8801666666704	3.856999999999971	BehavioralEpochs																1.2846549379494832
3958.9836666666665	10.06789174996402	trials	1.0		0.125	-1.0	3966.4652333333333	3966.10416666667	3962.3848973246795	3962.385533333333	3949.8037	2.5872009999998227	0.2	3966.4643340959074	0.0	3968.5515333333333	3962.3847666666666	
3966.10416666667	1.05600000000004	BehavioralEpochs																-0.33271055763560753
3968.0161666666704	0.3829999999998108	BehavioralEpochs																0.1294741432591877
3970.077766666667	8.35679096260219	trials	-1.0		0.125	1.0	3976.8488333333335	3975.4331666666703	3970.6347725962987	3970.6355	3959.1866010000003	1.5858020000000579	0.2	3976.848738747361	1.5	3977.9345	3970.634666666667	
3975.4331666666703	9.38299999999981	BehavioralEpochs																-1.5690243970010442
3979.4713666666667	11.879692916784734	trials	1.0		0.125	-1.0	3988.768433333333	3988.45216666667	3985.3677122884797	3985.3684333333335	3972.103	2.5833010000001195	0.2	3988.7677385955135	0.0	3990.8510333333334	3985.367566666667	
3988.45216666667	1.3389999999999418	BehavioralEpochs																-0.6251421093085696
3992.3957666666665	2.8217265604589556	trials	1.0	0.25		1.0	3993.6424	3993.4271666666705	3992.9677716454285	3992.9684	3975.9694010000003	1.5752019999999902	0.8	3993.6422775163637	1.5	3994.7174666666665	3992.9676	
3993.4271666666705	0.8209999999999127	BehavioralEpochs																-0.3829714232676906
3996.2254	3.3257529908846664	trials	1.0	0.0625		1.0	3997.968533333333	3997.52816666667	3996.767908317809	3996.768433333333	3980.303001	1.582702000000154	0.8	3997.968426724316	1.5	3999.051066666667	3996.7678	
3997.52816666667	1.0579999999999927	BehavioralEpochs																-0.49347951811881785
4000.5735666666665	2.8776265244600836	trials	1.0	0.25		1.0	4001.864466666667	4001.5421666666703	4001.167771730756	4001.1683666666668	3984.2030010000003	1.5868019999998069	0.8	4001.864377667553	1.5	4002.9511333333335	4001.1676333333335	
4001.5421666666703	1.2170000000000982	BehavioralEpochs																-0.3645932243073844
4004.4848	5.166328804961722	trials	1.0		0.25	-1.0	4007.068366666667	4006.5051666666704	4005.167503674282	4005.1680333333334	3990.4029	2.583600999999817	0.8	4007.0675139000564	0.0	4009.151066666667	4005.1673666666666	
4006.5051666666704	1.888999999999669	BehavioralEpochs																-0.6138194389587284
4010.6783333333333	3.5388268197334583	trials	1.0	0.25		1.0	4012.6439666666665	4012.0851666666704	4011.23423738928	4011.234966666667	3994.9689000000003	1.573301000000356	0.8	4012.6438476739772	1.5	4013.7171333333335	4011.2341333333334	
4012.0851666666704	0.61200000000008	BehavioralEpochs																-0.28340597453848204
4013.0921666666704	0.6459999999997308	BehavioralEpochs																-0.21316347068716368
4014.05516666667	0.9949999999998909	BehavioralEpochs																0.4742483180225463
4015.2469666666666	15.436758130608268	trials	1.0	0.125		1.0	4029.1131	4028.3881666666703	4015.7675719321774	4015.7683	4011.435301	1.570701999999983	0.8	4029.113006910705	1.5	4030.1836333333335	4015.7674666666667	
4028.3881666666703	0.9450000000001637	BehavioralEpochs																-0.3116338415797486
4029.5691666666703	0.4459999999999127	BehavioralEpochs																-0.05022786207126728
4031.7254333333335	3.5747269453686386	trials	1.0	0.25		1.0	4033.7272333333335	4032.85216666667	4032.4507385975994	4032.451233333333	4016.0517	1.573001000000204	0.8	4033.7271478617777	1.5	4034.800133333333	4032.450533333333	
4032.85216666667	0.9200000000000728	BehavioralEpochs																-0.2896650998295627
4033.99716666667	0.11100000000033106	BehavioralEpochs																-0.00679657479014395
4034.3951666666703	0.2539999999999054	BehavioralEpochs																-0.017053820356977667
4035.0401666666703	0.6529999999997926	BehavioralEpochs																0.2681534876785463
4036.3180666666667	3.2325263386401275	trials	1.0	0.125		1.0	4037.969	4037.6091666666703	4036.8340707114417	4036.834566666667	4020.3021000000003	1.5817010000005212	0.8	4037.96887960681	1.5	4039.050566666667	4036.8339666666666	
4037.6091666666703	0.7400000000002365	BehavioralEpochs																-0.44472184958237904
4038.6761666666703	0.7319999999999709	BehavioralEpochs																-0.27358241092417757
4039.7921666666703	0.14400000000023283	BehavioralEpochs																0.04389222371565893
4040.5705	7.213060272052189	trials	1.0	0.0625		1.0	4046.2103666666667	4045.61116666667	4042.8171181497232	4042.8178333333335	4028.535001	1.573301999999785	0.8	4046.210245561736	1.5	4047.2835666666665	4042.8169333333335	
4040.67816666667	1.538000000000011	BehavioralEpochs																-0.2267296518580224
4045.61116666667	0.8209999999999127	BehavioralEpochs																-0.33352626064089463
4046.8311666666705	0.1430000000000291	BehavioralEpochs																-0.006564012761543836
4048.8226666666665	2.9273513921862104	trials	1.0	0.0625		1.0	4050.1722	4049.8731666666704	4049.4004764158503	4049.4011333333333	4032.501401	1.5779019999999946	0.8	4050.1720894350096	1.5	4051.25	4049.4003333333335	
4049.8731666666704	0.7419999999997344	BehavioralEpochs																-0.36382415368012744
4050.8441666666704	0.32799999999997453	BehavioralEpochs																-0.1081050486774302
4052.773833333333	4.6931283328267455	trials	1.0		0.25	-1.0	4054.8938	4054.2771666666704	4053.2504361090723	4053.251133333333	4038.2183	2.574000999999953	0.8	4054.8929456750648	0.0	4056.9669	4053.250233333333	
4054.2771666666704	2.980000000000018	BehavioralEpochs																-1.2104124123116549
4058.4972666666667	5.0027562796854	trials	1.0	0.125		1.0	4061.9253	4061.2441666666705	4059.083573145263	4059.0841	4044.2513	1.574800999999752	0.8	4061.925204544852	1.5	4062.9999	4059.0834	
4061.2441666666705	1.000999999999749	BehavioralEpochs																-0.30594156248565696
4062.6761666666703	0.13700000000017099	BehavioralEpochs																-0.017290236750795884
4064.5305333333336	3.6027279446639113	trials	1.0	0.0625		1.0	4066.5606333333335	4066.0671666666703	4065.050237075925	4065.0507333333335	4048.884501	1.572701999999481	0.8	4066.560547952269	1.5	4067.6332	4065.0500333333334	
4066.0671666666703	0.9220000000000255	BehavioralEpochs																-0.47251627989038525
4069.1592666666666	3.7075281458101017	trials	1.0	0.125		1.0	4071.2885	4070.8731666666704	4069.8335714219224	4069.8340333333335	4053.6180010000003	1.5784020000000965	0.8	4071.2883816813705	1.5	4072.3667	4069.8333666666667	
4070.8731666666704	1.4940000000001419	BehavioralEpochs																-0.43329335050555073
4073.886	2.713926119714415	trials	1.0	1.0		1.0	4075.0203		4074.3668042730937		4057.351101	1.5797019999999975	0.8	4075.020210080165	1.5	4076.0999	4074.3667	
4074.5711666666703	2.300999999999931	BehavioralEpochs																-0.699706882057626
4077.6366333333335	3.2964273694278745	trials	1.0	0.0625		1.0	4079.3555666666666		4078.11653702669		4061.684201	1.5776019999998425	0.8	4079.3554465613843	1.5	4080.433	4078.1164	
4078.86316666667	1.1640000000002146	BehavioralEpochs																-0.3089227959204095
4081.967866666667	2.9652257112438747	trials	1.0	0.25		1.0	4083.3553	4082.7771666666704	4082.533571381069	4082.5343333333335	4065.6842	1.5779010000001108	0.8	4083.355178228078	1.5	4084.4330333333332	4082.5334666666668	
4082.7771666666704	1.4760000000001128	BehavioralEpochs																-0.5679232923778272
4085.8011666666703	0.9290000000000873	BehavioralEpochs																0.19767899086502894
4085.9677	6.1819588898029	trials	1.0		0.125	-1.0	4089.5766	4089.1681666666705	4086.7999076584347	4086.8006333333333	4072.900701	2.5737019999996846	0.8	4089.5759332049565	0.0	4091.6496333333334	4086.7998	
4089.1681666666705	1.1649999999999636	BehavioralEpochs																-0.836913978213147
4092.0201666666703	1.7970000000000255	BehavioralEpochs																-1.2440094162658397
4093.2120666666665	6.304259149869267	trials	1.0	0.0625		1.0	4097.939633333333	4097.51616666667	4094.58327909709	4094.5839333333333	4080.2673010000003	1.5768020000000433	0.8	4097.939509522255	1.5	4099.0162666666665	4094.583166666667	
4097.51616666667	0.7250000000003638	BehavioralEpochs																-0.29718324787597794
4098.89416666667	1.3370000000004438	BehavioralEpochs																0.45889873518359536
4100.566133333334	2.5670247474190546	trials	1.0	1.0		1.0	4101.551166666667	4101.24716666667	4101.099938271537	4101.100566666667	4083.8841	1.582100999999966	0.8	4101.551042444679	1.5	4102.633133333334	4101.099766666666	
4101.24716666667	1.2229999999999563	BehavioralEpochs																-0.6016536215759629
4104.169366666667	3.1803260727356246	trials	1.0	0.0625		1.0	4105.7827	4105.45316666667	4104.899272421025	4104.8999	4088.1006	1.5671010000000933	0.8	4105.782579384751	1.5	4106.8496	4104.8991	
4105.45316666667	0.7380000000002838	BehavioralEpochs																-0.5656707553407614
4106.47716666667	1.3479999999999563	BehavioralEpochs																0.9260022591055304
4108.3975	3.2354525740965983	trials	1.0	0.125		1.0	4110.052333333333	4109.71116666667	4108.949508628573	4108.9502	4092.383801	1.5807019999997465	0.8	4110.052225865397	1.5	4111.132866666667	4108.9494	
4109.71116666667	1.8530000000000655	BehavioralEpochs																-0.6050608971362976
4112.662466666667	3.1539270584125916	trials	1.0	0.0625		1.0	4114.231866666667	4113.99116666667	4113.432872787656	4113.433533333333	4096.567201	1.5846019999999044	0.8	4114.231779135084	1.5	4115.316333333333	4113.432733333333	
4113.99116666667	0.8429999999998472	BehavioralEpochs																-0.4199464666397148
4115.13616666667	0.6810000000004948	BehavioralEpochs																0.45812081771856583
4116.8579	3.641427902703981	trials	1.0	0.0625		1.0	4118.9257	4118.57316666667	4117.5992052731535	4117.599833333334	4101.2501010000005	1.5737020000005941	0.8	4118.925614708351	1.5	4119.999233333333	4117.599	
4118.57316666667	2.425000000000182	BehavioralEpochs																-0.6844401773491313
4121.543933333333	2.521925529375949	trials	1.0	0.25		1.0	4122.482933333334	4122.05216666667	4122.066138205466	4122.066833333333	4104.816601	1.583002000000306	0.8	4122.482842093282	1.5	4123.565766666667	4122.065966666667	
4122.05216666667	1.2910000000001673	BehavioralEpochs																-0.5169944410495759
4124.82516666667	0.20899999999983265	BehavioralEpochs																0.04344980331813986
4125.116666666667	2.449324377438643	trials	1.0	1.0		1.0	4125.994466666667	4125.79616666667	4125.616071433207	4125.6168	4108.3167	1.5716010000005554	0.8	4125.994375043905	1.5	4127.0659	4125.6159	
4125.79616666667	1.2139999999999418	BehavioralEpochs																-0.6027327636619475
4127.31716666667	0.3649999999997817	BehavioralEpochs																0.046919581186159576
4128.6091	7.922960735151719	trials	1.0		0.125	-1.0	4133.9551	4133.45716666667	4129.132903883106	4129.133466666667	4117.282701	2.577802000000702	0.8	4133.954239625033	0.0	4136.032033333333	4129.132733333333	
4133.45716666667	1.6080000000001746	BehavioralEpochs																1.1771732547013016
4135.52816666667	0.24099999999998545	BehavioralEpochs																-0.08142457981472262
4136.25216666667	3.030999999999949	BehavioralEpochs																-0.707252177586895
4137.601966666667	8.513890947647269	trials	1.0	0.25		1.0	4144.579633333334	4144.28916666667	4139.69938857918	4139.700066666666	4126.866401	1.5363020000004326	0.8	4144.579539563853	1.5	4145.615766666667	4139.6992	
4144.28916666667	0.6660000000001673	BehavioralEpochs																-0.3276330804735039
4147.173766666667	6.358558308575084	trials	1.0	0.0625		1.0	4151.9982	4151.54916666667	4147.715471548958	4147.716066666667	4134.2828	1.5342009999994843	0.8	4151.998110147632	1.5	4153.0323	4147.715266666667	
4151.54916666667	2.0609999999996944	BehavioralEpochs																-0.44708042346610455
4154.570633333334	5.57815819206553	trials	1.0	0.0625		1.0	4158.589866666666	4158.27216666667	4155.199139664647	4155.199733333333	4140.899201	1.559001999999964	0.8	4158.589773820498	1.5	4159.6487	4155.199	
4158.27216666667	0.8699999999998909	BehavioralEpochs																-0.36215405581731375
4159.48716666667	0.9139999999997599	BehavioralEpochs																0.20896517291714645
4161.1886	4.459828983476655	trials	1.0		0.125	-1.0	4163.0803	4162.54916666667	4161.8824041977505	4161.882966666667	4146.398801	2.56890199999998	0.8	4163.079511440656	0.0	4165.148366666666	4161.8822	
4162.54916666667	1.933999999999287	BehavioralEpochs																-0.7148948221941964
4166.697933333333	2.634025821170326	trials	1.0	0.25		1.0	4167.756533333333	4167.55916666667	4167.232138164487	4167.232633333333	4150.082301	1.575502000000597	0.8	4167.756442906108	1.5	4168.8319	4167.232	
4167.55916666667	0.42700000000058935	BehavioralEpochs																-0.2802611315210015
4170.383766666667	6.248258061978049	trials	1.0	0.0625		1.0	4175.0491	4174.35316666667	4170.8656710676405	4170.866266666667	4157.3823	1.5830009999999675	0.8	4175.049009271817	1.5	4176.132	4170.8655	
4174.35316666667	1.0599999999994907	BehavioralEpochs																-0.4257086656402862
4177.683733333333	12.831425069638499	trials	1.0		0.0	-1.0	4187.9528666666665	4187.64016666667	4178.415240349413	4178.4159	4171.265301	2.5629020000005767	0.8	4187.952231821255	0.0	4190.015133333333	4178.415033333334	
4187.64016666667	2.454000000000633	BehavioralEpochs																-1.0529287998797372
4191.585266666667	11.712992727759229	trials	1.0		0.125	-1.0	4200.7238	4196.51016666667	4192.164971206497	4192.165533333334	4184.0483	2.575300999999854	0.8	4200.722938226358	0.0	4202.7981666666665	4192.164833333333	
4196.51016666667	0.47299999999995634	BehavioralEpochs																-0.2152801730246665
4200.43116666667	0.5330000000003565	BehavioralEpochs																-0.2135066496587683
4201.74016666667	0.16699999999946158	BehavioralEpochs																0.11619364334302418
4204.354566666667	36.909591049447954	trials	1.0	0.0		1.0	4239.6943	4239.46216666667	4205.048472100837	4205.049133333333	4222.013901	1.570002000000386	0.8	4239.694143420888	1.5	4244.6638	4205.048333333333	
4220.09716666667	0.2569999999996071	BehavioralEpochs																-0.0811752461848414
4239.46216666667	0.5410000000001673	BehavioralEpochs																-0.24905210741502515
4244.26216666667	3.136000000000422	BehavioralEpochs																1.2181424978408018
4247.69416666667	3.5659999999998035	BehavioralEpochs																-0.653911320806003
4265.61016666667	0.693000000000211	BehavioralEpochs																0.05766557696148311
4275.52716666667	1.41399999999976	BehavioralEpochs																-0.824741550075089
4278.77816666667	0.07600000000002183	BehavioralEpochs																0.011899587729601535
4312.94816666667	0.6400000000003274	BehavioralEpochs																-0.14783171366383385
4322.47216666667	3.0960000000004584	BehavioralEpochs																0.5987865641327517
4336.75316666667	1.9830000000001746	BehavioralEpochs																-3.3478628733614073
4344.836166666671	5.32799999999952	BehavioralEpochs																-1.2082247455088577
4351.62216666667	0.07400000000052387	BehavioralEpochs																-0.003928161883834491
4351.97916666667	0.25	BehavioralEpochs																-0.061373722562223065
4361.28916666667	1.030999999999949	BehavioralEpochs																0.5516944149216556
4370.80516666667	1.2270000000007713	BehavioralEpochs																0.19817370710353543
4408.18716666667	0.2539999999999054	BehavioralEpochs																-0.07194833301286963
4412.29416666667	1.5670000000000073	BehavioralEpochs																0.7365651515732452
4414.2511666666705	3.0579999999999927	BehavioralEpochs																-1.532725137763066
4417.6261666666705	0.24499999999989086	BehavioralEpochs																-0.07814812498980928
4419.0411666666705	1.0839999999998327	BehavioralEpochs																-0.3313301556551096
4420.58016666667	0.5289999999995416	BehavioralEpochs																-0.09437849175162683
4428.220166666671	0.06899999999950523	BehavioralEpochs																-0.014994192237963944
4433.22516666667	1.8880000000008295	BehavioralEpochs																0.13297839224583186
4456.53116666667	0.31300000000010186	BehavioralEpochs																-0.08634323840408342
4494.17416666667	0.35499999999956344	BehavioralEpochs																-0.14187784864259356
4529.002166666671	1.1619999999993524	BehavioralEpochs																1.1594521672844849
4530.399166666671	1.488999999999578	BehavioralEpochs																-0.7848741536413399
4535.41816666667	1.081000000000131	BehavioralEpochs																0.12087645262141677
4536.86616666667	0.41299999999955617	BehavioralEpochs																0.1292387093211005
4537.70016666667	0.31900000000041473	BehavioralEpochs																0.05917399642703458
4538.64216666667	0.3779999999997017	BehavioralEpochs																-0.09701241066443345
4587.64216666667	2.893000000000029	BehavioralEpochs																-2.935286041859854
4594.78616666667	0.1999999999998181	BehavioralEpochs																0.008539985580171106
4595.3311666666705	0.18699999999989814	BehavioralEpochs																0.09518943008606584
4607.4471666666705	3.842999999999847	BehavioralEpochs																-1.4502609978083
4612.16116666667	4.176000000000386	BehavioralEpochs																-0.6939945249761763
4617.6661666666705	3.6030000000000655	BehavioralEpochs																1.2744869738050966
4628.75316666667	1.7719999999999345	BehavioralEpochs																-0.38190066002147205
4635.912166666671	0.23799999999937427	BehavioralEpochs																0.04488850333893879
4664.70016666667	0.1390000000001237	BehavioralEpochs																-0.09124329970757117
4665.720166666671	1.4539999999997235	BehavioralEpochs																0.11022189713133912
4674.74916666667	0.1710000000002765	BehavioralEpochs																-0.0802060404038798
4732.80416666667	3.44800000000032	BehavioralEpochs																0.6343340889022215
4737.03116666667	0.06300000000010186	BehavioralEpochs																-0.024454067565216064
4738.520166666671	0.2680000000000291	BehavioralEpochs																0.10065459290649414
4739.17316666667	0.19000000000050932	BehavioralEpochs																0.018991006308169744
4747.6661666666705	0.43699999999989814	BehavioralEpochs																-0.04529455376354008
4749.890166666671	0.4169999999994616	BehavioralEpochs																0.03593014260900418
4752.55416666667	0.35500000000047294	BehavioralEpochs																0.12717025521163805
4754.48116666667	0.660000000000764	BehavioralEpochs																-0.09433206594252397
4819.05416666667	7.992000000000189	BehavioralEpochs																0.9128837435702053
4828.38016666667	0.13299999999981083	BehavioralEpochs																0.11676776441976244
4835.35316666667	0.05500000000029104	BehavioralEpochs																0.008207166033344038
4835.753166666671	0.15599999999994907	BehavioralEpochs																-0.02811700223145408
4836.24916666667	0.32400000000052387	BehavioralEpochs																-0.1260926292227964
4837.16516666667	0.06500000000050932	BehavioralEpochs																-0.018696445382602178
4840.600166666671	0.0929999999998472	BehavioralEpochs																-0.012544428996307033
4841.289166666671	0.19399999999950523	BehavioralEpochs																-0.01941978935104771
4845.472166666671	0.4039999999995416	BehavioralEpochs																-0.07882603805228428
4848.377166666671	0.2460000000000946	BehavioralEpochs																-0.02306483696287387
4878.293166666671	0.16599999999925785	BehavioralEpochs																0.01630727974736601
4904.423166666671	3.7539999999999054	BehavioralEpochs																0.8874116272075412
4908.827166666671	0.5829999999996289	BehavioralEpochs																0.08331536244241988
4909.760166666671	2.21100000000024	BehavioralEpochs																-0.18573470516912494
4912.8671666666705	0.5630000000001019	BehavioralEpochs																-0.11018628420981713
4914.144166666671	0.23499999999967258	BehavioralEpochs																-0.052674071808553435
4915.823166666671	0.7870000000002619	BehavioralEpochs																0.1369275183159857
4919.609166666671	0.5429999999996653	BehavioralEpochs																0.11056200168934538
4927.63416666667	0.13799999999991996	BehavioralEpochs																-0.013219851098426716
4934.510166666671	0.5150000000003274	BehavioralEpochs																0.07356976031343265
4936.057166666671	0.23399999999946886	BehavioralEpochs																-0.05484101534693764
4936.642166666671	1.8209999999999127	BehavioralEpochs																-0.4939626047574279
4940.654166666671	0.15099999999983993	BehavioralEpochs																0.05321268606940066
4942.73616666667	0.07200000000011642	BehavioralEpochs																-0.04099052149143745
4946.952166666671	0.1639999999997599	BehavioralEpochs																-0.06655141626777095
4947.662166666671	0.34100000000034925	BehavioralEpochs																0.08886212616215516
4954.989166666671	2.5919999999996435	BehavioralEpochs																-0.7520435811214838
4957.873166666671	2.3059999999995853	BehavioralEpochs																0.8087703797717722
4960.95516666667	0.9750000000003638	BehavioralEpochs																0.46888219344219806
4966.793166666671	0.9299999999993815	BehavioralEpochs																0.16802185110992696
4968.58916666667	2.1200000000008004	BehavioralEpochs																1.8877282419220478
4970.935166666671	6.4539999999997235	BehavioralEpochs																3.589419471179667
4983.752166666671	0.37299999999959255	BehavioralEpochs																-0.09623937526566806
4984.704166666671	1.4809999999997672	BehavioralEpochs																0.25461491213872023
4992.611166666671	0.7039999999997235	BehavioralEpochs																0.08068270262316446
4993.694166666671	0.13400000000001455	BehavioralEpochs																-0.010310107218685971
4994.961166666671	0.10100000000056752	BehavioralEpochs																0.01220323425678771
5003.2061666666705	0.0929999999998472	BehavioralEpochs																-0.016319357531756395
5041.95116666667	3.4840000000003783	BehavioralEpochs																-0.7412599733435741
5046.186166666671	0.42299999999977445	BehavioralEpochs																0.02198635268007365
5051.168166666671	0.2899999999999636	BehavioralEpochs																0.034631071758553844
5099.878166666671	3.532999999999447	BehavioralEpochs																1.122332567883518
5104.627166666671	0.7120000000004438	BehavioralEpochs																0.25567901371294965
5107.821166666671	0.27299999999922875	BehavioralEpochs																-0.08996109674455965
5110.4251666666705	0.3250000000007276	BehavioralEpochs																-0.030347664619796433
5111.173166666671	0.35899999999946886	BehavioralEpochs																0.2986520525926153
5112.318166666671	0.40900000000056025	BehavioralEpochs																-0.08700337733773722
5118.02716666667	5.6580000000003565	BehavioralEpochs																-1.0926452829194204
5127.459166666671	0.2640000000001237	BehavioralEpochs																0.04375878234412767
5129.357166666671	0.15399999999954161	BehavioralEpochs																-0.02680102770710846
5133.725166666671	0.1000000000003638	BehavioralEpochs																0.009132421953097491
5134.109166666671	0.32300000000032014	BehavioralEpochs																0.0352045753095922
5135.0321666666705	0.2070000000003347	BehavioralEpochs																-0.01357922126169342
5141.435166666671	0.805000000000291	BehavioralEpochs																-0.14329084017924743
5142.754166666671	1.8209999999999127	BehavioralEpochs																0.5421365043997639
5145.8581666666705	0.1680000000005748	BehavioralEpochs																-0.046519545239789295
5147.089166666671	0.14399999999932334	BehavioralEpochs																-0.03133921061521505
5150.9471666666705	0.10800000000017462	BehavioralEpochs																-0.014891246783747647
5156.9071666666705	0.8670000000001892	BehavioralEpochs																-0.08215439360407117
5159.879166666671	0.5959999999995489	BehavioralEpochs																-0.07064935615505874
5164.515166666671	0.2460000000000946	BehavioralEpochs																0.0460124225738241
5171.037166666671	1.7139999999999418	BehavioralEpochs																-0.5991761828486801
5173.402166666671	0.09499999999934516	BehavioralEpochs																0.005531186114467346
5177.5141666666705	0.13500000000021828	BehavioralEpochs																0.06105347183330423
5184.240166666671	2.6130000000002838	BehavioralEpochs																1.0440063321381672
5188.737166666671	0.20899999999983265	BehavioralEpochs																0.012284572651196868
5204.035166666671	0.11499999999978172	BehavioralEpochs																0.016139764716797345
5207.575166666671	1.443000000000211	BehavioralEpochs																1.3242643960642795
5213.103166666671	0.0999999999994543	BehavioralEpochs																0.05292653987049789
